This is XeTeX, Version 3.141592653-2.6-0.999997 (TeX Live 2025) (preloaded format=xelatex 2025.10.28)  8 MAY 2026 01:12
entering extended mode
 restricted \write18 enabled.
 file:line:error style messages enabled.
 %&-line parsing enabled.
**拓扑学基础笔记b5
(./拓扑学基础笔记b5.tex
LaTeX2e <2024-11-01> patch level 2
L3 programming layer <2025-01-18>
(f:/texlive/2025/texmf-dist/tex/latex/ctex/ctexbook.cls (f:/texlive/2025/texmf-dist/tex/latex/ctex/config/ctexbackend.cfg
File: ctexbackend.cfg 2022/07/14 v2.5.10 Backend configuration file (CTEX)
) (f:/texlive/2025/texmf-dist/tex/latex/l3kernel/expl3.sty
Package: expl3 2025-01-18 L3 programming layer (loader) 
 (f:/texlive/2025/texmf-dist/tex/latex/l3backend/l3backend-xetex.def
File: l3backend-xetex.def 2024-05-08 L3 backend support: XeTeX
\g__graphics_track_int=\count192
\l__pdf_internal_box=\box52
\g__pdf_backend_annotation_int=\count193
\g__pdf_backend_link_int=\count194
))
Document Class: ctexbook 2022/07/14 v2.5.10 Chinese adapter for class book (CTEX)
(f:/texlive/2025/texmf-dist/tex/latex/ctex/ctexhook.sty
Package: ctexhook 2022/07/14 v2.5.10 Document and package hooks (CTEX)
) (f:/texlive/2025/texmf-dist/tex/latex/ctex/ctexpatch.sty
Package: ctexpatch 2022/07/14 v2.5.10 Patching commands (CTEX)
) (f:/texlive/2025/texmf-dist/tex/latex/base/fix-cm.sty
Package: fix-cm 2020/11/24 v1.1t fixes to LaTeX
 (f:/texlive/2025/texmf-dist/tex/latex/base/ts1enc.def
File: ts1enc.def 2001/06/05 v3.0e (jk/car/fm) Standard LaTeX file
LaTeX Font Info:    Redeclaring font encoding TS1 on input line 47.
))
\l__ctex_tmp_int=\count195
\l__ctex_tmp_box=\box53
\l__ctex_tmp_dim=\dimen141
\g__ctex_section_depth_int=\count196
\g__ctex_font_size_int=\count197
 (f:/texlive/2025/texmf-dist/tex/latex/ctex/config/ctexopts.cfg
File: ctexopts.cfg 2022/07/14 v2.5.10 Option configuration file (CTEX)
) (f:/texlive/2025/texmf-dist/tex/latex/base/book.cls
Document Class: book 2024/06/29 v1.4n Standard LaTeX document class
(f:/texlive/2025/texmf-dist/tex/latex/base/bk10.clo
File: bk10.clo 2024/06/29 v1.4n Standard LaTeX file (size option)
)
\c@part=\count198
\c@chapter=\count199
\c@section=\count266
\c@subsection=\count267
\c@subsubsection=\count268
\c@paragraph=\count269
\c@subparagraph=\count270
\c@figure=\count271
\c@table=\count272
\abovecaptionskip=\skip49
\belowcaptionskip=\skip50
\bibindent=\dimen142
) (f:/texlive/2025/texmf-dist/tex/latex/ctex/engine/ctex-engine-xetex.def
File: ctex-engine-xetex.def 2022/07/14 v2.5.10 XeLaTeX adapter (CTEX)
 (f:/texlive/2025/texmf-dist/tex/xelatex/xecjk/xeCJK.sty
Package: xeCJK 2022/08/05 v3.9.1 Typesetting CJK scripts with XeLaTeX
 (f:/texlive/2025/texmf-dist/tex/latex/l3packages/xtemplate/xtemplate.sty
Package: xtemplate 2024-08-16 L3 Experimental prototype document functions
)
\l__xeCJK_tmp_int=\count273
\l__xeCJK_tmp_box=\box54
\l__xeCJK_tmp_dim=\dimen143
\l__xeCJK_tmp_skip=\skip51
\g__xeCJK_space_factor_int=\count274
\l__xeCJK_begin_int=\count275
\l__xeCJK_end_int=\count276
\c__xeCJK_CJK_class_int=\XeTeXcharclass1
\c__xeCJK_FullLeft_class_int=\XeTeXcharclass2
\c__xeCJK_FullRight_class_int=\XeTeXcharclass3
\c__xeCJK_HalfLeft_class_int=\XeTeXcharclass4
\c__xeCJK_HalfRight_class_int=\XeTeXcharclass5
\c__xeCJK_NormalSpace_class_int=\XeTeXcharclass6
\c__xeCJK_CM_class_int=\XeTeXcharclass7
\c__xeCJK_HangulJamo_class_int=\XeTeXcharclass8
\l__xeCJK_last_skip=\skip52
\c__xeCJK_none_node=\count277
\g__xeCJK_node_int=\count278
\c__xeCJK_CJK_node_dim=\dimen144
\c__xeCJK_CJK-space_node_dim=\dimen145
\c__xeCJK_default_node_dim=\dimen146
\c__xeCJK_CJK-widow_node_dim=\dimen147
\c__xeCJK_normalspace_node_dim=\dimen148
\c__xeCJK_default-space_node_skip=\skip53
\l__xeCJK_ccglue_skip=\skip54
\l__xeCJK_ecglue_skip=\skip55
\l__xeCJK_punct_kern_skip=\skip56
\l__xeCJK_indent_box=\box55
\l__xeCJK_last_penalty_int=\count279
\l__xeCJK_last_bound_dim=\dimen149
\l__xeCJK_last_kern_dim=\dimen150
\l__xeCJK_widow_penalty_int=\count280

LaTeX template Info: Declaring template type 'xeCJK/punctuation' taking 0
(template)           argument(s) on line 2396.

\l__xeCJK_fixed_punct_width_dim=\dimen151
\l__xeCJK_mixed_punct_width_dim=\dimen152
\l__xeCJK_middle_punct_width_dim=\dimen153
\l__xeCJK_fixed_margin_width_dim=\dimen154
\l__xeCJK_mixed_margin_width_dim=\dimen155
\l__xeCJK_middle_margin_width_dim=\dimen156
\l__xeCJK_bound_punct_width_dim=\dimen157
\l__xeCJK_bound_margin_width_dim=\dimen158
\l__xeCJK_margin_minimum_dim=\dimen159
\l__xeCJK_kerning_total_width_dim=\dimen160
\l__xeCJK_same_align_margin_dim=\dimen161
\l__xeCJK_different_align_margin_dim=\dimen162
\l__xeCJK_kerning_margin_width_dim=\dimen163
\l__xeCJK_kerning_margin_minimum_dim=\dimen164
\l__xeCJK_bound_dim=\dimen165
\l__xeCJK_reverse_bound_dim=\dimen166
\l__xeCJK_margin_dim=\dimen167
\l__xeCJK_minimum_bound_dim=\dimen168
\l__xeCJK_kerning_margin_dim=\dimen169
\g__xeCJK_family_int=\count281
\l__xeCJK_fam_int=\count282
\g__xeCJK_fam_allocation_int=\count283
\l__xeCJK_verb_case_int=\count284
\l__xeCJK_verb_exspace_skip=\skip57
 (f:/texlive/2025/texmf-dist/tex/latex/fontspec/fontspec.sty (f:/texlive/2025/texmf-dist/tex/latex/l3packages/xparse/xparse.sty
Package: xparse 2024-08-16 L3 Experimental document command parser
)
Package: fontspec 2024/05/11 v2.9e Font selection for XeLaTeX and LuaLaTeX
 (f:/texlive/2025/texmf-dist/tex/latex/fontspec/fontspec-xetex.sty
Package: fontspec-xetex 2024/05/11 v2.9e Font selection for XeLaTeX and LuaLaTeX
\l__fontspec_script_int=\count285
\l__fontspec_language_int=\count286
\l__fontspec_strnum_int=\count287
\l__fontspec_tmp_int=\count288
\l__fontspec_tmpa_int=\count289
\l__fontspec_tmpb_int=\count290
\l__fontspec_tmpc_int=\count291
\l__fontspec_em_int=\count292
\l__fontspec_emdef_int=\count293
\l__fontspec_strong_int=\count294
\l__fontspec_strongdef_int=\count295
\l__fontspec_tmpa_dim=\dimen170
\l__fontspec_tmpb_dim=\dimen171
\l__fontspec_tmpc_dim=\dimen172
 (f:/texlive/2025/texmf-dist/tex/latex/base/fontenc.sty
Package: fontenc 2021/04/29 v2.0v Standard LaTeX package
) (f:/texlive/2025/texmf-dist/tex/latex/fontspec/fontspec.cfg))) (f:/texlive/2025/texmf-dist/tex/xelatex/xecjk/xeCJK.cfg
File: xeCJK.cfg 2022/08/05 v3.9.1 Configuration file for xeCJK package
))
\ccwd=\dimen173
\l__ctex_ccglue_skip=\skip58
)
\l__ctex_ziju_dim=\dimen174
 (f:/texlive/2025/texmf-dist/tex/latex/zhnumber/zhnumber.sty
Package: zhnumber 2022/07/14 v3.0 Typesetting numbers with Chinese glyphs
\l__zhnum_scale_int=\count296
\l__zhnum_tmp_int=\count297
 (f:/texlive/2025/texmf-dist/tex/latex/zhnumber/zhnumber-utf8.cfg
File: zhnumber-utf8.cfg 2022/07/14 v3.0 Chinese numerals with UTF8 encoding
))
\l__ctex_heading_skip=\skip59
 (f:/texlive/2025/texmf-dist/tex/latex/ctex/scheme/ctex-scheme-chinese-book.def
File: ctex-scheme-chinese-book.def 2022/07/14 v2.5.10 Chinese scheme for book (CTEX)
 (f:/texlive/2025/texmf-dist/tex/latex/ctex/config/ctex-name-utf8.cfg
File: ctex-name-utf8.cfg 2022/07/14 v2.5.10 Caption with encoding UTF-8 (CTEX)
)) (f:/texlive/2025/texmf-dist/tex/latex/ctex/fontset/ctex-fontset-windows.def
File: ctex-fontset-windows.def 2022/07/14 v2.5.10 Windows fonts definition (CTEX)

Package fontspec Info: 
(fontspec)             Could not resolve font "KaiTi/B" (it probably doesn't
(fontspec)             exist).


Package fontspec Info: 
(fontspec)             Could not resolve font "SimHei/I" (it probably doesn't
(fontspec)             exist).


Package fontspec Info: 
(fontspec)             Could not resolve font "SimSun/BI" (it probably doesn't
(fontspec)             exist).


Package fontspec Info: 
(fontspec)             Font family 'SimSun(0)' created for font 'SimSun' with
(fontspec)             options
(fontspec)             [Script={CJK},BoldFont={SimHei},ItalicFont={KaiTi}].
(fontspec)              
(fontspec)              This font family consists of the following NFSS
(fontspec)             series/shapes:
(fontspec)              
(fontspec)             - 'normal' (m/n) with NFSS spec.:
(fontspec)             <->"SimSun/OT:script=hani;language=dflt;"
(fontspec)             - 'bold' (b/n) with NFSS spec.:
(fontspec)             <->"SimHei/OT:script=hani;language=dflt;"
(fontspec)             - 'italic' (m/it) with NFSS spec.:
(fontspec)             <->"KaiTi/OT:script=hani;language=dflt;"

)) (f:/texlive/2025/texmf-dist/tex/latex/ctex/config/ctex.cfg
File: ctex.cfg 2022/07/14 v2.5.10 Configuration file (CTEX)
) (./rainbow.sty
Package: rainbow 2026/03/04 (1.0)Rainbow theorem environments (tcolorbox)
 (f:/texlive/2025/texmf-dist/tex/latex/xcolor/xcolor.sty
Package: xcolor 2024/09/29 v3.02 LaTeX color extensions (UK)
 (f:/texlive/2025/texmf-dist/tex/latex/graphics-cfg/color.cfg
File: color.cfg 2016/01/02 v1.6 sample color configuration
)
Package xcolor Info: Driver file: xetex.def on input line 274.
 (f:/texlive/2025/texmf-dist/tex/latex/graphics-def/xetex.def
File: xetex.def 2022/09/22 v5.0n Graphics/color driver for xetex
) (f:/texlive/2025/texmf-dist/tex/latex/graphics/mathcolor.ltx)
Package xcolor Info: Model `cmy' substituted by `cmy0' on input line 1349.
Package xcolor Info: Model `RGB' extended on input line 1365.
Package xcolor Info: Model `HTML' substituted by `rgb' on input line 1367.
Package xcolor Info: Model `Hsb' substituted by `hsb' on input line 1368.
Package xcolor Info: Model `tHsb' substituted by `hsb' on input line 1369.
Package xcolor Info: Model `HSB' substituted by `hsb' on input line 1370.
Package xcolor Info: Model `Gray' substituted by `gray' on input line 1371.
Package xcolor Info: Model `wave' substituted by `hsb' on input line 1372.
) (f:/texlive/2025/texmf-dist/tex/latex/tcolorbox/tcolorbox.sty
Package: tcolorbox 2024/10/22 version 6.4.1 text color boxes
 (f:/texlive/2025/texmf-dist/tex/latex/pgf/frontendlayer/tikz.sty (f:/texlive/2025/texmf-dist/tex/latex/pgf/basiclayer/pgf.sty (f:/texlive/2025/texmf-dist/tex/latex/pgf/utilities/pgfrcs.sty (f:/texlive/2025/texmf-dist/tex/generic/pgf/utilities/pgfutil-common.tex
\pgfutil@everybye=\toks17
\pgfutil@tempdima=\dimen175
\pgfutil@tempdimb=\dimen176
) (f:/texlive/2025/texmf-dist/tex/generic/pgf/utilities/pgfutil-latex.def
\pgfutil@abb=\box56
) (f:/texlive/2025/texmf-dist/tex/generic/pgf/utilities/pgfrcs.code.tex (f:/texlive/2025/texmf-dist/tex/generic/pgf/pgf.revision.tex)
Package: pgfrcs 2023-01-15 v3.1.10 (3.1.10)
))
Package: pgf 2023-01-15 v3.1.10 (3.1.10)
 (f:/texlive/2025/texmf-dist/tex/latex/pgf/basiclayer/pgfcore.sty (f:/texlive/2025/texmf-dist/tex/latex/graphics/graphicx.sty
Package: graphicx 2021/09/16 v1.2d Enhanced LaTeX Graphics (DPC,SPQR)
 (f:/texlive/2025/texmf-dist/tex/latex/graphics/keyval.sty
Package: keyval 2022/05/29 v1.15 key=value parser (DPC)
\KV@toks@=\toks18
) (f:/texlive/2025/texmf-dist/tex/latex/graphics/graphics.sty
Package: graphics 2024/08/06 v1.4g Standard LaTeX Graphics (DPC,SPQR)
 (f:/texlive/2025/texmf-dist/tex/latex/graphics/trig.sty
Package: trig 2023/12/02 v1.11 sin cos tan (DPC)
) (f:/texlive/2025/texmf-dist/tex/latex/graphics-cfg/graphics.cfg
File: graphics.cfg 2016/06/04 v1.11 sample graphics configuration
)
Package graphics Info: Driver file: xetex.def on input line 106.
)
\Gin@req@height=\dimen177
\Gin@req@width=\dimen178
) (f:/texlive/2025/texmf-dist/tex/latex/pgf/systemlayer/pgfsys.sty (f:/texlive/2025/texmf-dist/tex/generic/pgf/systemlayer/pgfsys.code.tex
Package: pgfsys 2023-01-15 v3.1.10 (3.1.10)
 (f:/texlive/2025/texmf-dist/tex/generic/pgf/utilities/pgfkeys.code.tex
\pgfkeys@pathtoks=\toks19
\pgfkeys@temptoks=\toks20
 (f:/texlive/2025/texmf-dist/tex/generic/pgf/utilities/pgfkeyslibraryfiltered.code.tex
\pgfkeys@tmptoks=\toks21
))
\pgf@x=\dimen179
\pgf@y=\dimen180
\pgf@xa=\dimen181
\pgf@ya=\dimen182
\pgf@xb=\dimen183
\pgf@yb=\dimen184
\pgf@xc=\dimen185
\pgf@yc=\dimen186
\pgf@xd=\dimen187
\pgf@yd=\dimen188
\w@pgf@writea=\write3
\r@pgf@reada=\read2
\c@pgf@counta=\count298
\c@pgf@countb=\count299
\c@pgf@countc=\count300
\c@pgf@countd=\count301
\t@pgf@toka=\toks22
\t@pgf@tokb=\toks23
\t@pgf@tokc=\toks24
\pgf@sys@id@count=\count302
 (f:/texlive/2025/texmf-dist/tex/generic/pgf/systemlayer/pgf.cfg
File: pgf.cfg 2023-01-15 v3.1.10 (3.1.10)
)
Driver file for pgf: pgfsys-xetex.def
 (f:/texlive/2025/texmf-dist/tex/generic/pgf/systemlayer/pgfsys-xetex.def
File: pgfsys-xetex.def 2023-01-15 v3.1.10 (3.1.10)
 (f:/texlive/2025/texmf-dist/tex/generic/pgf/systemlayer/pgfsys-dvipdfmx.def
File: pgfsys-dvipdfmx.def 2023-01-15 v3.1.10 (3.1.10)
 (f:/texlive/2025/texmf-dist/tex/generic/pgf/systemlayer/pgfsys-common-pdf.def
File: pgfsys-common-pdf.def 2023-01-15 v3.1.10 (3.1.10)
)
\pgfsys@objnum=\count303
))) (f:/texlive/2025/texmf-dist/tex/generic/pgf/systemlayer/pgfsyssoftpath.code.tex
File: pgfsyssoftpath.code.tex 2023-01-15 v3.1.10 (3.1.10)
\pgfsyssoftpath@smallbuffer@items=\count304
\pgfsyssoftpath@bigbuffer@items=\count305
) (f:/texlive/2025/texmf-dist/tex/generic/pgf/systemlayer/pgfsysprotocol.code.tex
File: pgfsysprotocol.code.tex 2023-01-15 v3.1.10 (3.1.10)
)) (f:/texlive/2025/texmf-dist/tex/generic/pgf/basiclayer/pgfcore.code.tex
Package: pgfcore 2023-01-15 v3.1.10 (3.1.10)
 (f:/texlive/2025/texmf-dist/tex/generic/pgf/math/pgfmath.code.tex (f:/texlive/2025/texmf-dist/tex/generic/pgf/math/pgfmathutil.code.tex) (f:/texlive/2025/texmf-dist/tex/generic/pgf/math/pgfmathparser.code.tex
\pgfmath@dimen=\dimen189
\pgfmath@count=\count306
\pgfmath@box=\box57
\pgfmath@toks=\toks25
\pgfmath@stack@operand=\toks26
\pgfmath@stack@operation=\toks27
) (f:/texlive/2025/texmf-dist/tex/generic/pgf/math/pgfmathfunctions.code.tex) (f:/texlive/2025/texmf-dist/tex/generic/pgf/math/pgfmathfunctions.basic.code.tex) (f:/texlive/2025/texmf-dist/tex/generic/pgf/math/pgfmathfunctions.trigonometric.code.tex) (f:/texlive/2025/texmf-dist/tex/generic/pgf/math/pgfmathfunctions.random.code.tex) (f:/texlive/2025/texmf-dist/tex/generic/pgf/math/pgfmathfunctions.comparison.code.tex) (f:/texlive/2025/texmf-dist/tex/generic/pgf/math/pgfmathfunctions.base.code.tex) (f:/texlive/2025/texmf-dist/tex/generic/pgf/math/pgfmathfunctions.round.code.tex) (f:/texlive/2025/texmf-dist/tex/generic/pgf/math/pgfmathfunctions.misc.code.tex) (f:/texlive/2025/texmf-dist/tex/generic/pgf/math/pgfmathfunctions.integerarithmetics.code.tex) (f:/texlive/2025/texmf-dist/tex/generic/pgf/math/pgfmathcalc.code.tex) (f:/texlive/2025/texmf-dist/tex/generic/pgf/math/pgfmathfloat.code.tex
\c@pgfmathroundto@lastzeros=\count307
)) (f:/texlive/2025/texmf-dist/tex/generic/pgf/math/pgfint.code.tex) (f:/texlive/2025/texmf-dist/tex/generic/pgf/basiclayer/pgfcorepoints.code.tex
File: pgfcorepoints.code.tex 2023-01-15 v3.1.10 (3.1.10)
\pgf@picminx=\dimen190
\pgf@picmaxx=\dimen191
\pgf@picminy=\dimen192
\pgf@picmaxy=\dimen193
\pgf@pathminx=\dimen194
\pgf@pathmaxx=\dimen195
\pgf@pathminy=\dimen196
\pgf@pathmaxy=\dimen197
\pgf@xx=\dimen198
\pgf@xy=\dimen199
\pgf@yx=\dimen256
\pgf@yy=\dimen257
\pgf@zx=\dimen258
\pgf@zy=\dimen259
) (f:/texlive/2025/texmf-dist/tex/generic/pgf/basiclayer/pgfcorepathconstruct.code.tex
File: pgfcorepathconstruct.code.tex 2023-01-15 v3.1.10 (3.1.10)
\pgf@path@lastx=\dimen260
\pgf@path@lasty=\dimen261
) (f:/texlive/2025/texmf-dist/tex/generic/pgf/basiclayer/pgfcorepathusage.code.tex
File: pgfcorepathusage.code.tex 2023-01-15 v3.1.10 (3.1.10)
\pgf@shorten@end@additional=\dimen262
\pgf@shorten@start@additional=\dimen263
) (f:/texlive/2025/texmf-dist/tex/generic/pgf/basiclayer/pgfcorescopes.code.tex
File: pgfcorescopes.code.tex 2023-01-15 v3.1.10 (3.1.10)
\pgfpic=\box58
\pgf@hbox=\box59
\pgf@layerbox@main=\box60
\pgf@picture@serial@count=\count308
) (f:/texlive/2025/texmf-dist/tex/generic/pgf/basiclayer/pgfcoregraphicstate.code.tex
File: pgfcoregraphicstate.code.tex 2023-01-15 v3.1.10 (3.1.10)
\pgflinewidth=\dimen264
) (f:/texlive/2025/texmf-dist/tex/generic/pgf/basiclayer/pgfcoretransformations.code.tex
File: pgfcoretransformations.code.tex 2023-01-15 v3.1.10 (3.1.10)
\pgf@pt@x=\dimen265
\pgf@pt@y=\dimen266
\pgf@pt@temp=\dimen267
) (f:/texlive/2025/texmf-dist/tex/generic/pgf/basiclayer/pgfcorequick.code.tex
File: pgfcorequick.code.tex 2023-01-15 v3.1.10 (3.1.10)
) (f:/texlive/2025/texmf-dist/tex/generic/pgf/basiclayer/pgfcoreobjects.code.tex
File: pgfcoreobjects.code.tex 2023-01-15 v3.1.10 (3.1.10)
) (f:/texlive/2025/texmf-dist/tex/generic/pgf/basiclayer/pgfcorepathprocessing.code.tex
File: pgfcorepathprocessing.code.tex 2023-01-15 v3.1.10 (3.1.10)
) (f:/texlive/2025/texmf-dist/tex/generic/pgf/basiclayer/pgfcorearrows.code.tex
File: pgfcorearrows.code.tex 2023-01-15 v3.1.10 (3.1.10)
\pgfarrowsep=\dimen268
) (f:/texlive/2025/texmf-dist/tex/generic/pgf/basiclayer/pgfcoreshade.code.tex
File: pgfcoreshade.code.tex 2023-01-15 v3.1.10 (3.1.10)
\pgf@max=\dimen269
\pgf@sys@shading@range@num=\count309
\pgf@shadingcount=\count310
) (f:/texlive/2025/texmf-dist/tex/generic/pgf/basiclayer/pgfcoreimage.code.tex
File: pgfcoreimage.code.tex 2023-01-15 v3.1.10 (3.1.10)
) (f:/texlive/2025/texmf-dist/tex/generic/pgf/basiclayer/pgfcoreexternal.code.tex
File: pgfcoreexternal.code.tex 2023-01-15 v3.1.10 (3.1.10)
\pgfexternal@startupbox=\box61
) (f:/texlive/2025/texmf-dist/tex/generic/pgf/basiclayer/pgfcorelayers.code.tex
File: pgfcorelayers.code.tex 2023-01-15 v3.1.10 (3.1.10)
) (f:/texlive/2025/texmf-dist/tex/generic/pgf/basiclayer/pgfcoretransparency.code.tex
File: pgfcoretransparency.code.tex 2023-01-15 v3.1.10 (3.1.10)
) (f:/texlive/2025/texmf-dist/tex/generic/pgf/basiclayer/pgfcorepatterns.code.tex
File: pgfcorepatterns.code.tex 2023-01-15 v3.1.10 (3.1.10)
) (f:/texlive/2025/texmf-dist/tex/generic/pgf/basiclayer/pgfcorerdf.code.tex
File: pgfcorerdf.code.tex 2023-01-15 v3.1.10 (3.1.10)
))) (f:/texlive/2025/texmf-dist/tex/generic/pgf/modules/pgfmoduleshapes.code.tex
File: pgfmoduleshapes.code.tex 2023-01-15 v3.1.10 (3.1.10)
\pgfnodeparttextbox=\box62
) (f:/texlive/2025/texmf-dist/tex/generic/pgf/modules/pgfmoduleplot.code.tex
File: pgfmoduleplot.code.tex 2023-01-15 v3.1.10 (3.1.10)
) (f:/texlive/2025/texmf-dist/tex/latex/pgf/compatibility/pgfcomp-version-0-65.sty
Package: pgfcomp-version-0-65 2023-01-15 v3.1.10 (3.1.10)
\pgf@nodesepstart=\dimen270
\pgf@nodesepend=\dimen271
) (f:/texlive/2025/texmf-dist/tex/latex/pgf/compatibility/pgfcomp-version-1-18.sty
Package: pgfcomp-version-1-18 2023-01-15 v3.1.10 (3.1.10)
)) (f:/texlive/2025/texmf-dist/tex/latex/pgf/utilities/pgffor.sty (f:/texlive/2025/texmf-dist/tex/latex/pgf/utilities/pgfkeys.sty (f:/texlive/2025/texmf-dist/tex/generic/pgf/utilities/pgfkeys.code.tex)) (f:/texlive/2025/texmf-dist/tex/latex/pgf/math/pgfmath.sty (f:/texlive/2025/texmf-dist/tex/generic/pgf/math/pgfmath.code.tex)) (f:/texlive/2025/texmf-dist/tex/generic/pgf/utilities/pgffor.code.tex
Package: pgffor 2023-01-15 v3.1.10 (3.1.10)
\pgffor@iter=\dimen272
\pgffor@skip=\dimen273
\pgffor@stack=\toks28
\pgffor@toks=\toks29
)) (f:/texlive/2025/texmf-dist/tex/generic/pgf/frontendlayer/tikz/tikz.code.tex
Package: tikz 2023-01-15 v3.1.10 (3.1.10)
 (f:/texlive/2025/texmf-dist/tex/generic/pgf/libraries/pgflibraryplothandlers.code.tex
File: pgflibraryplothandlers.code.tex 2023-01-15 v3.1.10 (3.1.10)
\pgf@plot@mark@count=\count311
\pgfplotmarksize=\dimen274
)
\tikz@lastx=\dimen275
\tikz@lasty=\dimen276
\tikz@lastxsaved=\dimen277
\tikz@lastysaved=\dimen278
\tikz@lastmovetox=\dimen279
\tikz@lastmovetoy=\dimen280
\tikzleveldistance=\dimen281
\tikzsiblingdistance=\dimen282
\tikz@figbox=\box63
\tikz@figbox@bg=\box64
\tikz@tempbox=\box65
\tikz@tempbox@bg=\box66
\tikztreelevel=\count312
\tikznumberofchildren=\count313
\tikznumberofcurrentchild=\count314
\tikz@fig@count=\count315
 (f:/texlive/2025/texmf-dist/tex/generic/pgf/modules/pgfmodulematrix.code.tex
File: pgfmodulematrix.code.tex 2023-01-15 v3.1.10 (3.1.10)
\pgfmatrixcurrentrow=\count316
\pgfmatrixcurrentcolumn=\count317
\pgf@matrix@numberofcolumns=\count318
)
\tikz@expandcount=\count319
 (f:/texlive/2025/texmf-dist/tex/generic/pgf/frontendlayer/tikz/libraries/tikzlibrarytopaths.code.tex
File: tikzlibrarytopaths.code.tex 2023-01-15 v3.1.10 (3.1.10)
))) (f:/texlive/2025/texmf-dist/tex/latex/tools/verbatim.sty
Package: verbatim 2024-01-22 v1.5x LaTeX2e package for verbatim enhancements
\every@verbatim=\toks30
\verbatim@line=\toks31
\verbatim@in@stream=\read3
) (f:/texlive/2025/texmf-dist/tex/latex/environ/environ.sty
Package: environ 2014/05/04 v0.3 A new way to define environments
 (f:/texlive/2025/texmf-dist/tex/latex/trimspaces/trimspaces.sty
Package: trimspaces 2009/09/17 v1.1 Trim spaces around a token list
)
\@envbody=\toks32
) (f:/texlive/2025/texmf-dist/tex/latex/etoolbox/etoolbox.sty
Package: etoolbox 2025/02/11 v2.5l e-TeX tools for LaTeX (JAW)
\etb@tempcnta=\count320
)
\tcb@titlebox=\box67
\tcb@upperbox=\box68
\tcb@lowerbox=\box69
\tcb@phantombox=\box70
\c@tcbbreakpart=\count321
\c@tcblayer=\count322
\c@tcolorbox@number=\count323
\l__tcobox_tmpa_box=\box71
\l__tcobox_tmpa_dim=\dimen283
\tcb@temp=\box72
\tcb@temp=\box73
\tcb@temp=\box74
\tcb@temp=\box75
) (f:/texlive/2025/texmf-dist/tex/latex/tcolorbox/tcbskins.code.tex
Library (tcolorbox): 'tcbskins.code.tex' version '6.4.1'
(f:/texlive/2025/texmf-dist/tex/latex/tikzfill/tikzfill.image.sty
Package: tikzfill.image 2023/08/08 v1.0.1 Image filling library for TikZ
 (f:/texlive/2025/texmf-dist/tex/latex/tikzfill/tikzfill-common.sty
Package: tikzfill-common 2023/08/08 v1.0.1 Auxiliary code for tikzfill
) (f:/texlive/2025/texmf-dist/tex/latex/tikzfill/tikzlibraryfill.image.code.tex
File: tikzlibraryfill.image.code.tex 2023/08/08 v1.0.1 Image filling library
\l__tikzfill_img_box=\box76
)) (f:/texlive/2025/texmf-dist/tex/latex/tcolorbox/tcbskinsjigsaw.code.tex
Library (tcolorbox): 'tcbskinsjigsaw.code.tex' version '6.4.1'
)) (f:/texlive/2025/texmf-dist/tex/latex/tcolorbox/tcbbreakable.code.tex
Library (tcolorbox): 'tcbbreakable.code.tex' version '6.4.1'
(f:/texlive/2025/texmf-dist/tex/latex/pdfcol/pdfcol.sty
Package: pdfcol 2022-09-21 v1.7 Handle new color stacks for pdfTeX (HO)
 (f:/texlive/2025/texmf-dist/tex/generic/ltxcmds/ltxcmds.sty
Package: ltxcmds 2023-12-04 v1.26 LaTeX kernel commands for general use (HO)
) (f:/texlive/2025/texmf-dist/tex/generic/infwarerr/infwarerr.sty
Package: infwarerr 2019/12/03 v1.5 Providing info/warning/error messages (HO)
) (f:/texlive/2025/texmf-dist/tex/generic/iftex/iftex.sty
Package: iftex 2024/12/12 v1.0g TeX engine tests
)
Package pdfcol Info: Interface disabled because of missing PDF mode of pdfTeX.
)
Package pdfcol Info: pdfTeX's color stacks are not available.
\tcb@testbox=\box77
\tcb@totalupperbox=\box78
\tcb@totallowerbox=\box79
) (f:/texlive/2025/texmf-dist/tex/latex/tcolorbox/tcbtheorems.code.tex
Library (tcolorbox): 'tcbtheorems.code.tex' version '6.4.1'
(f:/texlive/2025/texmf-dist/tex/latex/amsmath/amsmath.sty
Package: amsmath 2024/11/05 v2.17t AMS math features
\@mathmargin=\skip60

For additional information on amsmath, use the `?' option.
(f:/texlive/2025/texmf-dist/tex/latex/amsmath/amstext.sty
Package: amstext 2021/08/26 v2.01 AMS text
 (f:/texlive/2025/texmf-dist/tex/latex/amsmath/amsgen.sty
File: amsgen.sty 1999/11/30 v2.0 generic functions
\@emptytoks=\toks33
\ex@=\dimen284
)) (f:/texlive/2025/texmf-dist/tex/latex/amsmath/amsbsy.sty
Package: amsbsy 1999/11/29 v1.2d Bold Symbols
\pmbraise@=\dimen285
) (f:/texlive/2025/texmf-dist/tex/latex/amsmath/amsopn.sty
Package: amsopn 2022/04/08 v2.04 operator names
)
\inf@bad=\count324
LaTeX Info: Redefining \frac on input line 233.
\uproot@=\count325
\leftroot@=\count326
LaTeX Info: Redefining \overline on input line 398.
LaTeX Info: Redefining \colon on input line 409.
\classnum@=\count327
\DOTSCASE@=\count328
LaTeX Info: Redefining \ldots on input line 495.
LaTeX Info: Redefining \dots on input line 498.
LaTeX Info: Redefining \cdots on input line 619.
\Mathstrutbox@=\box80
\strutbox@=\box81
LaTeX Info: Redefining \big on input line 721.
LaTeX Info: Redefining \Big on input line 722.
LaTeX Info: Redefining \bigg on input line 723.
LaTeX Info: Redefining \Bigg on input line 724.
\big@size=\dimen286
LaTeX Font Info:    Redeclaring font encoding OML on input line 742.
LaTeX Font Info:    Redeclaring font encoding OMS on input line 743.
\macc@depth=\count329
LaTeX Info: Redefining \bmod on input line 904.
LaTeX Info: Redefining \pmod on input line 909.
LaTeX Info: Redefining \smash on input line 939.
LaTeX Info: Redefining \relbar on input line 969.
LaTeX Info: Redefining \Relbar on input line 970.
\c@MaxMatrixCols=\count330
\dotsspace@=\muskip17
\c@parentequation=\count331
\dspbrk@lvl=\count332
\tag@help=\toks34
\row@=\count333
\column@=\count334
\maxfields@=\count335
\andhelp@=\toks35
\eqnshift@=\dimen287
\alignsep@=\dimen288
\tagshift@=\dimen289
\tagwidth@=\dimen290
\totwidth@=\dimen291
\lineht@=\dimen292
\@envbody=\toks36
\multlinegap=\skip61
\multlinetaggap=\skip62
\mathdisplay@stack=\toks37
LaTeX Info: Redefining \[ on input line 2953.
LaTeX Info: Redefining \] on input line 2954.
)) (f:/texlive/2025/texmf-dist/tex/latex/amsfonts/amssymb.sty
Package: amssymb 2013/01/14 v3.01 AMS font symbols
 (f:/texlive/2025/texmf-dist/tex/latex/amsfonts/amsfonts.sty
Package: amsfonts 2013/01/14 v3.01 Basic AMSFonts support
\symAMSa=\mathgroup4
\symAMSb=\mathgroup5
LaTeX Font Info:    Redeclaring math symbol \hbar on input line 98.
LaTeX Font Info:    Overwriting math alphabet `\mathfrak' in version `bold'
(Font)                  U/euf/m/n --> U/euf/b/n on input line 106.
)) (f:/texlive/2025/texmf-dist/tex/latex/changepage/changepage.sty
Package: changepage 2009/10/20 v1.0c check page and change page layout
\c@cp@cntr=\count336
\cp@tempcnt=\count337
) (f:/texlive/2025/texmf-dist/tex/generic/ulem/ulem.sty
\UL@box=\box82
\UL@hyphenbox=\box83
\UL@skip=\skip63
\UL@hook=\toks38
\UL@height=\dimen293
\UL@pe=\count338
\UL@pixel=\dimen294
\ULC@box=\box84
Package: ulem 2019/11/18
\ULdepth=\dimen295
) (f:/texlive/2025/texmf-dist/tex/latex/bbding/bbding.sty
Package: bbding 1999/04/15 v1.01 Dingbats symbols
) (f:/texlive/2025/texmf-dist/tex/latex/adforn/adforn.sty (f:/texlive/2025/texmf-dist/tex/latex/svn-prov/svn-prov.sty
Package: svn-prov 2010/04/24 v3.1862 Package Date/Version from SVN Keywords
)
Package: adforn 2024/09/29 v1.2 (SVN Rev: 10442)
)

Package xeCJK Warning: Redefining CJKfamily `zhfs' (FangSong).


Package xeCJK Warning: Redefining CJKfamily `zhkai' (KaiTi).


Package xeCJK Warning: Redefining CJKfamily `zhsong' (SimSun).


Package xeCJK Warning: Redefining CJKfamily `zhhei' (SimHei).

\c@rbtheorem=\count339
\c@rblemma=\count340
\c@rbcorollary=\count341
\c@rbdefinition=\count342
\c@rbaxiom=\count343
\c@rbpostulate=\count344
\c@rbproposition=\count345
\c@rbassumption=\count346
\c@rbproperty=\count347
\c@rbconjecture=\count348
(f:/texlive/2025/texmf-dist/tex/latex/mdframed/mdframed.sty
Package: mdframed 2013/07/01 1.9b: mdframed
 (f:/texlive/2025/texmf-dist/tex/latex/kvoptions/kvoptions.sty
Package: kvoptions 2022-06-15 v3.15 Key value format for package options (HO)
 (f:/texlive/2025/texmf-dist/tex/latex/kvsetkeys/kvsetkeys.sty
Package: kvsetkeys 2022-10-05 v1.19 Key value parser (HO)
)) (f:/texlive/2025/texmf-dist/tex/latex/zref/zref-abspage.sty
Package: zref-abspage 2023-09-14 v2.35 Module abspage for zref (HO)
 (f:/texlive/2025/texmf-dist/tex/latex/zref/zref-base.sty
Package: zref-base 2023-09-14 v2.35 Module base for zref (HO)
 (f:/texlive/2025/texmf-dist/tex/generic/kvdefinekeys/kvdefinekeys.sty
Package: kvdefinekeys 2019-12-19 v1.6 Define keys (HO)
) (f:/texlive/2025/texmf-dist/tex/generic/pdftexcmds/pdftexcmds.sty
Package: pdftexcmds 2020-06-27 v0.33 Utility functions of pdfTeX for LuaTeX (HO)
Package pdftexcmds Info: \pdf@primitive is available.
Package pdftexcmds Info: \pdf@ifprimitive is available.
Package pdftexcmds Info: \pdfdraftmode not found.
) (f:/texlive/2025/texmf-dist/tex/generic/etexcmds/etexcmds.sty
Package: etexcmds 2019/12/15 v1.7 Avoid name clashes with e-TeX commands (HO)
) (f:/texlive/2025/texmf-dist/tex/latex/auxhook/auxhook.sty
Package: auxhook 2019-12-17 v1.6 Hooks for auxiliary files (HO)
)
Package zref Info: New property list: main on input line 767.
Package zref Info: New property: default on input line 768.
Package zref Info: New property: page on input line 769.
)
\c@abspage=\count349
Package zref Info: New property: abspage on input line 67.
) (f:/texlive/2025/texmf-dist/tex/latex/needspace/needspace.sty
Package: needspace 2010/09/12 v1.3d reserve vertical space
)
\mdf@templength=\skip64
\c@mdf@globalstyle@cnt=\count350
\mdf@skipabove@length=\skip65
\mdf@skipbelow@length=\skip66
\mdf@leftmargin@length=\skip67
\mdf@rightmargin@length=\skip68
\mdf@innerleftmargin@length=\skip69
\mdf@innerrightmargin@length=\skip70
\mdf@innertopmargin@length=\skip71
\mdf@innerbottommargin@length=\skip72
\mdf@splittopskip@length=\skip73
\mdf@splitbottomskip@length=\skip74
\mdf@outermargin@length=\skip75
\mdf@innermargin@length=\skip76
\mdf@linewidth@length=\skip77
\mdf@innerlinewidth@length=\skip78
\mdf@middlelinewidth@length=\skip79
\mdf@outerlinewidth@length=\skip80
\mdf@roundcorner@length=\skip81
\mdf@footenotedistance@length=\skip82
\mdf@userdefinedwidth@length=\skip83
\mdf@needspace@length=\skip84
\mdf@frametitleaboveskip@length=\skip85
\mdf@frametitlebelowskip@length=\skip86
\mdf@frametitlerulewidth@length=\skip87
\mdf@frametitleleftmargin@length=\skip88
\mdf@frametitlerightmargin@length=\skip89
\mdf@shadowsize@length=\skip90
\mdf@extratopheight@length=\skip91
\mdf@subtitleabovelinewidth@length=\skip92
\mdf@subtitlebelowlinewidth@length=\skip93
\mdf@subtitleaboveskip@length=\skip94
\mdf@subtitlebelowskip@length=\skip95
\mdf@subtitleinneraboveskip@length=\skip96
\mdf@subtitleinnerbelowskip@length=\skip97
\mdf@subsubtitleabovelinewidth@length=\skip98
\mdf@subsubtitlebelowlinewidth@length=\skip99
\mdf@subsubtitleaboveskip@length=\skip100
\mdf@subsubtitlebelowskip@length=\skip101
\mdf@subsubtitleinneraboveskip@length=\skip102
\mdf@subsubtitleinnerbelowskip@length=\skip103
 (f:/texlive/2025/texmf-dist/tex/latex/mdframed/md-frame-0.mdf
File: md-frame-0.mdf 2013/07/01\ 1.9b: md-frame-0
)
\mdf@frametitlebox=\box85
\mdf@footnotebox=\box86
\mdf@splitbox@one=\box87
\mdf@splitbox@two=\box88
\mdf@splitbox@save=\box89
\mdfsplitboxwidth=\skip104
\mdfsplitboxtotalwidth=\skip105
\mdfsplitboxheight=\skip106
\mdfsplitboxdepth=\skip107
\mdfsplitboxtotalheight=\skip108
\mdfframetitleboxwidth=\skip109
\mdfframetitleboxtotalwidth=\skip110
\mdfframetitleboxheight=\skip111
\mdfframetitleboxdepth=\skip112
\mdfframetitleboxtotalheight=\skip113
\mdffootnoteboxwidth=\skip114
\mdffootnoteboxtotalwidth=\skip115
\mdffootnoteboxheight=\skip116
\mdffootnoteboxdepth=\skip117
\mdffootnoteboxtotalheight=\skip118
\mdftotallinewidth=\skip119
\mdfboundingboxwidth=\skip120
\mdfboundingboxtotalwidth=\skip121
\mdfboundingboxheight=\skip122
\mdfboundingboxdepth=\skip123
\mdfboundingboxtotalheight=\skip124
\mdf@freevspace@length=\skip125
\mdf@horizontalwidthofbox@length=\skip126
\mdf@verticalmarginwhole@length=\skip127
\mdf@horizontalspaceofbox=\skip128
\mdfsubtitleheight=\skip129
\mdfsubsubtitleheight=\skip130
\c@mdfcountframes=\count351

****** mdframed patching \endmdf@trivlist

****** -- success******

\mdf@envdepth=\count352
\c@mdf@env@i=\count353
\c@mdf@env@ii=\count354
\c@mdf@zref@counter=\count355
Package zref Info: New property: mdf@pagevalue on input line 895.
) (f:/texlive/2025/texmf-dist/tex/latex/amscls/amsthm.sty
Package: amsthm 2020/05/29 v2.20.6
\thm@style=\toks39
\thm@bodyfont=\toks40
\thm@headfont=\toks41
\thm@notefont=\toks42
\thm@headpunct=\toks43
\thm@preskip=\skip131
\thm@postskip=\skip132
\thm@headsep=\skip133
\dth@everypar=\toks44
)
\belowsep=\skip134
\c@rbinstance=\count356
\c@rbexercise=\count357
\c@rbremarkcounter=\count358
\c@rbexample=\count359
\c@claim=\count360
\c@claim@proofdepth=\count361
 (f:/texlive/2025/texmf-dist/tex/latex/enumitem/enumitem.sty
Package: enumitem 2025/02/06 v3.11 Customized lists
\labelindent=\skip135
\enit@outerparindent=\dimen296
\enit@toks=\toks45
\enit@inbox=\box90
\enit@count@id=\count362
\enitdp@description=\count363
)
\c@rbhomework=\count364
\rbhomeworklabelleftpad=\skip136
\rbhomeworklabelsep=\skip137
\rbhomework@labelwidth=\skip138
) (f:/texlive/2025/texmf-dist/tex/latex/imakeidx/imakeidx.sty
Package: imakeidx 2016/10/15 v1.3e Package for typesetting indices in a synchronous mode
 (f:/texlive/2025/texmf-dist/tex/latex/xkeyval/xkeyval.sty
Package: xkeyval 2022/06/16 v2.9 package option processing (HA)
 (f:/texlive/2025/texmf-dist/tex/generic/xkeyval/xkeyval.tex (f:/texlive/2025/texmf-dist/tex/generic/xkeyval/xkvutils.tex
\XKV@toks=\toks46
\XKV@tempa@toks=\toks47
)
\XKV@depth=\count365
File: xkeyval.tex 2014/12/03 v2.7a key=value parser (HA)
)) (f:/texlive/2025/texmf-dist/tex/generic/iftex/ifxetex.sty
Package: ifxetex 2019/10/25 v0.7 ifxetex legacy package. Use iftex instead.
) (f:/texlive/2025/texmf-dist/tex/generic/iftex/ifluatex.sty
Package: ifluatex 2019/10/25 v1.5 ifluatex legacy package. Use iftex instead.
) (f:/texlive/2025/texmf-dist/tex/latex/tools/multicol.sty
Package: multicol 2024/09/14 v1.9i multicolumn formatting (FMi)
\c@tracingmulticols=\count366
\mult@box=\box91
\multicol@leftmargin=\dimen297
\c@unbalance=\count367
\c@collectmore=\count368
\doublecol@number=\count369
\multicoltolerance=\count370
\multicolpretolerance=\count371
\full@width=\dimen298
\page@free=\dimen299
\premulticols=\dimen300
\postmulticols=\dimen301
\multicolsep=\skip139
\multicolbaselineskip=\skip140
\partial@page=\box92
\last@line=\box93
\mc@boxedresult=\box94
\maxbalancingoverflow=\dimen302
\mult@rightbox=\box95
\mult@grightbox=\box96
\mult@firstbox=\box97
\mult@gfirstbox=\box98
\@tempa=\box99
\@tempa=\box100
\@tempa=\box101
\@tempa=\box102
\@tempa=\box103
\@tempa=\box104
\@tempa=\box105
\@tempa=\box106
\@tempa=\box107
\@tempa=\box108
\@tempa=\box109
\@tempa=\box110
\@tempa=\box111
\@tempa=\box112
\@tempa=\box113
\@tempa=\box114
\@tempa=\box115
\@tempa=\box116
\@tempa=\box117
\@tempa=\box118
\@tempa=\box119
\@tempa=\box120
\@tempa=\box121
\@tempa=\box122
\@tempa=\box123
\@tempa=\box124
\@tempa=\box125
\@tempa=\box126
\@tempa=\box127
\@tempa=\box128
\@tempa=\box129
\@tempa=\box130
\@tempa=\box131
\@tempa=\box132
\@tempa=\box133
\@tempa=\box134
\c@minrows=\count372
\c@columnbadness=\count373
\c@finalcolumnbadness=\count374
\last@try=\dimen303
\multicolovershoot=\dimen304
\multicolundershoot=\dimen305
\mult@nat@firstbox=\box135
\colbreak@box=\box136
\mc@col@check@num=\count375
)) (f:/texlive/2025/texmf-dist/tex/latex/tools/longtable.sty
Package: longtable 2024-10-27 v4.22 Multi-page Table package (DPC)
\LTleft=\skip141
\LTright=\skip142
\LTpre=\skip143
\LTpost=\skip144
\LTchunksize=\count376
\LTcapwidth=\dimen306
\LT@head=\box137
\LT@firsthead=\box138
\LT@foot=\box139
\LT@lastfoot=\box140
\LT@gbox=\box141
\LT@cols=\count377
\LT@rows=\count378
\c@LT@tables=\count379
\c@LT@chunks=\count380
\LT@p@ftn=\toks48
) (f:/texlive/2025/texmf-dist/tex/latex/multirow/multirow.sty
Package: multirow 2024/11/12 v2.9 Span multiple rows of a table
\multirow@colwidth=\skip145
\multirow@cntb=\count381
\multirow@dima=\skip146
\bigstrutjot=\dimen307
)
\拓扑学基础笔记b5@idxfile=\write4
\openout4 = `拓扑学基础笔记b5.idx'.


Writing index file 拓扑学基础笔记b5.idx
(./bookstyle.sty
Package: bookstyle 2026/03/04 v1.2 AJbook-style layout for ctexbook
 (f:/texlive/2025/texmf-dist/tex/latex/setspace/setspace.sty
Package: setspace 2022/12/04 v6.7b set line spacing
) (f:/texlive/2025/texmf-dist/tex/latex/fancyhdr/fancyhdr.sty
Package: fancyhdr 2025/02/07 v5.2 Extensive control of page headers and footers
\f@nch@headwidth=\skip147
\f@nch@offset@elh=\skip148
\f@nch@offset@erh=\skip149
\f@nch@offset@olh=\skip150
\f@nch@offset@orh=\skip151
\f@nch@offset@elf=\skip152
\f@nch@offset@erf=\skip153
\f@nch@offset@olf=\skip154
\f@nch@offset@orf=\skip155
\f@nch@height=\skip156
\f@nch@footalignment=\skip157
\f@nch@widthL=\skip158
\f@nch@widthC=\skip159
\f@nch@widthR=\skip160
\@temptokenb=\toks49
) (f:/texlive/2025/texmf-dist/tex/latex/titlesec/titlesec.sty
Package: titlesec 2025/01/04 v2.17 Sectioning titles
\ttl@box=\box142
\beforetitleunit=\skip161
\aftertitleunit=\skip162
\ttl@plus=\dimen308
\ttl@minus=\dimen309
\ttl@toksa=\toks50
\titlewidth=\dimen310
\titlewidthlast=\dimen311
\titlewidthfirst=\dimen312
) (f:/texlive/2025/texmf-dist/tex/latex/titlesec/titletoc.sty
Package: titletoc 2025/01/04 v2.17 TOC entries
\ttl@leftsep=\dimen313
) (f:/texlive/2025/texmf-dist/tex/latex/appendix/appendix.sty
Package: appendix 2020/02/08 v1.2c extra appendix facilities
\c@@pps=\count382
\c@@ppsavesec=\count383
\c@@ppsaveapp=\count384
) (f:/texlive/2025/texmf-dist/tex/latex/apptools/apptools.sty
Package: apptools 2012/11/28 v1.0 Tools for customizing appendices
) (f:/texlive/2025/texmf-dist/tex/latex/tools/calc.sty
Package: calc 2023/07/08 v4.3 Infix arithmetic (KKT,FJ)
\calc@Acount=\count385
\calc@Bcount=\count386
\calc@Adimen=\dimen314
\calc@Bdimen=\dimen315
\calc@Askip=\skip163
\calc@Bskip=\skip164
LaTeX Info: Redefining \setlength on input line 80.
LaTeX Info: Redefining \addtolength on input line 81.
\calc@Ccount=\count387
\calc@Cskip=\skip165
) (f:/texlive/2025/texmf-dist/tex/generic/xstring/xstring.sty (f:/texlive/2025/texmf-dist/tex/generic/xstring/xstring.tex
\xs_counta=\count388
\xs_countb=\count389
)
Package: xstring 2023/08/22 v1.86 String manipulations (CT)
) (f:/texlive/2025/texmf-dist/tex/latex/hyperref/hyperref.sty
Package: hyperref 2024-11-05 v7.01l Hypertext links for LaTeX
 (f:/texlive/2025/texmf-dist/tex/generic/pdfescape/pdfescape.sty
Package: pdfescape 2019/12/09 v1.15 Implements pdfTeX's escape features (HO)
) (f:/texlive/2025/texmf-dist/tex/latex/hycolor/hycolor.sty
Package: hycolor 2020-01-27 v1.10 Color options for hyperref/bookmark (HO)
) (f:/texlive/2025/texmf-dist/tex/latex/hyperref/nameref.sty
Package: nameref 2023-11-26 v2.56 Cross-referencing by name of section
 (f:/texlive/2025/texmf-dist/tex/latex/refcount/refcount.sty
Package: refcount 2019/12/15 v3.6 Data extraction from label references (HO)
) (f:/texlive/2025/texmf-dist/tex/generic/gettitlestring/gettitlestring.sty
Package: gettitlestring 2019/12/15 v1.6 Cleanup title references (HO)
)
\c@section@level=\count390
) (f:/texlive/2025/texmf-dist/tex/generic/stringenc/stringenc.sty
Package: stringenc 2019/11/29 v1.12 Convert strings between diff. encodings (HO)
)
\@linkdim=\dimen316
\Hy@linkcounter=\count391
\Hy@pagecounter=\count392
 (f:/texlive/2025/texmf-dist/tex/latex/hyperref/pd1enc.def
File: pd1enc.def 2024-11-05 v7.01l Hyperref: PDFDocEncoding definition (HO)
) (f:/texlive/2025/texmf-dist/tex/generic/intcalc/intcalc.sty
Package: intcalc 2019/12/15 v1.3 Expandable calculations with integers (HO)
)
\Hy@SavedSpaceFactor=\count393
 (f:/texlive/2025/texmf-dist/tex/latex/hyperref/puenc.def
File: puenc.def 2024-11-05 v7.01l Hyperref: PDF Unicode definition (HO)
)
Package hyperref Info: Option `unicode' set `true' on input line 4040.
Package hyperref Info: Hyper figures OFF on input line 4157.
Package hyperref Info: Link nesting OFF on input line 4162.
Package hyperref Info: Hyper index ON on input line 4165.
Package hyperref Info: Plain pages OFF on input line 4172.
Package hyperref Info: Backreferencing OFF on input line 4177.
Package hyperref Info: Implicit mode ON; LaTeX internals redefined.
Package hyperref Info: Bookmarks ON on input line 4424.
\c@Hy@tempcnt=\count394
 (f:/texlive/2025/texmf-dist/tex/latex/url/url.sty
\Urlmuskip=\muskip18
Package: url 2013/09/16  ver 3.4  Verb mode for urls, etc.
)
LaTeX Info: Redefining \url on input line 4763.
\XeTeXLinkMargin=\dimen317
 (f:/texlive/2025/texmf-dist/tex/generic/bitset/bitset.sty
Package: bitset 2019/12/09 v1.3 Handle bit-vector datatype (HO)
 (f:/texlive/2025/texmf-dist/tex/generic/bigintcalc/bigintcalc.sty
Package: bigintcalc 2019/12/15 v1.5 Expandable calculations on big integers (HO)
))
\Fld@menulength=\count395
\Field@Width=\dimen318
\Fld@charsize=\dimen319
Package hyperref Info: Hyper figures OFF on input line 6042.
Package hyperref Info: Link nesting OFF on input line 6047.
Package hyperref Info: Hyper index ON on input line 6050.
Package hyperref Info: backreferencing OFF on input line 6057.
Package hyperref Info: Link coloring OFF on input line 6062.
Package hyperref Info: Link coloring with OCG OFF on input line 6067.
Package hyperref Info: PDF/A mode OFF on input line 6072.
 (f:/texlive/2025/texmf-dist/tex/latex/base/atbegshi-ltx.sty
Package: atbegshi-ltx 2021/01/10 v1.0c Emulation of the original atbegshi
package with kernel methods
)
\Hy@abspage=\count396
\c@Item=\count397
\c@Hfootnote=\count398
)
Package hyperref Info: Driver (autodetected): hxetex.
 (f:/texlive/2025/texmf-dist/tex/latex/hyperref/hxetex.def
File: hxetex.def 2024-11-05 v7.01l Hyperref driver for XeTeX
\pdfm@box=\box143
\c@Hy@AnnotLevel=\count399
\HyField@AnnotCount=\count400
\Fld@listcount=\count401
\c@bookmark@seq@number=\count402
 (f:/texlive/2025/texmf-dist/tex/latex/rerunfilecheck/rerunfilecheck.sty
Package: rerunfilecheck 2022-07-10 v1.10 Rerun checks for auxiliary files (HO)
 (f:/texlive/2025/texmf-dist/tex/latex/base/atveryend-ltx.sty
Package: atveryend-ltx 2020/08/19 v1.0a Emulation of the original atveryend package
with kernel methods
) (f:/texlive/2025/texmf-dist/tex/generic/uniquecounter/uniquecounter.sty
Package: uniquecounter 2019/12/15 v1.4 Provide unlimited unique counter (HO)
)
Package uniquecounter Info: New unique counter `rerunfilecheck' on input line 285.
)
\Hy@SectionHShift=\skip166
) (f:/texlive/2025/texmf-dist/tex/latex/geometry/geometry.sty
Package: geometry 2020/01/02 v5.9 Page Geometry
 (f:/texlive/2025/texmf-dist/tex/generic/iftex/ifvtex.sty
Package: ifvtex 2019/10/25 v1.7 ifvtex legacy package. Use iftex instead.
)
\Gm@cnth=\count403
\Gm@cntv=\count404
\c@Gm@tempcnt=\count405
\Gm@bindingoffset=\dimen320
\Gm@wd@mp=\dimen321
\Gm@odd@mp=\dimen322
\Gm@even@mp=\dimen323
\Gm@layoutwidth=\dimen324
\Gm@layoutheight=\dimen325
\Gm@layouthoffset=\dimen326
\Gm@layoutvoffset=\dimen327
\Gm@dimlist=\toks51
)
Package hyperref Info: Option `breaklinks' set `true' on input line 191.
Package hyperref Info: Option `unicode' set `true' on input line 191.
Package hyperref Info: Option `bookmarksnumbered' set `true' on input line 191.
Package hyperref Info: Option `bookmarksopen' set `true' on input line 191.
Package hyperref Info: Option `colorlinks' set `true' on input line 191.
Package hyperref Info: Option `plainpages' set `false' on input line 191.
Package hyperref Info: Option `linktocpage' set `true' on input line 191.
 (f:/texlive/2025/texmf-dist/tex/generic/pgf/frontendlayer/tikz/libraries/tikzlibrarycalc.code.tex
File: tikzlibrarycalc.code.tex 2023-01-15 v3.1.10 (3.1.10)
) (f:/texlive/2025/texmf-dist/tex/generic/pgf/frontendlayer/tikz/libraries/tikzlibrarybackgrounds.code.tex
File: tikzlibrarybackgrounds.code.tex 2023-01-15 v3.1.10 (3.1.10)
\pgf@layerbox@background=\box144
\pgf@layerboxsaved@background=\box145
) (f:/texlive/2025/texmf-dist/tex/latex/mwe/mwe.sty
Package: mwe 2018/03/30 v0.5 Package to support minimal working examples (MWE)
 (f:/texlive/2025/texmf-dist/tex/latex/lipsum/lipsum.sty (f:/texlive/2025/texmf-dist/tex/latex/l3packages/l3keys2e/l3keys2e.sty
Package: l3keys2e 2024-08-16 LaTeX2e option processing using LaTeX3 keys
)
Package: lipsum 2021-09-20 v2.7 150 paragraphs of Lorem Ipsum dummy text
\g__lipsum_par_int=\count406
\l__lipsum_a_int=\count407
\l__lipsum_b_int=\count408
 (f:/texlive/2025/texmf-dist/tex/latex/lipsum/lipsum.ltd.tex)) (f:/texlive/2025/texmf-dist/tex/latex/blindtext/blindtext.sty
Package: blindtext 2012/01/06 V2.0 blindtext-Package
 (f:/texlive/2025/texmf-dist/tex/latex/tools/xspace.sty
Package: xspace 2014/10/28 v1.13 Space after command names (DPC,MH)
)
\c@blindtext=\count409
\c@Blindtext=\count410
\c@blind@countparstart=\count411
\blind@countxx=\count412
\blindtext@numBlindtext=\count413
\blind@countyy=\count414
\c@blindlist=\count415
\c@blindlistlevel=\count416
\c@blindlist@level=\count417
\blind@listitem=\count418
\c@blind@listcount=\count419
\c@blind@levelcount=\count420
\blind@mathformula=\count421
\blind@Mathformula=\count422
\c@blind@randomcount=\count423
\c@blind@randommax=\count424
\c@blind@pangramcount=\count425
\c@blind@pangrammax=\count426
))
\BoxTtlwidth=\skip167
\c@ttlp@side=\count427
\ttlp@side=\count428
) (f:/texlive/2025/texmf-dist/tex/latex/physics/physics.sty
Package: physics 
) (f:/texlive/2025/texmf-dist/tex/latex/tools/bm.sty
Package: bm 2023/12/19 v1.2f Bold Symbol Support (DPC/FMi)
\symboldoperators=\mathgroup6
\symboldletters=\mathgroup7
\symboldsymbols=\mathgroup8
Package bm Info: No bold for \OMX/cmex/m/n, using \pmb.
Package bm Info: No bold for \U/msa/m/n, using \pmb.
Package bm Info: No bold for \U/msb/m/n, using \pmb.
LaTeX Font Info:    Redeclaring math alphabet \mathbf on input line 149.
) (f:/texlive/2025/texmf-dist/tex/generic/pgf/frontendlayer/tikz/libraries/tikzlibrarydecorations.pathreplacing.code.tex (f:/texlive/2025/texmf-dist/tex/generic/pgf/frontendlayer/tikz/libraries/tikzlibrarydecorations.code.tex (f:/texlive/2025/texmf-dist/tex/generic/pgf/modules/pgfmoduledecorations.code.tex
\pgfdecoratedcompleteddistance=\dimen328
\pgfdecoratedremainingdistance=\dimen329
\pgfdecoratedinputsegmentcompleteddistance=\dimen330
\pgfdecoratedinputsegmentremainingdistance=\dimen331
\pgf@decorate@distancetomove=\dimen332
\pgf@decorate@repeatstate=\count429
\pgfdecorationsegmentamplitude=\dimen333
\pgfdecorationsegmentlength=\dimen334
)
\tikz@lib@dec@box=\box146
) (f:/texlive/2025/texmf-dist/tex/generic/pgf/libraries/decorations/pgflibrarydecorations.pathreplacing.code.tex)) (f:/texlive/2025/texmf-dist/tex/generic/pgf/libraries/pgflibraryarrows.meta.code.tex
File: pgflibraryarrows.meta.code.tex 2023-01-15 v3.1.10 (3.1.10)
\pgfarrowinset=\dimen335
\pgfarrowlength=\dimen336
\pgfarrowwidth=\dimen337
\pgfarrowlinewidth=\dimen338
) (f:/texlive/2025/texmf-dist/tex/generic/tikz-cd/tikzlibrarycd.code.tex (f:/texlive/2025/texmf-dist/tex/generic/pgf/frontendlayer/tikz/libraries/tikzlibrarymatrix.code.tex
File: tikzlibrarymatrix.code.tex 2023-01-15 v3.1.10 (3.1.10)
) (f:/texlive/2025/texmf-dist/tex/generic/pgf/frontendlayer/tikz/libraries/tikzlibraryquotes.code.tex
File: tikzlibraryquotes.code.tex 2023-01-15 v3.1.10 (3.1.10)
)) (f:/texlive/2025/texmf-dist/tex/generic/pgf/frontendlayer/tikz/libraries/tikzlibrarysvg.path.code.tex
File: tikzlibrarysvg.path.code.tex 2023-01-15 v3.1.10 (3.1.10)
 (f:/texlive/2025/texmf-dist/tex/generic/pgf/libraries/pgflibrarysvg.path.code.tex
File: pgflibrarysvg.path.code.tex 2023-01-15 v3.1.10 (3.1.10)
 (f:/texlive/2025/texmf-dist/tex/generic/pgf/modules/pgfmoduleparser.code.tex
File: pgfmoduleparser.code.tex 2023-01-15 v3.1.10 (3.1.10)
\pgfparserdef@arg@count=\count430
)
\pgf@lib@svg@last@x=\dimen339
\pgf@lib@svg@last@y=\dimen340
\pgf@lib@svg@last@c@x=\dimen341
\pgf@lib@svg@last@c@y=\dimen342
\pgf@lib@svg@count=\count431
\pgf@lib@svg@max@num=\count432
)) (f:/texlive/2025/texmf-dist/tex/latex/float/float.sty
Package: float 2001/11/08 v1.3d Float enhancements (AL)
\c@float@type=\count433
\float@exts=\toks52
\float@box=\box147
\@float@everytoks=\toks53
\@floatcapt=\box148
) (f:/texlive/2025/texmf-dist/tex/latex/wrapfig/wrapfig.sty
\wrapoverhang=\dimen343
\WF@size=\dimen344
\c@WF@wrappedlines=\count434
\WF@box=\box149
\WF@everypar=\toks54
Package: wrapfig 2003/01/31  v 3.6
) (f:/texlive/2025/texmf-dist/tex/latex/caption/caption.sty
Package: caption 2023/08/05 v3.6o Customizing captions (AR)
 (f:/texlive/2025/texmf-dist/tex/latex/caption/caption3.sty
Package: caption3 2023/07/31 v2.4d caption3 kernel (AR)
\caption@tempdima=\dimen345
\captionmargin=\dimen346
\caption@leftmargin=\dimen347
\caption@rightmargin=\dimen348
\caption@width=\dimen349
\caption@indent=\dimen350
\caption@parindent=\dimen351
\caption@hangindent=\dimen352
Package caption Info: Standard document class detected.
)
\c@caption@flags=\count435
\c@continuedfloat=\count436
Package caption Info: changepage package is loaded.
\caption@adjustwidth@hsize=\dimen353
\caption@adjustwidth@linewidth=\dimen354
Package caption Info: float package is loaded.
Package caption Info: hyperref package is loaded.
Package caption Info: longtable package is loaded.
 (f:/texlive/2025/texmf-dist/tex/latex/caption/ltcaption.sty
Package: ltcaption 2021/01/08 v1.4c longtable captions (AR)
)
Package caption Info: wrapfig package is loaded.
) (f:/texlive/2025/texmf-dist/tex/latex/makecell/makecell.sty
Package: makecell 2009/08/03 V0.1e Managing of Tab Column Heads and Cells
 (f:/texlive/2025/texmf-dist/tex/latex/tools/array.sty
Package: array 2024/10/17 v2.6g Tabular extension package (FMi)
\col@sep=\dimen355
\ar@mcellbox=\box150
\extrarowheight=\dimen356
\NC@list=\toks55
\extratabsurround=\skip168
\backup@length=\skip169
\ar@cellbox=\box151
)
\rotheadsize=\dimen357
\c@nlinenum=\count437
\TeXr@lab=\toks56
) (f:/texlive/2025/texmf-dist/tex/latex/psnfss/pifont.sty
Package: pifont 2020/03/25 PSNFSS-v9.3 Pi font support (SPQR) 
LaTeX Font Info:    Trying to load font information for U+pzd on input line 63.
 (f:/texlive/2025/texmf-dist/tex/latex/psnfss/upzd.fd
File: upzd.fd 2001/06/04 font definitions for U/pzd.
)
LaTeX Font Info:    Trying to load font information for U+psy on input line 64.
 (f:/texlive/2025/texmf-dist/tex/latex/psnfss/upsy.fd
File: upsy.fd 2001/06/04 font definitions for U/psy.
)) (f:/texlive/2025/texmf-dist/tex/latex/faktor/faktor.sty
Invalid UTF-8 byte or sequence at line 16 replaced by U+FFFD.
Invalid UTF-8 byte or sequence at line 18 replaced by U+FFFD.
Invalid UTF-8 byte or sequence at line 25 replaced by U+FFFD.
Invalid UTF-8 byte or sequence at line 29 replaced by U+FFFD.
Invalid UTF-8 byte or sequence at line 29 replaced by U+FFFD.
Invalid UTF-8 byte or sequence at line 30 replaced by U+FFFD.
Invalid UTF-8 byte or sequence at line 31 replaced by U+FFFD.
Package: faktor 2006/04/05 v0.1b Faktor-Ringe, -Gruppen, -Raeume (PE)
\faktor@zaehlerhoehe=\skip170
\faktor@nennerhoehe=\skip171
) (f:/texlive/2025/texmf-dist/tex/latex/extarrows/extarrows.sty
Package: extarrows 2020/03/12 v1.2.0 Some extensible arrows
) (f:/texlive/2025/texmf-dist/tex/latex/cleveref/cleveref.sty
Package: cleveref 2018/03/27 v0.21.4 Intelligent cross-referencing
Package cleveref Info: `hyperref' support loaded on input line 2370.
LaTeX Info: Redefining \cref on input line 2370.
LaTeX Info: Redefining \Cref on input line 2370.
LaTeX Info: Redefining \crefrange on input line 2370.
LaTeX Info: Redefining \Crefrange on input line 2370.
LaTeX Info: Redefining \cpageref on input line 2370.
LaTeX Info: Redefining \Cpageref on input line 2370.
LaTeX Info: Redefining \cpagerefrange on input line 2370.
LaTeX Info: Redefining \Cpagerefrange on input line 2370.
LaTeX Info: Redefining \labelcref on input line 2370.
LaTeX Info: Redefining \labelcpageref on input line 2370.
Package cleveref Info: `amsthm' support loaded on input line 3026.
) (f:/texlive/2025/texmf-dist/tex/latex/esvect/esvect.sty
Package: esvect 
\symesvector=\mathgroup9
LaTeX Font Info:    Redeclaring math symbol \fldr on input line 38.
)
\symugmL=\mathgroup10
 (f:/texlive/2025/texmf-dist/tex/latex/accents/accents.sty
Package: accents 2006/05/12 v1.4 Math Accent Tools
\cc@skew=\dimen358
\cc@wd=\dimen359
\cc@code=\count438
\cc@group=\count439
\cc@skewchar=\count440
) (./拓扑学基础笔记b5.aux)
\openout1 = `拓扑学基础笔记b5.aux'.

LaTeX Font Info:    Checking defaults for OML/cmm/m/it on input line 163.
LaTeX Font Info:    ... okay on input line 163.
LaTeX Font Info:    Checking defaults for OMS/cmsy/m/n on input line 163.
LaTeX Font Info:    ... okay on input line 163.
LaTeX Font Info:    Checking defaults for OT1/cmr/m/n on input line 163.
LaTeX Font Info:    ... okay on input line 163.
LaTeX Font Info:    Checking defaults for T1/cmr/m/n on input line 163.
LaTeX Font Info:    ... okay on input line 163.
LaTeX Font Info:    Checking defaults for TS1/cmr/m/n on input line 163.
LaTeX Font Info:    ... okay on input line 163.
LaTeX Font Info:    Checking defaults for TU/lmr/m/n on input line 163.
LaTeX Font Info:    ... okay on input line 163.
LaTeX Font Info:    Checking defaults for OMX/cmex/m/n on input line 163.
LaTeX Font Info:    ... okay on input line 163.
LaTeX Font Info:    Checking defaults for U/cmr/m/n on input line 163.
LaTeX Font Info:    ... okay on input line 163.
LaTeX Font Info:    Checking defaults for PD1/pdf/m/n on input line 163.
LaTeX Font Info:    ... okay on input line 163.
LaTeX Font Info:    Checking defaults for PU/pdf/m/n on input line 163.
LaTeX Font Info:    ... okay on input line 163.

Package fontspec Info: 
(fontspec)             Adjusting the maths setup (use [no-math] to avoid
(fontspec)             this).

\symlegacymaths=\mathgroup11
LaTeX Font Info:    Overwriting symbol font `legacymaths' in version `bold'
(Font)                  OT1/cmr/m/n --> OT1/cmr/bx/n on input line 163.
LaTeX Font Info:    Redeclaring math accent \acute on input line 163.
LaTeX Font Info:    Redeclaring math accent \grave on input line 163.
LaTeX Font Info:    Redeclaring math accent \ddot on input line 163.
LaTeX Font Info:    Redeclaring math accent \tilde on input line 163.
LaTeX Font Info:    Redeclaring math accent \bar on input line 163.
LaTeX Font Info:    Redeclaring math accent \breve on input line 163.
LaTeX Font Info:    Redeclaring math accent \check on input line 163.
LaTeX Font Info:    Redeclaring math accent \hat on input line 163.
LaTeX Font Info:    Redeclaring math accent \dot on input line 163.
LaTeX Font Info:    Redeclaring math accent \mathring on input line 163.
LaTeX Font Info:    Redeclaring math symbol \Gamma on input line 163.
LaTeX Font Info:    Redeclaring math symbol \Delta on input line 163.
LaTeX Font Info:    Redeclaring math symbol \Theta on input line 163.
LaTeX Font Info:    Redeclaring math symbol \Lambda on input line 163.
LaTeX Font Info:    Redeclaring math symbol \Xi on input line 163.
LaTeX Font Info:    Redeclaring math symbol \Pi on input line 163.
LaTeX Font Info:    Redeclaring math symbol \Sigma on input line 163.
LaTeX Font Info:    Redeclaring math symbol \Upsilon on input line 163.
LaTeX Font Info:    Redeclaring math symbol \Phi on input line 163.
LaTeX Font Info:    Redeclaring math symbol \Psi on input line 163.
LaTeX Font Info:    Redeclaring math symbol \Omega on input line 163.
LaTeX Font Info:    Redeclaring math symbol \mathdollar on input line 163.
LaTeX Font Info:    Redeclaring symbol font `operators' on input line 163.
LaTeX Font Info:    Encoding `OT1' has changed to `TU' for symbol font
(Font)              `operators' in the math version `normal' on input line 163.
LaTeX Font Info:    Overwriting symbol font `operators' in version `normal'
(Font)                  OT1/cmr/m/n --> TU/lmr/m/n on input line 163.
LaTeX Font Info:    Encoding `OT1' has changed to `TU' for symbol font
(Font)              `operators' in the math version `bold' on input line 163.
LaTeX Font Info:    Overwriting symbol font `operators' in version `bold'
(Font)                  OT1/cmr/bx/n --> TU/lmr/m/n on input line 163.
LaTeX Font Info:    Overwriting symbol font `operators' in version `normal'
(Font)                  TU/lmr/m/n --> TU/lmr/m/n on input line 163.
LaTeX Font Info:    Overwriting math alphabet `\mathit' in version `normal'
(Font)                  OT1/cmr/m/it --> TU/lmr/m/it on input line 163.
LaTeX Font Info:    Overwriting math alphabet `\mathbf' in version `normal'
(Font)                  OT1/cmr/bx/n --> TU/lmr/b/n on input line 163.
LaTeX Font Info:    Overwriting math alphabet `\mathsf' in version `normal'
(Font)                  OT1/cmss/m/n --> TU/lmss/m/n on input line 163.
LaTeX Font Info:    Overwriting math alphabet `\mathtt' in version `normal'
(Font)                  OT1/cmtt/m/n --> TU/lmtt/m/n on input line 163.
LaTeX Font Info:    Overwriting symbol font `operators' in version `bold'
(Font)                  TU/lmr/m/n --> TU/lmr/b/n on input line 163.
LaTeX Font Info:    Overwriting math alphabet `\mathit' in version `bold'
(Font)                  OT1/cmr/bx/it --> TU/lmr/b/it on input line 163.
LaTeX Font Info:    Overwriting math alphabet `\mathsf' in version `bold'
(Font)                  OT1/cmss/bx/n --> TU/lmss/b/n on input line 163.
LaTeX Font Info:    Overwriting math alphabet `\mathtt' in version `bold'
(Font)                  OT1/cmtt/m/n --> TU/lmtt/b/n on input line 163.
Package hyperref Info: Link coloring ON on input line 163.
 (./拓扑学基础笔记b5.out) (./拓扑学基础笔记b5.out)
\@outlinefile=\write5
\openout5 = `拓扑学基础笔记b5.out'.


*geometry* driver: auto-detecting
*geometry* detected driver: xetex
*geometry* verbose mode - [ preamble ] result:
* driver: xetex
* paper: b5paper
* layout: <same size as paper>
* layoutoffset:(h,v)=(0.0pt,0.0pt)
* modes: twoside 
* h-part:(L,W,R)=(65.44142pt, 378.42157pt, 56.9055pt)
* v-part:(T,H,B)=(71.13188pt, 588.97197pt, 51.21504pt)
* \paperwidth=500.7685pt
* \paperheight=711.3189pt
* \textwidth=378.42157pt
* \textheight=588.97197pt
* \oddsidemargin=-6.82857pt
* \evensidemargin=-15.36449pt
* \topmargin=-31.2056pt
* \headheight=12.0pt
* \headsep=18.06749pt
* \topskip=10.0pt
* \footskip=25.29494pt
* \marginparwidth=57.0pt
* \marginparsep=7.0pt
* \columnsep=10.0pt
* \skip\footins=9.0pt plus 4.0pt minus 2.0pt
* \hoffset=0.0pt
* \voffset=0.0pt
* \mag=1000
* \@twocolumnfalse
* \@twosidetrue
* \@mparswitchtrue
* \@reversemarginfalse
* (1in=72.27pt=25.4mm, 1cm=28.453pt)

Package caption Info: Begin \AtBeginDocument code.
Package caption Info: End \AtBeginDocument code.
(./cover.tex

Package fontspec Info: 
(fontspec)             Could not resolve font "Microsoft YaHei Bold/I" (it
(fontspec)             probably doesn't exist).


Package fontspec Info: 
(fontspec)             Could not resolve font "Microsoft YaHei/I" (it probably
(fontspec)             doesn't exist).


Package fontspec Info: 
(fontspec)             Font family 'MicrosoftYaHei(0)' created for font
(fontspec)             'Microsoft YaHei' with options
(fontspec)             [Script={CJK},BoldFont={* Bold}].
(fontspec)              
(fontspec)              This font family consists of the following NFSS
(fontspec)             series/shapes:
(fontspec)              
(fontspec)             - 'normal' (m/n) with NFSS spec.: <->"Microsoft
(fontspec)             YaHei/OT:script=hani;language=dflt;"
(fontspec)             - 'bold' (b/n) with NFSS spec.: <->"Microsoft YaHei
(fontspec)             Bold/OT:script=hani;language=dflt;"
(fontspec)             - 'bold italic' (b/it) with NFSS spec.: <->"Microsoft
(fontspec)             YaHei/BI/OT:script=hani;language=dflt;"

LaTeX Font Info:    Calculating math sizes for size <14> on input line 21.
LaTeX Font Info:    Trying to load font information for U+msa on input line 21.
 (f:/texlive/2025/texmf-dist/tex/latex/amsfonts/umsa.fd
File: umsa.fd 2013/01/14 v3.01 AMS symbols A
)
LaTeX Font Info:    Trying to load font information for U+msb on input line 21.
 (f:/texlive/2025/texmf-dist/tex/latex/amsfonts/umsb.fd
File: umsb.fd 2013/01/14 v3.01 AMS symbols B
)
LaTeX Font Info:    Trying to load font information for U+esvect on input line 21.
 (f:/texlive/2025/texmf-dist/tex/latex/esvect/uesvect.fd
File: uesvect.fd 
)
LaTeX Font Info:    Trying to load font information for OMX+mdugm on input line 21.
 (f:/texlive/2025/texmf-dist/tex/latex/mathdesign/mdugm/omxmdugm.fd
File: omxmdugm.fd 2013/08/29 Fontinst v1.933 font definitions for OMX/mdugm.
)
LaTeX Font Info:    Calculating math sizes for size <13> on input line 26.


LaTeX Font Warning: Font shape `U/esvect/m/n' in size <13> not available
(Font)              size <12> substituted on input line 26.


LaTeX Font Warning: Font shape `U/esvect/m/n' in size <6.5> not available
(Font)              size <6> substituted on input line 26.

LaTeX Font Info:    Calculating math sizes for size <11> on input line 27.

LaTeX Font Warning: Font shape `U/esvect/m/n' in size <5.5> not available
(Font)              size <5> substituted on input line 27.



[1


])
Package hyperref Info: Option `pageanchor' set `true' on input line 168.

Package fontspec Info: 
(fontspec)             Could not resolve font "SimHei/I" (it probably doesn't
(fontspec)             exist).


Package fontspec Info: 
(fontspec)             Could not resolve font "SimHei/BI" (it probably doesn't
(fontspec)             exist).


Package fontspec Info: 
(fontspec)             Could not resolve font "SimHei/I" (it probably doesn't
(fontspec)             exist).


Package fontspec Info: 
(fontspec)             Font family 'SimHei(0)' created for font 'SimHei' with
(fontspec)             options [Script={CJK},AutoFakeBold={3}].
(fontspec)              
(fontspec)              This font family consists of the following NFSS
(fontspec)             series/shapes:
(fontspec)              
(fontspec)             - 'normal' (m/n) with NFSS spec.:
(fontspec)             <->"SimHei/OT:script=hani;language=dflt;"
(fontspec)             - 'bold' (b/n) with NFSS spec.:
(fontspec)             <->"SimHei/OT:script=hani;language=dflt;embolden=3;"

 (./拓扑学基础笔记b5.toc

[1



]


Package fontspec Info: 
(fontspec)             Could not resolve font "SimHei/I" (it probably doesn't
(fontspec)             exist).


Package fontspec Info: 
(fontspec)             Could not resolve font "SimHei/BI" (it probably doesn't
(fontspec)             exist).


Package fontspec Info: 
(fontspec)             Could not resolve font "SimHei/I" (it probably doesn't
(fontspec)             exist).


Package fontspec Info: 
(fontspec)             Font family 'SimHei(1)' created for font 'SimHei' with
(fontspec)             options [Script={CJK},AutoFakeBold={2.5}].
(fontspec)              
(fontspec)              This font family consists of the following NFSS
(fontspec)             series/shapes:
(fontspec)              
(fontspec)             - 'normal' (m/n) with NFSS spec.:
(fontspec)             <->"SimHei/OT:script=hani;language=dflt;"
(fontspec)             - 'bold' (b/n) with NFSS spec.:
(fontspec)             <->"SimHei/OT:script=hani;language=dflt;embolden=2.5;"


Package fancyhdr Warning: \headheight is too small (12.0pt): 
(fancyhdr)                Make it at least 12.34525pt, for example:
(fancyhdr)                \setlength{\headheight}{12.34525pt}.
(fancyhdr)                You might also make \topmargin smaller:
(fancyhdr)                \addtolength{\topmargin}{-0.34525pt}.

[2])
\tf@toc=\write6
\openout6 = `拓扑学基础笔记b5.toc'.




Package fancyhdr Warning: \headheight is too small (12.0pt): 
(fancyhdr)                Make it at least 12.34525pt, for example:
(fancyhdr)                \setlength{\headheight}{12.34525pt}.
(fancyhdr)                You might also make \topmargin smaller:
(fancyhdr)                \addtolength{\topmargin}{-0.34525pt}.

[3]

[4


] (./集合论复习.tex
1

Package fontspec Info: 
(fontspec)             Could not resolve font "KaiTi/I" (it probably doesn't
(fontspec)             exist).


Package fontspec Info: 
(fontspec)             Could not resolve font "KaiTi/BI" (it probably doesn't
(fontspec)             exist).


Package fontspec Info: 
(fontspec)             Could not resolve font "KaiTi/I" (it probably doesn't
(fontspec)             exist).


Package fontspec Info: 
(fontspec)             Font family 'KaiTi(0)' created for font 'KaiTi' with
(fontspec)             options [Script={CJK},AutoFakeBold={2.5}].
(fontspec)              
(fontspec)              This font family consists of the following NFSS
(fontspec)             series/shapes:
(fontspec)              
(fontspec)             - 'normal' (m/n) with NFSS spec.:
(fontspec)             <->"KaiTi/OT:script=hani;language=dflt;"
(fontspec)             - 'bold' (b/n) with NFSS spec.:
(fontspec)             <->"KaiTi/OT:script=hani;language=dflt;embolden=2.5;"


Underfull \hbox (badness 1057) in paragraph at lines 14--15
[]\TU/KaiTi(0)/m/n/10 设 $\OML/cmm/m/it/10 X[]; X[]; []  ; X[]$ \TU/KaiTi(0)/m/n/10 为 集 合，|  则 它 们 的[]\TU/KaiTi(0)/b/n/10 卡 氏 积[]\TU/KaiTi(0)/m/n/10 定 义 为 $\OML/cmm/m/it/10 X[] \OMS/cmsy/m/n/10 ^^B \OML/cmm/m/it/10 X[] \OMS/cmsy/m/n/10 ^^B [] ^^B \OML/cmm/m/it/10 X[] \OT1/cmr/m/n/10 :=
 []



[1



]


Package fancyhdr Warning: \headheight is too small (12.0pt): 
(fancyhdr)                Make it at least 12.34525pt, for example:
(fancyhdr)                \setlength{\headheight}{12.34525pt}.
(fancyhdr)                You might also make \topmargin smaller:
(fancyhdr)                \addtolength{\topmargin}{-0.34525pt}.

[2]

Package fontspec Info: 
(fontspec)             Could not resolve font "FangSong/I" (it probably
(fontspec)             doesn't exist).


Package fontspec Info: 
(fontspec)             Could not resolve font "FangSong/BI" (it probably
(fontspec)             doesn't exist).


Package fontspec Info: 
(fontspec)             Could not resolve font "FangSong/I" (it probably
(fontspec)             doesn't exist).


Package fontspec Info: 
(fontspec)             Font family 'FangSong(0)' created for font 'FangSong'
(fontspec)             with options [Script={CJK},AutoFakeBold={5}].
(fontspec)              
(fontspec)              This font family consists of the following NFSS
(fontspec)             series/shapes:
(fontspec)              
(fontspec)             - 'normal' (m/n) with NFSS spec.:
(fontspec)             <->"FangSong/OT:script=hani;language=dflt;"
(fontspec)             - 'bold' (b/n) with NFSS spec.:
(fontspec)             <->"FangSong/OT:script=hani;language=dflt;embolden=5;"




Package fancyhdr Warning: \headheight is too small (12.0pt): 
(fancyhdr)                Make it at least 12.34525pt, for example:
(fancyhdr)                \setlength{\headheight}{12.34525pt}.
(fancyhdr)                You might also make \topmargin smaller:
(fancyhdr)                \addtolength{\topmargin}{-0.34525pt}.

[3]
Overfull \hbox (3.85167pt too wide) in paragraph at lines 146--148
[][]
 []




Package fancyhdr Warning: \headheight is too small (12.0pt): 
(fancyhdr)                Make it at least 12.34525pt, for example:
(fancyhdr)                \setlength{\headheight}{12.34525pt}.
(fancyhdr)                You might also make \topmargin smaller:
(fancyhdr)                \addtolength{\topmargin}{-0.34525pt}.

[4]) (./拓扑空间.tex


Package fancyhdr Warning: \headheight is too small (12.0pt): 
(fancyhdr)                Make it at least 12.34525pt, for example:
(fancyhdr)                \setlength{\headheight}{12.34525pt}.
(fancyhdr)                You might also make \topmargin smaller:
(fancyhdr)                \addtolength{\topmargin}{-0.34525pt}.

[5]
2


[6

]


Package fancyhdr Warning: \headheight is too small (12.0pt): 
(fancyhdr)                Make it at least 12.34525pt, for example:
(fancyhdr)                \setlength{\headheight}{12.34525pt}.
(fancyhdr)                You might also make \topmargin smaller:
(fancyhdr)                \addtolength{\topmargin}{-0.34525pt}.

[7]
File: fig/2.1.1.png Graphic file (type bmp)
<fig/2.1.1.png>
File: fig/2.2.1.png Graphic file (type bmp)
<fig/2.2.1.png>


LaTeX Warning: `h' float specifier changed to `ht'.




Package fancyhdr Warning: \headheight is too small (12.0pt): 
(fancyhdr)                Make it at least 12.34525pt, for example:
(fancyhdr)                \setlength{\headheight}{12.34525pt}.
(fancyhdr)                You might also make \topmargin smaller:
(fancyhdr)                \addtolength{\topmargin}{-0.34525pt}.

[8]


Package fancyhdr Warning: \headheight is too small (12.0pt): 
(fancyhdr)                Make it at least 12.34525pt, for example:
(fancyhdr)                \setlength{\headheight}{12.34525pt}.
(fancyhdr)                You might also make \topmargin smaller:
(fancyhdr)                \addtolength{\topmargin}{-0.34525pt}.

[9]
File: fig/2.2.png Graphic file (type bmp)
<fig/2.2.png>

Overfull \hbox (36.44104pt too wide) in paragraph at lines 199--200
[]\TU/SimSun(0)/m/n/10 下 面 考 虑 集 合 $\OMS/cmsy/m/n/10 B[] \OT1/cmr/m/n/10 = [] \OML/cmm/m/it/10 :$
 []


Overfull \hbox (52.48209pt too wide) in paragraph at lines 199--200
\TU/SimSun(0)/m/n/10 很 容 易 证 明 它 满 足 拓 扑 基 的 条 件 \TU/lmr/m/n/10 1. \TU/SimSun(0)/m/n/10 并 且 $[] \OMS/cmsy/m/n/10 \
 []


Overfull \hbox (8.99524pt too wide) in paragraph at lines 199--200
[] \OT1/cmr/m/n/10 = [] []\OMS/cmsy/m/n/10 f\OML/cmm/m/it/10 a[]; c[]\OMS/cmsy/m/n/10 g\OML/cmm/m/it/10 ; []\OMS/cmsy/m/n/10 f\OML/cmm/m/it/10 b[]; d[]\OMS/cmsy/m/n/10 g[] ^^B [] ^^B [] []f\OML/cmm/m/it/10 a[]; c[]\OMS/cmsy/m/n/10 g\OML/cmm/m/it/10 ; []\OMS/cmsy/m/n/10 f\OML/cmm/m/it/10 b[]; d[]\OMS/cmsy/m/n/10 g[]$\TU/SimSun(0)/m/n/10 ，|
 []




Package fancyhdr Warning: \headheight is too small (12.0pt): 
(fancyhdr)                Make it at least 12.34525pt, for example:
(fancyhdr)                \setlength{\headheight}{12.34525pt}.
(fancyhdr)                You might also make \topmargin smaller:
(fancyhdr)                \addtolength{\topmargin}{-0.34525pt}.

[10]
File: fig/2.3.png Graphic file (type bmp)
<fig/2.3.png>
File: fig/2.4.png Graphic file (type bmp)
<fig/2.4.png>



Package fancyhdr Warning: \headheight is too small (12.0pt): 
(fancyhdr)                Make it at least 12.34525pt, for example:
(fancyhdr)                \setlength{\headheight}{12.34525pt}.
(fancyhdr)                You might also make \topmargin smaller:
(fancyhdr)                \addtolength{\topmargin}{-0.34525pt}.

[11]
File: fig/2.5.png Graphic file (type bmp)
<fig/2.5.png>


Package caption Warning: The option `hypcap=true' will be ignored for this
(caption)                particular \caption on input line 296.
See the caption package documentation for explanation.




Package fancyhdr Warning: \headheight is too small (12.0pt): 
(fancyhdr)                Make it at least 12.34525pt, for example:
(fancyhdr)                \setlength{\headheight}{12.34525pt}.
(fancyhdr)                You might also make \topmargin smaller:
(fancyhdr)                \addtolength{\topmargin}{-0.34525pt}.

[12]
File: fig/2.6.png Graphic file (type bmp)
<fig/2.6.png>



Package fancyhdr Warning: \headheight is too small (12.0pt): 
(fancyhdr)                Make it at least 12.34525pt, for example:
(fancyhdr)                \setlength{\headheight}{12.34525pt}.
(fancyhdr)                You might also make \topmargin smaller:
(fancyhdr)                \addtolength{\topmargin}{-0.34525pt}.

[13]
File: fig/2.7.png Graphic file (type bmp)
<fig/2.7.png>



Package fancyhdr Warning: \headheight is too small (12.0pt): 
(fancyhdr)                Make it at least 12.34525pt, for example:
(fancyhdr)                \setlength{\headheight}{12.34525pt}.
(fancyhdr)                You might also make \topmargin smaller:
(fancyhdr)                \addtolength{\topmargin}{-0.34525pt}.

[14]


Package fancyhdr Warning: \headheight is too small (12.0pt): 
(fancyhdr)                Make it at least 12.34525pt, for example:
(fancyhdr)                \setlength{\headheight}{12.34525pt}.
(fancyhdr)                You might also make \topmargin smaller:
(fancyhdr)                \addtolength{\topmargin}{-0.34525pt}.

[15]
File: fig/2.8.png Graphic file (type bmp)
<fig/2.8.png>
File: fig/2.9.png Graphic file (type bmp)
<fig/2.9.png>
File: example-image.pdf Graphic file (type pdf)
<use example-image.pdf>



Package fancyhdr Warning: \headheight is too small (12.0pt): 
(fancyhdr)                Make it at least 12.34525pt, for example:
(fancyhdr)                \setlength{\headheight}{12.34525pt}.
(fancyhdr)                You might also make \topmargin smaller:
(fancyhdr)                \addtolength{\topmargin}{-0.34525pt}.

[16]
File: fig/2.10.png Graphic file (type bmp)
<fig/2.10.png>



Package fancyhdr Warning: \headheight is too small (12.0pt): 
(fancyhdr)                Make it at least 12.34525pt, for example:
(fancyhdr)                \setlength{\headheight}{12.34525pt}.
(fancyhdr)                You might also make \topmargin smaller:
(fancyhdr)                \addtolength{\topmargin}{-0.34525pt}.

[17]


Package fancyhdr Warning: \headheight is too small (12.0pt): 
(fancyhdr)                Make it at least 12.34525pt, for example:
(fancyhdr)                \setlength{\headheight}{12.34525pt}.
(fancyhdr)                You might also make \topmargin smaller:
(fancyhdr)                \addtolength{\topmargin}{-0.34525pt}.

[18]
File: fig/2.11.png Graphic file (type bmp)
<fig/2.11.png>



Package fancyhdr Warning: \headheight is too small (12.0pt): 
(fancyhdr)                Make it at least 12.34525pt, for example:
(fancyhdr)                \setlength{\headheight}{12.34525pt}.
(fancyhdr)                You might also make \topmargin smaller:
(fancyhdr)                \addtolength{\topmargin}{-0.34525pt}.

[19]


Package fancyhdr Warning: \headheight is too small (12.0pt): 
(fancyhdr)                Make it at least 12.34525pt, for example:
(fancyhdr)                \setlength{\headheight}{12.34525pt}.
(fancyhdr)                You might also make \topmargin smaller:
(fancyhdr)                \addtolength{\topmargin}{-0.34525pt}.

[20]) (./映射.tex


Package fancyhdr Warning: \headheight is too small (12.0pt): 
(fancyhdr)                Make it at least 12.34525pt, for example:
(fancyhdr)                \setlength{\headheight}{12.34525pt}.
(fancyhdr)                You might also make \topmargin smaller:
(fancyhdr)                \addtolength{\topmargin}{-0.34525pt}.

[21]
3


[22

]
Missing character: There is no ： (U+FF1A) in font [lmroman10-regular]:mapping=tex-text;!

Overfull \hbox (3.85167pt too wide) in paragraph at lines 49--51
[][]
 []




Package fancyhdr Warning: \headheight is too small (12.0pt): 
(fancyhdr)                Make it at least 12.34525pt, for example:
(fancyhdr)                \setlength{\headheight}{12.34525pt}.
(fancyhdr)                You might also make \topmargin smaller:
(fancyhdr)                \addtolength{\topmargin}{-0.34525pt}.

[23]
File: fig/3.1.png Graphic file (type bmp)
<fig/3.1.png>



Package fancyhdr Warning: \headheight is too small (12.0pt): 
(fancyhdr)                Make it at least 12.34525pt, for example:
(fancyhdr)                \setlength{\headheight}{12.34525pt}.
(fancyhdr)                You might also make \topmargin smaller:
(fancyhdr)                \addtolength{\topmargin}{-0.34525pt}.

[24]
Overfull \hbox (40.07607pt too wide) in paragraph at lines 152--158
[]\TU/SimSun(0)/m/n/10 同 样 地，|  可 以 构 造 双 射 $[][]$，| $[][]$\TU/lmr/m/n/10 . \TU/SimSun(0)/m/n/10 其 中 $\OMS/cmsy/m/n/10 k\OML/cmm/m/it/10 x\OMS/cmsy/m/n/10 k \OT1/cmr/m/n/10 = []$\TU/lmr/m/n/10 . 
 []


Overfull \hbox (48.4241pt too wide) in paragraph at lines 161--167
[]\TU/SimSun(0)/m/n/10 存 在 双 射：| $[][]$ $[][]$ 
 []

File: fig/3.2.png Graphic file (type bmp)
<fig/3.2.png>

Package caption Warning: The option `hypcap=true' will be ignored for this
(caption)                particular \caption on input line 173.
See the caption package documentation for explanation.




Package fancyhdr Warning: \headheight is too small (12.0pt): 
(fancyhdr)                Make it at least 12.34525pt, for example:
(fancyhdr)                \setlength{\headheight}{12.34525pt}.
(fancyhdr)                You might also make \topmargin smaller:
(fancyhdr)                \addtolength{\topmargin}{-0.34525pt}.

[25]
File: fig/3.3.png Graphic file (type bmp)
<fig/3.3.png>


Package caption Warning: The option `hypcap=true' will be ignored for this
(caption)                particular \caption on input line 203.
See the caption package documentation for explanation.




Package fancyhdr Warning: \headheight is too small (12.0pt): 
(fancyhdr)                Make it at least 12.34525pt, for example:
(fancyhdr)                \setlength{\headheight}{12.34525pt}.
(fancyhdr)                You might also make \topmargin smaller:
(fancyhdr)                \addtolength{\topmargin}{-0.34525pt}.

[26]
File: fig/3.4.png Graphic file (type bmp)
<fig/3.4.png>


Package caption Warning: The option `hypcap=true' will be ignored for this
(caption)                particular \caption on input line 246.
See the caption package documentation for explanation.

File: fig/3.5.png Graphic file (type bmp)
<fig/3.5.png>

LaTeX Warning: `h' float specifier changed to `ht'.




Package fancyhdr Warning: \headheight is too small (12.0pt): 
(fancyhdr)                Make it at least 12.34525pt, for example:
(fancyhdr)                \setlength{\headheight}{12.34525pt}.
(fancyhdr)                You might also make \topmargin smaller:
(fancyhdr)                \addtolength{\topmargin}{-0.34525pt}.

[27]
File: fig/3.6.png Graphic file (type bmp)
<fig/3.6.png>


Package caption Warning: The option `hypcap=true' will be ignored for this
(caption)                particular \caption on input line 279.
See the caption package documentation for explanation.

File: fig/3.7.png Graphic file (type bmp)
<fig/3.7.png>

Package caption Warning: The option `hypcap=true' will be ignored for this
(caption)                particular \caption on input line 286.
See the caption package documentation for explanation.

File: fig/3.8.png Graphic file (type bmp)
<fig/3.8.png>

Package caption Warning: The option `hypcap=true' will be ignored for this
(caption)                particular \caption on input line 293.
See the caption package documentation for explanation.




Package fancyhdr Warning: \headheight is too small (12.0pt): 
(fancyhdr)                Make it at least 12.34525pt, for example:
(fancyhdr)                \setlength{\headheight}{12.34525pt}.
(fancyhdr)                You might also make \topmargin smaller:
(fancyhdr)                \addtolength{\topmargin}{-0.34525pt}.

[28]
File: fig/3.9.png Graphic file (type bmp)
<fig/3.9.png>


Package caption Warning: The option `hypcap=true' will be ignored for this
(caption)                particular \caption on input line 316.
See the caption package documentation for explanation.

File: fig/3.10.png Graphic file (type bmp)
<fig/3.10.png>

Package caption Warning: The option `hypcap=true' will be ignored for this
(caption)                particular \caption on input line 324.
See the caption package documentation for explanation.




Package fancyhdr Warning: \headheight is too small (12.0pt): 
(fancyhdr)                Make it at least 12.34525pt, for example:
(fancyhdr)                \setlength{\headheight}{12.34525pt}.
(fancyhdr)                You might also make \topmargin smaller:
(fancyhdr)                \addtolength{\topmargin}{-0.34525pt}.

[29]
4

Overfull \hbox (25.9862pt too wide) in paragraph at lines 351--352
[]\TU/SimSun(0)/m/n/10 在 $\U/msb/m/n/10 R[]$ \TU/SimSun(0)/m/n/10 中，| $\OML/cmm/m/it/10 x \OT1/cmr/m/n/10 = (\OML/cmm/m/it/10 x[]; [] ; x[]\OT1/cmr/m/n/10 )\OML/cmm/m/it/10 ; y \OT1/cmr/m/n/10 = (\OML/cmm/m/it/10 y[]; [] ; y[]\OT1/cmr/m/n/10 )$\TU/lmr/m/n/10 . \TU/SimSun(0)/m/n/10 则 $\OML/cmm/m/it/10 d\OT1/cmr/m/n/10 (\OML/cmm/m/it/10 x; y\OT1/cmr/m/n/10 ) = []$
 []

File: fig/4.1.png Graphic file (type bmp)
<fig/4.1.png>

Package caption Warning: The option `hypcap=true' will be ignored for this
(caption)                particular \caption on input line 374.
See the caption package documentation for explanation.



[30

]


Package fancyhdr Warning: \headheight is too small (12.0pt): 
(fancyhdr)                Make it at least 12.34525pt, for example:
(fancyhdr)                \setlength{\headheight}{12.34525pt}.
(fancyhdr)                You might also make \topmargin smaller:
(fancyhdr)                \addtolength{\topmargin}{-0.34525pt}.

[31]) (./分离与可数.tex


Package fancyhdr Warning: \headheight is too small (12.0pt): 
(fancyhdr)                Make it at least 12.34525pt, for example:
(fancyhdr)                \setlength{\headheight}{12.34525pt}.
(fancyhdr)                You might also make \topmargin smaller:
(fancyhdr)                \addtolength{\topmargin}{-0.34525pt}.

[32]
5
File: fig/5.1.png Graphic file (type bmp)
<fig/5.1.png>


[33

]
File: fig/5.2.png Graphic file (type bmp)
<fig/5.2.png>
File: fig/5.3.png Graphic file (type bmp)
<fig/5.3.png>


Package caption Warning: The option `hypcap=true' will be ignored for this
(caption)                particular \caption on input line 66.
See the caption package documentation for explanation.




Package fancyhdr Warning: \headheight is too small (12.0pt): 
(fancyhdr)                Make it at least 12.34525pt, for example:
(fancyhdr)                \setlength{\headheight}{12.34525pt}.
(fancyhdr)                You might also make \topmargin smaller:
(fancyhdr)                \addtolength{\topmargin}{-0.34525pt}.

[34]
File: fig/5.4.png Graphic file (type bmp)
<fig/5.4.png>


Package caption Warning: The option `hypcap=true' will be ignored for this
(caption)                particular \caption on input line 89.
See the caption package documentation for explanation.


Overfull \hbox (1.4038pt too wide) in paragraph at lines 80--90
[][] [] 
 []

File: fig/5.5.png Graphic file (type bmp)
<fig/5.5.png>

LaTeX Warning: `h' float specifier changed to `ht'.




Package fancyhdr Warning: \headheight is too small (12.0pt): 
(fancyhdr)                Make it at least 12.34525pt, for example:
(fancyhdr)                \setlength{\headheight}{12.34525pt}.
(fancyhdr)                You might also make \topmargin smaller:
(fancyhdr)                \addtolength{\topmargin}{-0.34525pt}.

[35]


Package fancyhdr Warning: \headheight is too small (12.0pt): 
(fancyhdr)                Make it at least 12.34525pt, for example:
(fancyhdr)                \setlength{\headheight}{12.34525pt}.
(fancyhdr)                You might also make \topmargin smaller:
(fancyhdr)                \addtolength{\topmargin}{-0.34525pt}.

[36]
File: fig/5.6.png Graphic file (type bmp)
<fig/5.6.png>


Package caption Warning: The option `hypcap=true' will be ignored for this
(caption)                particular \caption on input line 197.
See the caption package documentation for explanation.




Package fancyhdr Warning: \headheight is too small (12.0pt): 
(fancyhdr)                Make it at least 12.34525pt, for example:
(fancyhdr)                \setlength{\headheight}{12.34525pt}.
(fancyhdr)                You might also make \topmargin smaller:
(fancyhdr)                \addtolength{\topmargin}{-0.34525pt}.

[37]) (./紧致性.tex


Package fancyhdr Warning: \headheight is too small (12.0pt): 
(fancyhdr)                Make it at least 12.34525pt, for example:
(fancyhdr)                \setlength{\headheight}{12.34525pt}.
(fancyhdr)                You might also make \topmargin smaller:
(fancyhdr)                \addtolength{\topmargin}{-0.34525pt}.

[38]
6


[39

]


Package fancyhdr Warning: \headheight is too small (12.0pt): 
(fancyhdr)                Make it at least 12.34525pt, for example:
(fancyhdr)                \setlength{\headheight}{12.34525pt}.
(fancyhdr)                You might also make \topmargin smaller:
(fancyhdr)                \addtolength{\topmargin}{-0.34525pt}.

[40]
File: fig/6.1.png Graphic file (type bmp)
<fig/6.1.png>



Package fancyhdr Warning: \headheight is too small (12.0pt): 
(fancyhdr)                Make it at least 12.34525pt, for example:
(fancyhdr)                \setlength{\headheight}{12.34525pt}.
(fancyhdr)                You might also make \topmargin smaller:
(fancyhdr)                \addtolength{\topmargin}{-0.34525pt}.

[41]
Missing character: There is no 命 (U+547D) in font [lmroman7-regular]:mapping=tex-text;!
Missing character: There is no 题 (U+9898) in font [lmroman7-regular]:mapping=tex-text;!
Missing character: There is no 命 (U+547D) in font [lmroman7-regular]:mapping=tex-text;!
Missing character: There is no 题 (U+9898) in font [lmroman7-regular]:mapping=tex-text;!
Missing character: There is no 命 (U+547D) in font [lmroman7-regular]:mapping=tex-text;!
Missing character: There is no 题 (U+9898) in font [lmroman7-regular]:mapping=tex-text;!
Missing character: There is no 命 (U+547D) in font [lmroman7-regular]:mapping=tex-text;!
Missing character: There is no 题 (U+9898) in font [lmroman7-regular]:mapping=tex-text;!



Package fancyhdr Warning: \headheight is too small (12.0pt): 
(fancyhdr)                Make it at least 12.34525pt, for example:
(fancyhdr)                \setlength{\headheight}{12.34525pt}.
(fancyhdr)                You might also make \topmargin smaller:
(fancyhdr)                \addtolength{\topmargin}{-0.34525pt}.

[42]
File: fig/6.2.png Graphic file (type bmp)
<fig/6.2.png>
File: fig/6.3.png Graphic file (type bmp)
<fig/6.3.png>
File: fig/6.4.png Graphic file (type bmp)
<fig/6.4.png>

Overfull \hbox (2.21661pt too wide) in paragraph at lines 219--219
[]\TU/FangSong(0)/m/n/10 如 若 不 然，|  则 $\OMS/cmsy/m/n/10 9 \OML/cmm/m/it/10 x[] \OMS/cmsy/m/n/10 2 \OML/cmm/m/it/10 X$\TU/FangSong(0)/m/n/10 ，|  使 得 任 意 $\OML/cmm/m/it/10 U[]$ \TU/FangSong(0)/m/n/10 都 不 包 含 $\OML/cmm/m/it/10 B\OT1/cmr/m/n/10 (\OML/cmm/m/it/10 x[]; "\OT1/cmr/m/n/10 )$\TU/FangSong(0)/m/n/10 ，|  则 $\OML/cmm/m/it/10 d\OT1/cmr/m/n/10 (\OML/cmm/m/it/10 x[]; c[]\OT1/cmr/m/n/10 ) \OML/cmm/m/it/10 <
 []


Overfull \hbox (27.75508pt too wide) in paragraph at lines 224--224
[]\TU/SimHei(1)/b/n/10 例 \TU/lmr/bx/n/10 6.10[]$\OT1/cmr/m/n/10 [0\OML/cmm/m/it/10 ; \OT1/cmr/m/n/10 1] \OMS/cmsy/m/n/10 ^^Z \U/msb/m/n/10 E[]$ \TU/SimSun(0)/m/n/10 是 一 个 紧 致 度 量 空 间，| $\OMS/cmsy/m/n/10 O$ \TU/SimSun(0)/m/n/10 是 一 个 $\OT1/cmr/m/n/10 [0\OML/cmm/m/it/10 ; \OT1/cmr/m/n/10 1]$ \TU/SimSun(0)/m/n/10 的 开 覆 盖，|  则 $\OMS/cmsy/m/n/10 9 \OML/cmm/m/it/10 n \OMS/cmsy/m/n/10 2 \U/msb/m/n/10 Z[]\OML/cmm/m/it/10 ; [] []$
 []




Package fancyhdr Warning: \headheight is too small (12.0pt): 
(fancyhdr)                Make it at least 12.34525pt, for example:
(fancyhdr)                \setlength{\headheight}{12.34525pt}.
(fancyhdr)                You might also make \topmargin smaller:
(fancyhdr)                \addtolength{\topmargin}{-0.34525pt}.

[43]
File: fig/6.5.png Graphic file (type bmp)
<fig/6.5.png>


Package caption Warning: The option `hypcap=true' will be ignored for this
(caption)                particular \caption on input line 228.
See the caption package documentation for explanation.

File: fig/6.6.png Graphic file (type bmp)
<fig/6.6.png>



Package fancyhdr Warning: \headheight is too small (12.0pt): 
(fancyhdr)                Make it at least 12.34525pt, for example:
(fancyhdr)                \setlength{\headheight}{12.34525pt}.
(fancyhdr)                You might also make \topmargin smaller:
(fancyhdr)                \addtolength{\topmargin}{-0.34525pt}.

[44]


Package fancyhdr Warning: \headheight is too small (12.0pt): 
(fancyhdr)                Make it at least 12.34525pt, for example:
(fancyhdr)                \setlength{\headheight}{12.34525pt}.
(fancyhdr)                You might also make \topmargin smaller:
(fancyhdr)                \addtolength{\topmargin}{-0.34525pt}.

[45]
File: fig/6.7.png Graphic file (type bmp)
<fig/6.7.png>


Package caption Warning: The option `hypcap=true' will be ignored for this
(caption)                particular \caption on input line 317.
See the caption package documentation for explanation.


Overfull \hbox (1.53123pt too wide) in paragraph at lines 308--319
[]  [] [] 
 []

File: fig/6.8.png Graphic file (type bmp)
<fig/6.8.png>

Package caption Warning: The option `hypcap=true' will be ignored for this
(caption)                particular \caption on input line 329.
See the caption package documentation for explanation.


Overfull \hbox (1.81123pt too wide) in paragraph at lines 321--332
[][] []
 []




Package fancyhdr Warning: \headheight is too small (12.0pt): 
(fancyhdr)                Make it at least 12.34525pt, for example:
(fancyhdr)                \setlength{\headheight}{12.34525pt}.
(fancyhdr)                You might also make \topmargin smaller:
(fancyhdr)                \addtolength{\topmargin}{-0.34525pt}.

[46]
File: fig/6.9.png Graphic file (type bmp)
<fig/6.9.png>


Package caption Warning: The option `hypcap=true' will be ignored for this
(caption)                particular \caption on input line 355.
See the caption package documentation for explanation.

File: fig/6.10.png Graphic file (type bmp)
<fig/6.10.png>

Package caption Warning: The option `hypcap=true' will be ignored for this
(caption)                particular \caption on input line 363.
See the caption package documentation for explanation.

File: fig/6.11.png Graphic file (type bmp)
<fig/6.11.png>

Package caption Warning: The option `hypcap=true' will be ignored for this
(caption)                particular \caption on input line 372.
See the caption package documentation for explanation.

) (./连通性.tex


Package fancyhdr Warning: \headheight is too small (12.0pt): 
(fancyhdr)                Make it at least 12.34525pt, for example:
(fancyhdr)                \setlength{\headheight}{12.34525pt}.
(fancyhdr)                You might also make \topmargin smaller:
(fancyhdr)                \addtolength{\topmargin}{-0.34525pt}.

[47]
7


[48

]
File: fig/7.1.png Graphic file (type bmp)
<fig/7.1.png>



Package fancyhdr Warning: \headheight is too small (12.0pt): 
(fancyhdr)                Make it at least 12.34525pt, for example:
(fancyhdr)                \setlength{\headheight}{12.34525pt}.
(fancyhdr)                You might also make \topmargin smaller:
(fancyhdr)                \addtolength{\topmargin}{-0.34525pt}.

[49]
File: fig/7.2.png Graphic file (type bmp)
<fig/7.2.png>



Package fancyhdr Warning: \headheight is too small (12.0pt): 
(fancyhdr)                Make it at least 12.34525pt, for example:
(fancyhdr)                \setlength{\headheight}{12.34525pt}.
(fancyhdr)                You might also make \topmargin smaller:
(fancyhdr)                \addtolength{\topmargin}{-0.34525pt}.

[50]
File: fig/7.3.png Graphic file (type bmp)
<fig/7.3.png>



Package fancyhdr Warning: \headheight is too small (12.0pt): 
(fancyhdr)                Make it at least 12.34525pt, for example:
(fancyhdr)                \setlength{\headheight}{12.34525pt}.
(fancyhdr)                You might also make \topmargin smaller:
(fancyhdr)                \addtolength{\topmargin}{-0.34525pt}.

[51]


Package fancyhdr Warning: \headheight is too small (12.0pt): 
(fancyhdr)                Make it at least 12.34525pt, for example:
(fancyhdr)                \setlength{\headheight}{12.34525pt}.
(fancyhdr)                You might also make \topmargin smaller:
(fancyhdr)                \addtolength{\topmargin}{-0.34525pt}.

[52]
File: fig/7.4.png Graphic file (type bmp)
<fig/7.4.png>



Package fancyhdr Warning: \headheight is too small (12.0pt): 
(fancyhdr)                Make it at least 12.34525pt, for example:
(fancyhdr)                \setlength{\headheight}{12.34525pt}.
(fancyhdr)                You might also make \topmargin smaller:
(fancyhdr)                \addtolength{\topmargin}{-0.34525pt}.

[53]
File: fig/7.5.png Graphic file (type bmp)
<fig/7.5.png>



Package fancyhdr Warning: \headheight is too small (12.0pt): 
(fancyhdr)                Make it at least 12.34525pt, for example:
(fancyhdr)                \setlength{\headheight}{12.34525pt}.
(fancyhdr)                You might also make \topmargin smaller:
(fancyhdr)                \addtolength{\topmargin}{-0.34525pt}.

[54]
File: fig/7.6.png Graphic file (type bmp)
<fig/7.6.png>
File: fig/7.7.png Graphic file (type bmp)
<fig/7.7.png>



Package fancyhdr Warning: \headheight is too small (12.0pt): 
(fancyhdr)                Make it at least 12.34525pt, for example:
(fancyhdr)                \setlength{\headheight}{12.34525pt}.
(fancyhdr)                You might also make \topmargin smaller:
(fancyhdr)                \addtolength{\topmargin}{-0.34525pt}.

[55]
File: fig/7.8.png Graphic file (type bmp)
<fig/7.8.png>



Package fancyhdr Warning: \headheight is too small (12.0pt): 
(fancyhdr)                Make it at least 12.34525pt, for example:
(fancyhdr)                \setlength{\headheight}{12.34525pt}.
(fancyhdr)                You might also make \topmargin smaller:
(fancyhdr)                \addtolength{\topmargin}{-0.34525pt}.

[56]
File: fig/7.9.png Graphic file (type bmp)
<fig/7.9.png>


Package caption Warning: The option `hypcap=true' will be ignored for this
(caption)                particular \caption on input line 434.
See the caption package documentation for explanation.

File: fig/7.10.png Graphic file (type bmp)
<fig/7.10.png>

Package caption Warning: The option `hypcap=true' will be ignored for this
(caption)                particular \caption on input line 442.
See the caption package documentation for explanation.




Package fancyhdr Warning: \headheight is too small (12.0pt): 
(fancyhdr)                Make it at least 12.34525pt, for example:
(fancyhdr)                \setlength{\headheight}{12.34525pt}.
(fancyhdr)                You might also make \topmargin smaller:
(fancyhdr)                \addtolength{\topmargin}{-0.34525pt}.

[57]


Package fancyhdr Warning: \headheight is too small (12.0pt): 
(fancyhdr)                Make it at least 12.34525pt, for example:
(fancyhdr)                \setlength{\headheight}{12.34525pt}.
(fancyhdr)                You might also make \topmargin smaller:
(fancyhdr)                \addtolength{\topmargin}{-0.34525pt}.

[58]) (./商空间.tex


Package fancyhdr Warning: \headheight is too small (12.0pt): 
(fancyhdr)                Make it at least 12.34525pt, for example:
(fancyhdr)                \setlength{\headheight}{12.34525pt}.
(fancyhdr)                You might also make \topmargin smaller:
(fancyhdr)                \addtolength{\topmargin}{-0.34525pt}.

[59]
8


[60

]


Package fancyhdr Warning: \headheight is too small (12.0pt): 
(fancyhdr)                Make it at least 12.34525pt, for example:
(fancyhdr)                \setlength{\headheight}{12.34525pt}.
(fancyhdr)                You might also make \topmargin smaller:
(fancyhdr)                \addtolength{\topmargin}{-0.34525pt}.

[61]


Package fancyhdr Warning: \headheight is too small (12.0pt): 
(fancyhdr)                Make it at least 12.34525pt, for example:
(fancyhdr)                \setlength{\headheight}{12.34525pt}.
(fancyhdr)                You might also make \topmargin smaller:
(fancyhdr)                \addtolength{\topmargin}{-0.34525pt}.

[62]
File: fig/8.1.png Graphic file (type bmp)
<fig/8.1.png>


Package caption Warning: The option `hypcap=true' will be ignored for this
(caption)                particular \caption on input line 195.
See the caption package documentation for explanation.




Package fancyhdr Warning: \headheight is too small (12.0pt): 
(fancyhdr)                Make it at least 12.34525pt, for example:
(fancyhdr)                \setlength{\headheight}{12.34525pt}.
(fancyhdr)                You might also make \topmargin smaller:
(fancyhdr)                \addtolength{\topmargin}{-0.34525pt}.

[63]
File: fig/8.2.png Graphic file (type bmp)
<fig/8.2.png>
File: fig/8.3.png Graphic file (type bmp)
<fig/8.3.png>



Package fancyhdr Warning: \headheight is too small (12.0pt): 
(fancyhdr)                Make it at least 12.34525pt, for example:
(fancyhdr)                \setlength{\headheight}{12.34525pt}.
(fancyhdr)                You might also make \topmargin smaller:
(fancyhdr)                \addtolength{\topmargin}{-0.34525pt}.

[64]
File: fig/8.3-2.png Graphic file (type bmp)
<fig/8.3-2.png>


Package caption Warning: The option `hypcap=true' will be ignored for this
(caption)                particular \caption on input line 223.
See the caption package documentation for explanation.

File: fig/8.4.png Graphic file (type bmp)
<fig/8.4.png>

Package caption Warning: The option `hypcap=true' will be ignored for this
(caption)                particular \caption on input line 227.
See the caption package documentation for explanation.




Package fancyhdr Warning: \headheight is too small (12.0pt): 
(fancyhdr)                Make it at least 12.34525pt, for example:
(fancyhdr)                \setlength{\headheight}{12.34525pt}.
(fancyhdr)                You might also make \topmargin smaller:
(fancyhdr)                \addtolength{\topmargin}{-0.34525pt}.

[65]
File: fig/8.5.png Graphic file (type bmp)
<fig/8.5.png>


Package caption Warning: The option `hypcap=true' will be ignored for this
(caption)                particular \caption on input line 236.
See the caption package documentation for explanation.

File: fig/8.6.png Graphic file (type bmp)
<fig/8.6.png>

Package caption Warning: The option `hypcap=true' will be ignored for this
(caption)                particular \caption on input line 243.
See the caption package documentation for explanation.

File: fig/8.7.png Graphic file (type bmp)
<fig/8.7.png>

Package caption Warning: The option `hypcap=true' will be ignored for this
(caption)                particular \caption on input line 249.
See the caption package documentation for explanation.




Package fancyhdr Warning: \headheight is too small (12.0pt): 
(fancyhdr)                Make it at least 12.34525pt, for example:
(fancyhdr)                \setlength{\headheight}{12.34525pt}.
(fancyhdr)                You might also make \topmargin smaller:
(fancyhdr)                \addtolength{\topmargin}{-0.34525pt}.

[66]
File: fig/8.8.png Graphic file (type bmp)
<fig/8.8.png>


Package caption Warning: The option `hypcap=true' will be ignored for this
(caption)                particular \caption on input line 254.
See the caption package documentation for explanation.




Package fancyhdr Warning: \headheight is too small (12.0pt): 
(fancyhdr)                Make it at least 12.34525pt, for example:
(fancyhdr)                \setlength{\headheight}{12.34525pt}.
(fancyhdr)                You might also make \topmargin smaller:
(fancyhdr)                \addtolength{\topmargin}{-0.34525pt}.

[67]) (./曲面.tex


Package fancyhdr Warning: \headheight is too small (12.0pt): 
(fancyhdr)                Make it at least 12.34525pt, for example:
(fancyhdr)                \setlength{\headheight}{12.34525pt}.
(fancyhdr)                You might also make \topmargin smaller:
(fancyhdr)                \addtolength{\topmargin}{-0.34525pt}.

[68]
9
File: fig/9.1.png Graphic file (type bmp)
<fig/9.1.png>
File: fig/9.2.png Graphic file (type bmp)
<fig/9.2.png>

Package caption Warning: The option `hypcap=true' will be ignored for this
(caption)                particular \caption on input line 29.
See the caption package documentation for explanation.



[69

]
File: fig/9.3.png Graphic file (type bmp)
<fig/9.3.png>


Package caption Warning: The option `hypcap=true' will be ignored for this
(caption)                particular \caption on input line 40.
See the caption package documentation for explanation.

File: fig/9.4.png Graphic file (type bmp)
<fig/9.4.png>

Package caption Warning: The option `hypcap=true' will be ignored for this
(caption)                particular \caption on input line 46.
See the caption package documentation for explanation.


Overfull \hbox (14.6557pt too wide) in paragraph at lines 37--49
[][] [] 
 []

File: fig/9.5.png Graphic file (type bmp)
<fig/9.5.png>

LaTeX Warning: `h' float specifier changed to `ht'.

File: fig/9.6.png Graphic file (type bmp)
<fig/9.6.png>

Package caption Warning: The option `hypcap=true' will be ignored for this
(caption)                particular \caption on input line 84.
See the caption package documentation for explanation.




Package fancyhdr Warning: \headheight is too small (12.0pt): 
(fancyhdr)                Make it at least 12.34525pt, for example:
(fancyhdr)                \setlength{\headheight}{12.34525pt}.
(fancyhdr)                You might also make \topmargin smaller:
(fancyhdr)                \addtolength{\topmargin}{-0.34525pt}.

[70]
File: fig/9.8.png Graphic file (type bmp)
<fig/9.8.png>
File: fig/9.7.png Graphic file (type bmp)
<fig/9.7.png>
File: fig/9.9.png Graphic file (type bmp)
<fig/9.9.png>


Package caption Warning: The option `hypcap=true' will be ignored for this
(caption)                particular \caption on input line 110.
See the caption package documentation for explanation.




Package fancyhdr Warning: \headheight is too small (12.0pt): 
(fancyhdr)                Make it at least 12.34525pt, for example:
(fancyhdr)                \setlength{\headheight}{12.34525pt}.
(fancyhdr)                You might also make \topmargin smaller:
(fancyhdr)                \addtolength{\topmargin}{-0.34525pt}.

[71]
File: fig/9.10.png Graphic file (type bmp)
<fig/9.10.png>


Package caption Warning: The option `hypcap=true' will be ignored for this
(caption)                particular \caption on input line 121.
See the caption package documentation for explanation.

File: fig/9.11.png Graphic file (type bmp)
<fig/9.11.png>

Package caption Warning: The option `hypcap=true' will be ignored for this
(caption)                particular \caption on input line 129.
See the caption package documentation for explanation.

File: fig/9.12.png Graphic file (type bmp)
<fig/9.12.png>

Package caption Warning: The option `hypcap=true' will be ignored for this
(caption)                particular \caption on input line 136.
See the caption package documentation for explanation.




Package fancyhdr Warning: \headheight is too small (12.0pt): 
(fancyhdr)                Make it at least 12.34525pt, for example:
(fancyhdr)                \setlength{\headheight}{12.34525pt}.
(fancyhdr)                You might also make \topmargin smaller:
(fancyhdr)                \addtolength{\topmargin}{-0.34525pt}.

[72]
File: fig/9.13.png Graphic file (type bmp)
<fig/9.13.png>


Package caption Warning: The option `hypcap=true' will be ignored for this
(caption)                particular \caption on input line 147.
See the caption package documentation for explanation.

File: fig/9.14.png Graphic file (type bmp)
<fig/9.14.png>

Package caption Warning: The option `hypcap=true' will be ignored for this
(caption)                particular \caption on input line 175.
See the caption package documentation for explanation.

File: fig/9.15.png Graphic file (type bmp)
<fig/9.15.png>

Package caption Warning: The option `hypcap=true' will be ignored for this
(caption)                particular \caption on input line 185.
See the caption package documentation for explanation.

File: fig/9.16.png Graphic file (type bmp)
<fig/9.16.png>

Package caption Warning: The option `hypcap=true' will be ignored for this
(caption)                particular \caption on input line 191.
See the caption package documentation for explanation.


Overfull \hbox (156.88406pt too wide) in paragraph at lines 172--194
[][] [] []
 []




Package fancyhdr Warning: \headheight is too small (12.0pt): 
(fancyhdr)                Make it at least 12.34525pt, for example:
(fancyhdr)                \setlength{\headheight}{12.34525pt}.
(fancyhdr)                You might also make \topmargin smaller:
(fancyhdr)                \addtolength{\topmargin}{-0.34525pt}.

[73]
File: fig/9.17.png Graphic file (type bmp)
<fig/9.17.png>


Package caption Warning: The option `hypcap=true' will be ignored for this
(caption)                particular \caption on input line 201.
See the caption package documentation for explanation.




Package fancyhdr Warning: \headheight is too small (12.0pt): 
(fancyhdr)                Make it at least 12.34525pt, for example:
(fancyhdr)                \setlength{\headheight}{12.34525pt}.
(fancyhdr)                You might also make \topmargin smaller:
(fancyhdr)                \addtolength{\topmargin}{-0.34525pt}.

[74]
File: fig/9.18.png Graphic file (type bmp)
<fig/9.18.png>


Package caption Warning: The option `hypcap=true' will be ignored for this
(caption)                particular \caption on input line 261.
See the caption package documentation for explanation.

File: fig/9.19.png Graphic file (type bmp)
<fig/9.19.png>

Package caption Warning: The option `hypcap=true' will be ignored for this
(caption)                particular \caption on input line 266.
See the caption package documentation for explanation.

File: fig/9.20.png Graphic file (type bmp)
<fig/9.20.png>



Package fancyhdr Warning: \headheight is too small (12.0pt): 
(fancyhdr)                Make it at least 12.34525pt, for example:
(fancyhdr)                \setlength{\headheight}{12.34525pt}.
(fancyhdr)                You might also make \topmargin smaller:
(fancyhdr)                \addtolength{\topmargin}{-0.34525pt}.

[75]
File: fig/9.20-2.png Graphic file (type bmp)
<fig/9.20-2.png>


Package caption Warning: The option `hypcap=true' will be ignored for this
(caption)                particular \caption on input line 282.
See the caption package documentation for explanation.

File: fig/9.21.png Graphic file (type bmp)
<fig/9.21.png>

Package caption Warning: The option `hypcap=true' will be ignored for this
(caption)                particular \caption on input line 303.
See the caption package documentation for explanation.




Package fancyhdr Warning: \headheight is too small (12.0pt): 
(fancyhdr)                Make it at least 12.34525pt, for example:
(fancyhdr)                \setlength{\headheight}{12.34525pt}.
(fancyhdr)                You might also make \topmargin smaller:
(fancyhdr)                \addtolength{\topmargin}{-0.34525pt}.

[76]
File: fig/9.a-1.png Graphic file (type bmp)
<fig/9.a-1.png>
File: fig/9.a-2.png Graphic file (type bmp)
<fig/9.a-2.png>
File: fig/9.22.png Graphic file (type bmp)
<fig/9.22.png>


Package caption Warning: The option `hypcap=true' will be ignored for this
(caption)                particular \caption on input line 319.
See the caption package documentation for explanation.

File: fig/9.23.png Graphic file (type bmp)
<fig/9.23.png>

Package caption Warning: The option `hypcap=true' will be ignored for this
(caption)                particular \caption on input line 326.
See the caption package documentation for explanation.




Package fancyhdr Warning: \headheight is too small (12.0pt): 
(fancyhdr)                Make it at least 12.34525pt, for example:
(fancyhdr)                \setlength{\headheight}{12.34525pt}.
(fancyhdr)                You might also make \topmargin smaller:
(fancyhdr)                \addtolength{\topmargin}{-0.34525pt}.

[77]
File: fig/9.a.png Graphic file (type bmp)
<fig/9.a.png>
File: fig/9.b.png Graphic file (type bmp)
<fig/9.b.png>
File: fig/9.24.png Graphic file (type bmp)
<fig/9.24.png>


Package caption Warning: The option `hypcap=true' will be ignored for this
(caption)                particular \caption on input line 344.
See the caption package documentation for explanation.




Package fancyhdr Warning: \headheight is too small (12.0pt): 
(fancyhdr)                Make it at least 12.34525pt, for example:
(fancyhdr)                \setlength{\headheight}{12.34525pt}.
(fancyhdr)                You might also make \topmargin smaller:
(fancyhdr)                \addtolength{\topmargin}{-0.34525pt}.

[78]
File: fig/9.c.png Graphic file (type bmp)
<fig/9.c.png>
File: fig/9.d.png Graphic file (type bmp)
<fig/9.d.png>
File: fig/9.25.png Graphic file (type bmp)
<fig/9.25.png>


Package caption Warning: The option `hypcap=true' will be ignored for this
(caption)                particular \caption on input line 374.
See the caption package documentation for explanation.

File: fig/9.26.png Graphic file (type bmp)
<fig/9.26.png>

Package caption Warning: The option `hypcap=true' will be ignored for this
(caption)                particular \caption on input line 382.
See the caption package documentation for explanation.




Package fancyhdr Warning: \headheight is too small (12.0pt): 
(fancyhdr)                Make it at least 12.34525pt, for example:
(fancyhdr)                \setlength{\headheight}{12.34525pt}.
(fancyhdr)                You might also make \topmargin smaller:
(fancyhdr)                \addtolength{\topmargin}{-0.34525pt}.

[79]
File: fig/9.27.png Graphic file (type bmp)
<fig/9.27.png>
) (./同伦.tex


Package fancyhdr Warning: \headheight is too small (12.0pt): 
(fancyhdr)                Make it at least 12.34525pt, for example:
(fancyhdr)                \setlength{\headheight}{12.34525pt}.
(fancyhdr)                You might also make \topmargin smaller:
(fancyhdr)                \addtolength{\topmargin}{-0.34525pt}.

[80]
10
File: fig/10.1.png Graphic file (type bmp)
<fig/10.1.png>


[81

]
File: fig/10.2-1.png Graphic file (type bmp)
<fig/10.2-1.png>
File: fig/10.2-2.png Graphic file (type bmp)
<fig/10.2-2.png>



Package fancyhdr Warning: \headheight is too small (12.0pt): 
(fancyhdr)                Make it at least 12.34525pt, for example:
(fancyhdr)                \setlength{\headheight}{12.34525pt}.
(fancyhdr)                You might also make \topmargin smaller:
(fancyhdr)                \addtolength{\topmargin}{-0.34525pt}.

[82]
Overfull \hbox (39.79361pt too wide) in paragraph at lines 128--132
[]\TU/SimHei(1)/b/n/10 例 \TU/lmr/bx/n/10 10.4[]\TU/SimSun(0)/m/n/10 设 $\OML/cmm/m/it/10 f; g \OT1/cmr/m/n/10 : \OML/cmm/m/it/10 X \OMS/cmsy/m/n/10 ! \U/msb/m/n/10 E[]\OML/cmm/m/it/10 ; A \OT1/cmr/m/n/10 = \OMS/cmsy/m/n/10 f\OML/cmm/m/it/10 x \OMS/cmsy/m/n/10 2 \OML/cmm/m/it/10 X \OMS/cmsy/m/n/10 j \OML/cmm/m/it/10 f\OT1/cmr/m/n/10 (\OML/cmm/m/it/10 x\OT1/cmr/m/n/10 ) = \OML/cmm/m/it/10 g\OT1/cmr/m/n/10 (\OML/cmm/m/it/10 x\OT1/cmr/m/n/10 )\OMS/cmsy/m/n/10 g$\TU/lmr/m/n/10 . \TU/SimSun(0)/m/n/10 构 造 $[][]$ 
 []




Package fancyhdr Warning: \headheight is too small (12.0pt): 
(fancyhdr)                Make it at least 12.34525pt, for example:
(fancyhdr)                \setlength{\headheight}{12.34525pt}.
(fancyhdr)                You might also make \topmargin smaller:
(fancyhdr)                \addtolength{\topmargin}{-0.34525pt}.

[83]
File: fig/10.3.png Graphic file (type bmp)
<fig/10.3.png>
File: fig/10.4.png Graphic file (type bmp)
<fig/10.4.png>
File: fig/10.5.png Graphic file (type bmp)
<fig/10.5.png>



Package fancyhdr Warning: \headheight is too small (12.0pt): 
(fancyhdr)                Make it at least 12.34525pt, for example:
(fancyhdr)                \setlength{\headheight}{12.34525pt}.
(fancyhdr)                You might also make \topmargin smaller:
(fancyhdr)                \addtolength{\topmargin}{-0.34525pt}.

[84]
File: fig/10.6.png Graphic file (type bmp)
<fig/10.6.png>
File: fig/10.7.png Graphic file (type bmp)
<fig/10.7.png>
File: fig/10.8.png Graphic file (type bmp)
<fig/10.8.png>



Package fancyhdr Warning: \headheight is too small (12.0pt): 
(fancyhdr)                Make it at least 12.34525pt, for example:
(fancyhdr)                \setlength{\headheight}{12.34525pt}.
(fancyhdr)                You might also make \topmargin smaller:
(fancyhdr)                \addtolength{\topmargin}{-0.34525pt}.

[85]
File: fig/10.9.png Graphic file (type bmp)
<fig/10.9.png>
File: fig/10.10.png Graphic file (type bmp)
<fig/10.10.png>
File: fig/10.11.png Graphic file (type bmp)
<fig/10.11.png>



Package fancyhdr Warning: \headheight is too small (12.0pt): 
(fancyhdr)                Make it at least 12.34525pt, for example:
(fancyhdr)                \setlength{\headheight}{12.34525pt}.
(fancyhdr)                You might also make \topmargin smaller:
(fancyhdr)                \addtolength{\topmargin}{-0.34525pt}.

[86]
Overfull \hbox (23.20497pt too wide) in paragraph at lines 304--311
[][]\TU/FangSong(0)/m/n/10 令 $[][]$ 
 []

File: fig/10.12.png Graphic file (type bmp)
<fig/10.12.png>
File: fig/10.13.png Graphic file (type bmp)
<fig/10.13.png>

Overfull \hbox (6.3786pt too wide) in paragraph at lines 340--346
[]\TU/FangSong(0)/m/n/10 同 理 可 构 造 $[][]$ 
 []

File: fig/10.14.png Graphic file (type bmp)
<fig/10.14.png>
File: fig/10.15.png Graphic file (type bmp)
<fig/10.15.png>



Package fancyhdr Warning: \headheight is too small (12.0pt): 
(fancyhdr)                Make it at least 12.34525pt, for example:
(fancyhdr)                \setlength{\headheight}{12.34525pt}.
(fancyhdr)                You might also make \topmargin smaller:
(fancyhdr)                \addtolength{\topmargin}{-0.34525pt}.

[87]
File: fig/10.16.png Graphic file (type bmp)
<fig/10.16.png>



Package fancyhdr Warning: \headheight is too small (12.0pt): 
(fancyhdr)                Make it at least 12.34525pt, for example:
(fancyhdr)                \setlength{\headheight}{12.34525pt}.
(fancyhdr)                You might also make \topmargin smaller:
(fancyhdr)                \addtolength{\topmargin}{-0.34525pt}.

[88]
File: fig/10.17.png Graphic file (type bmp)
<fig/10.17.png>



Package fancyhdr Warning: \headheight is too small (12.0pt): 
(fancyhdr)                Make it at least 12.34525pt, for example:
(fancyhdr)                \setlength{\headheight}{12.34525pt}.
(fancyhdr)                You might also make \topmargin smaller:
(fancyhdr)                \addtolength{\topmargin}{-0.34525pt}.

[89]
File: fig/10.21.png Graphic file (type bmp)
<fig/10.21.png>
File: fig/10.19.png Graphic file (type bmp)
<fig/10.19.png>



Package fancyhdr Warning: \headheight is too small (12.0pt): 
(fancyhdr)                Make it at least 12.34525pt, for example:
(fancyhdr)                \setlength{\headheight}{12.34525pt}.
(fancyhdr)                You might also make \topmargin smaller:
(fancyhdr)                \addtolength{\topmargin}{-0.34525pt}.

[90]
File: fig/10.20.png Graphic file (type bmp)
<fig/10.20.png>
File: fig/10.21.png Graphic file (type bmp)
<fig/10.21.png>



Package fancyhdr Warning: \headheight is too small (12.0pt): 
(fancyhdr)                Make it at least 12.34525pt, for example:
(fancyhdr)                \setlength{\headheight}{12.34525pt}.
(fancyhdr)                You might also make \topmargin smaller:
(fancyhdr)                \addtolength{\topmargin}{-0.34525pt}.

[91]
File: fig/10.22.png Graphic file (type bmp)
<fig/10.22.png>


Package hyperref Warning: Token not allowed in a PDF string (Unicode):
(hyperref)                removing `math shift' on input line 629.


Package hyperref Warning: Token not allowed in a PDF string (Unicode):
(hyperref)                removing `\pi' on input line 629.


Package hyperref Warning: Token not allowed in a PDF string (Unicode):
(hyperref)                removing `subscript' on input line 629.


Package hyperref Warning: Token not allowed in a PDF string (Unicode):
(hyperref)                removing `superscript' on input line 629.


Package hyperref Warning: Token not allowed in a PDF string (Unicode):
(hyperref)                removing `math shift' on input line 629.

File: fig/10.23.png Graphic file (type bmp)
<fig/10.23.png>
File: fig/10.24.png Graphic file (type bmp)
<fig/10.24.png>



Package fancyhdr Warning: \headheight is too small (12.0pt): 
(fancyhdr)                Make it at least 12.34525pt, for example:
(fancyhdr)                \setlength{\headheight}{12.34525pt}.
(fancyhdr)                You might also make \topmargin smaller:
(fancyhdr)                \addtolength{\topmargin}{-0.34525pt}.

[92]
Overfull \hbox (6.23918pt too wide) in paragraph at lines 679--683
[]\TU/FangSong(0)/m/n/10 则 $[][]$ 
 []




Package fancyhdr Warning: \headheight is too small (12.0pt): 
(fancyhdr)                Make it at least 12.88527pt, for example:
(fancyhdr)                \setlength{\headheight}{12.88527pt}.
(fancyhdr)                You might also make \topmargin smaller:
(fancyhdr)                \addtolength{\topmargin}{-0.88527pt}.

[93]
File: fig/10.25.png Graphic file (type bmp)
<fig/10.25.png>



Package fancyhdr Warning: \headheight is too small (12.0pt): 
(fancyhdr)                Make it at least 12.34525pt, for example:
(fancyhdr)                \setlength{\headheight}{12.34525pt}.
(fancyhdr)                You might also make \topmargin smaller:
(fancyhdr)                \addtolength{\topmargin}{-0.34525pt}.

[94]
File: fig/10.26.png Graphic file (type bmp)
<fig/10.26.png>
File: fig/10.27.png Graphic file (type bmp)
<fig/10.27.png>
File: fig/10.28.png Graphic file (type bmp)
<fig/10.28.png>



Package fancyhdr Warning: \headheight is too small (12.0pt): 
(fancyhdr)                Make it at least 12.88527pt, for example:
(fancyhdr)                \setlength{\headheight}{12.88527pt}.
(fancyhdr)                You might also make \topmargin smaller:
(fancyhdr)                \addtolength{\topmargin}{-0.88527pt}.

[95]


Package fancyhdr Warning: \headheight is too small (12.0pt): 
(fancyhdr)                Make it at least 12.34525pt, for example:
(fancyhdr)                \setlength{\headheight}{12.34525pt}.
(fancyhdr)                You might also make \topmargin smaller:
(fancyhdr)                \addtolength{\topmargin}{-0.34525pt}.

[96]
File: fig/10.29.png Graphic file (type bmp)
<fig/10.29.png>



Package fancyhdr Warning: \headheight is too small (12.0pt): 
(fancyhdr)                Make it at least 12.34525pt, for example:
(fancyhdr)                \setlength{\headheight}{12.34525pt}.
(fancyhdr)                You might also make \topmargin smaller:
(fancyhdr)                \addtolength{\topmargin}{-0.34525pt}.

[97]
File: fig/10.30.png Graphic file (type bmp)
<fig/10.30.png>



Package fancyhdr Warning: \headheight is too small (12.0pt): 
(fancyhdr)                Make it at least 12.34525pt, for example:
(fancyhdr)                \setlength{\headheight}{12.34525pt}.
(fancyhdr)                You might also make \topmargin smaller:
(fancyhdr)                \addtolength{\topmargin}{-0.34525pt}.

[98]


Package fancyhdr Warning: \headheight is too small (12.0pt): 
(fancyhdr)                Make it at least 12.34525pt, for example:
(fancyhdr)                \setlength{\headheight}{12.34525pt}.
(fancyhdr)                You might also make \topmargin smaller:
(fancyhdr)                \addtolength{\topmargin}{-0.34525pt}.

[99]
File: fig/10.31.png Graphic file (type bmp)
<fig/10.31.png>



Package fancyhdr Warning: \headheight is too small (12.0pt): 
(fancyhdr)                Make it at least 12.34525pt, for example:
(fancyhdr)                \setlength{\headheight}{12.34525pt}.
(fancyhdr)                You might also make \topmargin smaller:
(fancyhdr)                \addtolength{\topmargin}{-0.34525pt}.

[100]


Package fancyhdr Warning: \headheight is too small (12.0pt): 
(fancyhdr)                Make it at least 12.34525pt, for example:
(fancyhdr)                \setlength{\headheight}{12.34525pt}.
(fancyhdr)                You might also make \topmargin smaller:
(fancyhdr)                \addtolength{\topmargin}{-0.34525pt}.

[101]
File: fig/10.32.png Graphic file (type bmp)
<fig/10.32.png>



Package fancyhdr Warning: \headheight is too small (12.0pt): 
(fancyhdr)                Make it at least 12.34525pt, for example:
(fancyhdr)                \setlength{\headheight}{12.34525pt}.
(fancyhdr)                You might also make \topmargin smaller:
(fancyhdr)                \addtolength{\topmargin}{-0.34525pt}.

[102]
File: fig/10.33.png Graphic file (type bmp)
<fig/10.33.png>
File: fig/10.34.png Graphic file (type bmp)
<fig/10.34.png>



Package fancyhdr Warning: \headheight is too small (12.0pt): 
(fancyhdr)                Make it at least 12.34525pt, for example:
(fancyhdr)                \setlength{\headheight}{12.34525pt}.
(fancyhdr)                You might also make \topmargin smaller:
(fancyhdr)                \addtolength{\topmargin}{-0.34525pt}.

[103]
File: fig/10.35.png Graphic file (type bmp)
<fig/10.35.png>



Package fancyhdr Warning: \headheight is too small (12.0pt): 
(fancyhdr)                Make it at least 12.34525pt, for example:
(fancyhdr)                \setlength{\headheight}{12.34525pt}.
(fancyhdr)                You might also make \topmargin smaller:
(fancyhdr)                \addtolength{\topmargin}{-0.34525pt}.

[104]
File: example-image.pdf Graphic file (type pdf)
<use example-image.pdf>



Package fancyhdr Warning: \headheight is too small (12.0pt): 
(fancyhdr)                Make it at least 12.34525pt, for example:
(fancyhdr)                \setlength{\headheight}{12.34525pt}.
(fancyhdr)                You might also make \topmargin smaller:
(fancyhdr)                \addtolength{\topmargin}{-0.34525pt}.

[105]


Package fancyhdr Warning: \headheight is too small (12.0pt): 
(fancyhdr)                Make it at least 12.34525pt, for example:
(fancyhdr)                \setlength{\headheight}{12.34525pt}.
(fancyhdr)                You might also make \topmargin smaller:
(fancyhdr)                \addtolength{\topmargin}{-0.34525pt}.

[106]
File: example-image.pdf Graphic file (type pdf)
<use example-image.pdf>
File: example-image.pdf Graphic file (type pdf)
<use example-image.pdf>



Package fancyhdr Warning: \headheight is too small (12.0pt): 
(fancyhdr)                Make it at least 12.34525pt, for example:
(fancyhdr)                \setlength{\headheight}{12.34525pt}.
(fancyhdr)                You might also make \topmargin smaller:
(fancyhdr)                \addtolength{\topmargin}{-0.34525pt}.

[107]
File: example-image.pdf Graphic file (type pdf)
<use example-image.pdf>
File: example-image.pdf Graphic file (type pdf)
<use example-image.pdf>



Package fancyhdr Warning: \headheight is too small (12.0pt): 
(fancyhdr)                Make it at least 12.34525pt, for example:
(fancyhdr)                \setlength{\headheight}{12.34525pt}.
(fancyhdr)                You might also make \topmargin smaller:
(fancyhdr)                \addtolength{\topmargin}{-0.34525pt}.

[108]
Overfull \hbox (31.19897pt too wide) in paragraph at lines 1374--1374
[]\TU/SimHei(1)/b/n/10 例 \TU/lmr/bx/n/10 10.27[]\TU/SimSun(0)/m/n/10 考 虑 两 个 无 限 循 环 群 $\U/msb/m/n/10 Z \OT1/cmr/m/n/10 = \OMS/cmsy/m/n/10 f[] \OML/cmm/m/it/10 ; a[]; a[]; \OT1/cmr/m/n/10 1\OML/cmm/m/it/10 ; a; a[]; [] \OMS/cmsy/m/n/10 g$\TU/SimSun(0)/m/n/10 ，| $\U/msb/m/n/10 Z \OT1/cmr/m/n/10 = \OMS/cmsy/m/n/10 f[] \OML/cmm/m/it/10 ; b[]; b[]; \OT1/cmr/m/n/10 1\OML/cmm/m/it/10 ; b; b[]; [] \OMS/cmsy/m/n/10 g$\TU/lmr/m/n/10 . 
 []

File: example-image.pdf Graphic file (type pdf)
<use example-image.pdf>



Package fancyhdr Warning: \headheight is too small (12.0pt): 
(fancyhdr)                Make it at least 12.34525pt, for example:
(fancyhdr)                \setlength{\headheight}{12.34525pt}.
(fancyhdr)                You might also make \topmargin smaller:
(fancyhdr)                \addtolength{\topmargin}{-0.34525pt}.

[109]


Package fancyhdr Warning: \headheight is too small (12.0pt): 
(fancyhdr)                Make it at least 12.34525pt, for example:
(fancyhdr)                \setlength{\headheight}{12.34525pt}.
(fancyhdr)                You might also make \topmargin smaller:
(fancyhdr)                \addtolength{\topmargin}{-0.34525pt}.

[110]
Overfull \hbox (70.2962pt too wide) in paragraph at lines 1433--1438
[][] [] 
 []


Overfull \hbox (2.13794pt too wide) in paragraph at lines 1441--1445
[]\TU/SimSun(0)/m/n/10 定 义 $[][]$，|  其 中 $\OML/cmm/m/it/10 ^^K[] \OMS/cmsy/m/n/10 2
 []

File: fig/12.1.png Graphic file (type bmp)
<fig/12.1.png>



Package fancyhdr Warning: \headheight is too small (12.0pt): 
(fancyhdr)                Make it at least 12.34525pt, for example:
(fancyhdr)                \setlength{\headheight}{12.34525pt}.
(fancyhdr)                You might also make \topmargin smaller:
(fancyhdr)                \addtolength{\topmargin}{-0.34525pt}.

[111]
Overfull \hbox (31.76569pt too wide) in paragraph at lines 1476--1481
[]$[][]$\TU/lmr/m/n/10 .
 []




Package fancyhdr Warning: \headheight is too small (12.0pt): 
(fancyhdr)                Make it at least 12.34525pt, for example:
(fancyhdr)                \setlength{\headheight}{12.34525pt}.
(fancyhdr)                You might also make \topmargin smaller:
(fancyhdr)                \addtolength{\topmargin}{-0.34525pt}.

[112]
File: example-image.pdf Graphic file (type pdf)
<use example-image.pdf>
File: example-image.pdf Graphic file (type pdf)
<use example-image.pdf>



Package fancyhdr Warning: \headheight is too small (12.0pt): 
(fancyhdr)                Make it at least 12.34525pt, for example:
(fancyhdr)                \setlength{\headheight}{12.34525pt}.
(fancyhdr)                You might also make \topmargin smaller:
(fancyhdr)                \addtolength{\topmargin}{-0.34525pt}.

[113]
File: example-image.pdf Graphic file (type pdf)
<use example-image.pdf>
File: example-image.pdf Graphic file (type pdf)
<use example-image.pdf>



Package fancyhdr Warning: \headheight is too small (12.0pt): 
(fancyhdr)                Make it at least 12.34525pt, for example:
(fancyhdr)                \setlength{\headheight}{12.34525pt}.
(fancyhdr)                You might also make \topmargin smaller:
(fancyhdr)                \addtolength{\topmargin}{-0.34525pt}.

[114]
File: fig/10.45.png Graphic file (type bmp)
<fig/10.45.png>
File: example-image.pdf Graphic file (type pdf)
<use example-image.pdf>



Package fancyhdr Warning: \headheight is too small (12.0pt): 
(fancyhdr)                Make it at least 12.34525pt, for example:
(fancyhdr)                \setlength{\headheight}{12.34525pt}.
(fancyhdr)                You might also make \topmargin smaller:
(fancyhdr)                \addtolength{\topmargin}{-0.34525pt}.

[115]
File: example-image.pdf Graphic file (type pdf)
<use example-image.pdf>
File: example-image.pdf Graphic file (type pdf)
<use example-image.pdf>



Package fancyhdr Warning: \headheight is too small (12.0pt): 
(fancyhdr)                Make it at least 12.34525pt, for example:
(fancyhdr)                \setlength{\headheight}{12.34525pt}.
(fancyhdr)                You might also make \topmargin smaller:
(fancyhdr)                \addtolength{\topmargin}{-0.34525pt}.

[116]
File: example-image.pdf Graphic file (type pdf)
<use example-image.pdf>



Package fancyhdr Warning: \headheight is too small (12.0pt): 
(fancyhdr)                Make it at least 12.34525pt, for example:
(fancyhdr)                \setlength{\headheight}{12.34525pt}.
(fancyhdr)                You might also make \topmargin smaller:
(fancyhdr)                \addtolength{\topmargin}{-0.34525pt}.

[117]) (./拓扑的应用.tex


Package fancyhdr Warning: \headheight is too small (12.0pt): 
(fancyhdr)                Make it at least 12.34525pt, for example:
(fancyhdr)                \setlength{\headheight}{12.34525pt}.
(fancyhdr)                You might also make \topmargin smaller:
(fancyhdr)                \addtolength{\topmargin}{-0.34525pt}.

[118]
11


[119

]
Overfull \hbox (18.52281pt too wide) in paragraph at lines 43--47
[]\TU/FangSong(0)/m/n/10 令 $\OML/cmm/m/it/10 D[] \OT1/cmr/m/n/10 = \OMS/cmsy/m/n/10 f\OML/cmm/m/it/10 z \OMS/cmsy/m/n/10 2 \U/msb/m/n/10 C \OMS/cmsy/m/n/10 j j\OML/cmm/m/it/10 z\OMS/cmsy/m/n/10 j \U/msa/m/n/10 6 \OT1/cmr/m/n/10 1\OMS/cmsy/m/n/10 g$\TU/FangSong(0)/m/n/10 ，| $\OML/cmm/m/it/10 @D[] \OT1/cmr/m/n/10 = \OML/cmm/m/it/10 S[]$\TU/FangSong(0)/m/n/10 ，| $[][]$\TU/lmr/m/n/10 . 
 []




Package fancyhdr Warning: \headheight is too small (12.0pt): 
(fancyhdr)                Make it at least 12.34525pt, for example:
(fancyhdr)                \setlength{\headheight}{12.34525pt}.
(fancyhdr)                You might also make \topmargin smaller:
(fancyhdr)                \addtolength{\topmargin}{-0.34525pt}.

[120]
Overfull \hbox (20.43253pt too wide) in paragraph at lines 110--127
[][]   [] 
 []

File: example-image.pdf Graphic file (type pdf)
<use example-image.pdf>



Package fancyhdr Warning: \headheight is too small (12.0pt): 
(fancyhdr)                Make it at least 12.34525pt, for example:
(fancyhdr)                \setlength{\headheight}{12.34525pt}.
(fancyhdr)                You might also make \topmargin smaller:
(fancyhdr)                \addtolength{\topmargin}{-0.34525pt}.

[121]
File: example-image.pdf Graphic file (type pdf)
<use example-image.pdf>
)


Package fancyhdr Warning: \headheight is too small (12.0pt): 
(fancyhdr)                Make it at least 12.34525pt, for example:
(fancyhdr)                \setlength{\headheight}{12.34525pt}.
(fancyhdr)                You might also make \topmargin smaller:
(fancyhdr)                \addtolength{\topmargin}{-0.34525pt}.

[122]
runsystem(makeindex -s pinyin.ist 拓扑学基础笔记b5.idx)...executed safely (allowed).

 (./拓扑学基础笔记b5.ind [123


])


Package fancyhdr Warning: \headheight is too small (12.0pt): 
(fancyhdr)                Make it at least 12.34525pt, for example:
(fancyhdr)                \setlength{\headheight}{12.34525pt}.
(fancyhdr)                You might also make \topmargin smaller:
(fancyhdr)                \addtolength{\topmargin}{-0.34525pt}.

[124] (./拓扑学基础笔记b5.aux)
 ***********
LaTeX2e <2024-11-01> patch level 2
L3 programming layer <2022/07/14>
 ***********


LaTeX Font Warning: Size substitutions with differences
(Font)              up to 1.0pt have occurred.

Package rerunfilecheck Info: File `拓扑学基础笔记b5.out' has not changed.
(rerunfilecheck)             Checksum: D479C7416AD68BEFC13B037B598FFBF7;8171.
 ) 
Here is how much of TeX's memory you used:
 46271 strings out of 473832
 1022012 string characters out of 5733157
 1480332 words of memory out of 5000000
 68351 multiletter control sequences out of 15000+600000
 612196 words of font info for 302 fonts, out of 8000000 for 9000
 1348 hyphenation exceptions out of 8191
 131i,22n,135p,3238b,1307s stack positions out of 10000i,1000n,20000p,200000b,200000s

Output written on 拓扑学基础笔记b5.pdf (129 pages).
