This is XeTeX, Version 3.141592653-2.6-0.999997 (TeX Live 2025) (preloaded format=xelatex 2025.10.9)  19 MAY 2026 15:16
entering extended mode
 restricted \write18 enabled.
 file:line:error style messages enabled.
 %&-line parsing enabled.
**微分方程数值解笔记
(./微分方程数值解笔记.tex
LaTeX2e <2024-11-01> patch level 2
L3 programming layer <2025-01-18>
(/usr/local/texlive/2025/texmf-dist/tex/latex/ctex/ctexbook.cls (/usr/local/texlive/2025/texmf-dist/tex/latex/ctex/config/ctexbackend.cfg
File: ctexbackend.cfg 2022/07/14 v2.5.10 Backend configuration file (CTEX)
) (/usr/local/texlive/2025/texmf-dist/tex/latex/l3kernel/expl3.sty
Package: expl3 2025-01-18 L3 programming layer (loader) 
 (/usr/local/texlive/2025/texmf-dist/tex/latex/l3backend/l3backend-xetex.def
File: l3backend-xetex.def 2024-05-08 L3 backend support: XeTeX
\g__graphics_track_int=\count192
\l__pdf_internal_box=\box52
\g__pdf_backend_annotation_int=\count193
\g__pdf_backend_link_int=\count194
))
Document Class: ctexbook 2022/07/14 v2.5.10 Chinese adapter for class book (CTEX)
(/usr/local/texlive/2025/texmf-dist/tex/latex/ctex/ctexhook.sty
Package: ctexhook 2022/07/14 v2.5.10 Document and package hooks (CTEX)
) (/usr/local/texlive/2025/texmf-dist/tex/latex/ctex/ctexpatch.sty
Package: ctexpatch 2022/07/14 v2.5.10 Patching commands (CTEX)
) (/usr/local/texlive/2025/texmf-dist/tex/latex/base/fix-cm.sty
Package: fix-cm 2020/11/24 v1.1t fixes to LaTeX
 (/usr/local/texlive/2025/texmf-dist/tex/latex/base/ts1enc.def
File: ts1enc.def 2001/06/05 v3.0e (jk/car/fm) Standard LaTeX file
LaTeX Font Info:    Redeclaring font encoding TS1 on input line 47.
))
\l__ctex_tmp_int=\count195
\l__ctex_tmp_box=\box53
\l__ctex_tmp_dim=\dimen141
\g__ctex_section_depth_int=\count196
\g__ctex_font_size_int=\count197
 (/usr/local/texlive/2025/texmf-dist/tex/latex/ctex/config/ctexopts.cfg
File: ctexopts.cfg 2022/07/14 v2.5.10 Option configuration file (CTEX)
) (/usr/local/texlive/2025/texmf-dist/tex/latex/base/book.cls
Document Class: book 2024/06/29 v1.4n Standard LaTeX document class
(/usr/local/texlive/2025/texmf-dist/tex/latex/base/bk10.clo
File: bk10.clo 2024/06/29 v1.4n Standard LaTeX file (size option)
)
\c@part=\count198
\c@chapter=\count199
\c@section=\count266
\c@subsection=\count267
\c@subsubsection=\count268
\c@paragraph=\count269
\c@subparagraph=\count270
\c@figure=\count271
\c@table=\count272
\abovecaptionskip=\skip49
\belowcaptionskip=\skip50
\bibindent=\dimen142
) (/usr/local/texlive/2025/texmf-dist/tex/latex/ctex/engine/ctex-engine-xetex.def
File: ctex-engine-xetex.def 2022/07/14 v2.5.10 XeLaTeX adapter (CTEX)
 (/usr/local/texlive/2025/texmf-dist/tex/xelatex/xecjk/xeCJK.sty
Package: xeCJK 2022/08/05 v3.9.1 Typesetting CJK scripts with XeLaTeX
 (/usr/local/texlive/2025/texmf-dist/tex/latex/l3packages/xtemplate/xtemplate.sty
Package: xtemplate 2024-08-16 L3 Experimental prototype document functions
)
\l__xeCJK_tmp_int=\count273
\l__xeCJK_tmp_box=\box54
\l__xeCJK_tmp_dim=\dimen143
\l__xeCJK_tmp_skip=\skip51
\g__xeCJK_space_factor_int=\count274
\l__xeCJK_begin_int=\count275
\l__xeCJK_end_int=\count276
\c__xeCJK_CJK_class_int=\XeTeXcharclass1
\c__xeCJK_FullLeft_class_int=\XeTeXcharclass2
\c__xeCJK_FullRight_class_int=\XeTeXcharclass3
\c__xeCJK_HalfLeft_class_int=\XeTeXcharclass4
\c__xeCJK_HalfRight_class_int=\XeTeXcharclass5
\c__xeCJK_NormalSpace_class_int=\XeTeXcharclass6
\c__xeCJK_CM_class_int=\XeTeXcharclass7
\c__xeCJK_HangulJamo_class_int=\XeTeXcharclass8
\l__xeCJK_last_skip=\skip52
\c__xeCJK_none_node=\count277
\g__xeCJK_node_int=\count278
\c__xeCJK_CJK_node_dim=\dimen144
\c__xeCJK_CJK-space_node_dim=\dimen145
\c__xeCJK_default_node_dim=\dimen146
\c__xeCJK_CJK-widow_node_dim=\dimen147
\c__xeCJK_normalspace_node_dim=\dimen148
\c__xeCJK_default-space_node_skip=\skip53
\l__xeCJK_ccglue_skip=\skip54
\l__xeCJK_ecglue_skip=\skip55
\l__xeCJK_punct_kern_skip=\skip56
\l__xeCJK_indent_box=\box55
\l__xeCJK_last_penalty_int=\count279
\l__xeCJK_last_bound_dim=\dimen149
\l__xeCJK_last_kern_dim=\dimen150
\l__xeCJK_widow_penalty_int=\count280

LaTeX template Info: Declaring template type 'xeCJK/punctuation' taking 0
(template)           argument(s) on line 2396.

\l__xeCJK_fixed_punct_width_dim=\dimen151
\l__xeCJK_mixed_punct_width_dim=\dimen152
\l__xeCJK_middle_punct_width_dim=\dimen153
\l__xeCJK_fixed_margin_width_dim=\dimen154
\l__xeCJK_mixed_margin_width_dim=\dimen155
\l__xeCJK_middle_margin_width_dim=\dimen156
\l__xeCJK_bound_punct_width_dim=\dimen157
\l__xeCJK_bound_margin_width_dim=\dimen158
\l__xeCJK_margin_minimum_dim=\dimen159
\l__xeCJK_kerning_total_width_dim=\dimen160
\l__xeCJK_same_align_margin_dim=\dimen161
\l__xeCJK_different_align_margin_dim=\dimen162
\l__xeCJK_kerning_margin_width_dim=\dimen163
\l__xeCJK_kerning_margin_minimum_dim=\dimen164
\l__xeCJK_bound_dim=\dimen165
\l__xeCJK_reverse_bound_dim=\dimen166
\l__xeCJK_margin_dim=\dimen167
\l__xeCJK_minimum_bound_dim=\dimen168
\l__xeCJK_kerning_margin_dim=\dimen169
\g__xeCJK_family_int=\count281
\l__xeCJK_fam_int=\count282
\g__xeCJK_fam_allocation_int=\count283
\l__xeCJK_verb_case_int=\count284
\l__xeCJK_verb_exspace_skip=\skip57
 (/usr/local/texlive/2025/texmf-dist/tex/latex/fontspec/fontspec.sty (/usr/local/texlive/2025/texmf-dist/tex/latex/l3packages/xparse/xparse.sty
Package: xparse 2024-08-16 L3 Experimental document command parser
)
Package: fontspec 2024/05/11 v2.9e Font selection for XeLaTeX and LuaLaTeX
 (/usr/local/texlive/2025/texmf-dist/tex/latex/fontspec/fontspec-xetex.sty
Package: fontspec-xetex 2024/05/11 v2.9e Font selection for XeLaTeX and LuaLaTeX
\l__fontspec_script_int=\count285
\l__fontspec_language_int=\count286
\l__fontspec_strnum_int=\count287
\l__fontspec_tmp_int=\count288
\l__fontspec_tmpa_int=\count289
\l__fontspec_tmpb_int=\count290
\l__fontspec_tmpc_int=\count291
\l__fontspec_em_int=\count292
\l__fontspec_emdef_int=\count293
\l__fontspec_strong_int=\count294
\l__fontspec_strongdef_int=\count295
\l__fontspec_tmpa_dim=\dimen170
\l__fontspec_tmpb_dim=\dimen171
\l__fontspec_tmpc_dim=\dimen172
 (/usr/local/texlive/2025/texmf-dist/tex/latex/base/fontenc.sty
Package: fontenc 2021/04/29 v2.0v Standard LaTeX package
) (/usr/local/texlive/2025/texmf-dist/tex/latex/fontspec/fontspec.cfg))) (/usr/local/texlive/2025/texmf-dist/tex/xelatex/xecjk/xeCJK.cfg
File: xeCJK.cfg 2022/08/05 v3.9.1 Configuration file for xeCJK package
))
\ccwd=\dimen173
\l__ctex_ccglue_skip=\skip58
)
\l__ctex_ziju_dim=\dimen174
 (/usr/local/texlive/2025/texmf-dist/tex/latex/zhnumber/zhnumber.sty
Package: zhnumber 2022/07/14 v3.0 Typesetting numbers with Chinese glyphs
\l__zhnum_scale_int=\count296
\l__zhnum_tmp_int=\count297
 (/usr/local/texlive/2025/texmf-dist/tex/latex/zhnumber/zhnumber-utf8.cfg
File: zhnumber-utf8.cfg 2022/07/14 v3.0 Chinese numerals with UTF8 encoding
))
\l__ctex_heading_skip=\skip59
 (/usr/local/texlive/2025/texmf-dist/tex/latex/ctex/scheme/ctex-scheme-chinese-book.def
File: ctex-scheme-chinese-book.def 2022/07/14 v2.5.10 Chinese scheme for book (CTEX)
 (/usr/local/texlive/2025/texmf-dist/tex/latex/ctex/config/ctex-name-utf8.cfg
File: ctex-name-utf8.cfg 2022/07/14 v2.5.10 Caption with encoding UTF-8 (CTEX)
)) (/usr/local/texlive/2025/texmf-dist/tex/latex/ctex/fontset/ctex-fontset-mac.def
File: ctex-fontset-mac.def 2022/07/14 v2.5.10 macOS fonts definition (CTEX)
 (/usr/local/texlive/2025/texmf-dist/tex/latex/ctex/fontset/ctex-fontset-macold.def
File: ctex-fontset-macold.def 2022/07/14 v2.5.10 macOS fonts definition for Yosemite or earlier version (CTEX)

Package fontspec Info: 
(fontspec)             Script 'CJK' not explicitly supported within font
(fontspec)             'STSong'. Check the typeset output, and if it is okay
(fontspec)             then ignore this warning. Otherwise a different font
(fontspec)             should be chosen.


Package fontspec Info: 
(fontspec)             Could not resolve font "STKaiti/B" (it probably doesn't
(fontspec)             exist).


Package fontspec Info: 
(fontspec)             Could not resolve font "STHeiti/I" (it probably doesn't
(fontspec)             exist).


Package fontspec Info: 
(fontspec)             Could not resolve font "STSong/BI" (it probably doesn't
(fontspec)             exist).


Package fontspec Info: 
(fontspec)             Font family 'STSong(0)' created for font 'STSong' with
(fontspec)             options
(fontspec)             [Script={CJK},BoldFont={STHeiti},ItalicFont={STKaiti}].
(fontspec)              
(fontspec)              This font family consists of the following NFSS
(fontspec)             series/shapes:
(fontspec)              
(fontspec)             - 'normal' (m/n) with NFSS spec.:
(fontspec)             <->"STSong/OT:script=hani;language=dflt;"
(fontspec)             - 'bold' (b/n) with NFSS spec.:
(fontspec)             <->"STHeiti/OT:script=hani;language=dflt;"
(fontspec)             - 'italic' (m/it) with NFSS spec.:
(fontspec)             <->"STKaiti/OT:script=hani;language=dflt;"

))) (/usr/local/texlive/2025/texmf-dist/tex/latex/ctex/config/ctex.cfg
File: ctex.cfg 2022/07/14 v2.5.10 Configuration file (CTEX)
) (./rainbow.sty
Package: rainbow 2026/03/04 (1.0)Rainbow theorem environments (tcolorbox)
 (/usr/local/texlive/2025/texmf-dist/tex/latex/xcolor/xcolor.sty
Package: xcolor 2024/09/29 v3.02 LaTeX color extensions (UK)
 (/usr/local/texlive/2025/texmf-dist/tex/latex/graphics-cfg/color.cfg
File: color.cfg 2016/01/02 v1.6 sample color configuration
)
Package xcolor Info: Driver file: xetex.def on input line 274.
 (/usr/local/texlive/2025/texmf-dist/tex/latex/graphics-def/xetex.def
File: xetex.def 2022/09/22 v5.0n Graphics/color driver for xetex
) (/usr/local/texlive/2025/texmf-dist/tex/latex/graphics/mathcolor.ltx)
Package xcolor Info: Model `cmy' substituted by `cmy0' on input line 1349.
Package xcolor Info: Model `RGB' extended on input line 1365.
Package xcolor Info: Model `HTML' substituted by `rgb' on input line 1367.
Package xcolor Info: Model `Hsb' substituted by `hsb' on input line 1368.
Package xcolor Info: Model `tHsb' substituted by `hsb' on input line 1369.
Package xcolor Info: Model `HSB' substituted by `hsb' on input line 1370.
Package xcolor Info: Model `Gray' substituted by `gray' on input line 1371.
Package xcolor Info: Model `wave' substituted by `hsb' on input line 1372.
) (/usr/local/texlive/2025/texmf-dist/tex/latex/tcolorbox/tcolorbox.sty
Package: tcolorbox 2024/10/22 version 6.4.1 text color boxes
 (/usr/local/texlive/2025/texmf-dist/tex/latex/pgf/frontendlayer/tikz.sty (/usr/local/texlive/2025/texmf-dist/tex/latex/pgf/basiclayer/pgf.sty (/usr/local/texlive/2025/texmf-dist/tex/latex/pgf/utilities/pgfrcs.sty (/usr/local/texlive/2025/texmf-dist/tex/generic/pgf/utilities/pgfutil-common.tex
\pgfutil@everybye=\toks17
\pgfutil@tempdima=\dimen175
\pgfutil@tempdimb=\dimen176
) (/usr/local/texlive/2025/texmf-dist/tex/generic/pgf/utilities/pgfutil-latex.def
\pgfutil@abb=\box56
) (/usr/local/texlive/2025/texmf-dist/tex/generic/pgf/utilities/pgfrcs.code.tex (/usr/local/texlive/2025/texmf-dist/tex/generic/pgf/pgf.revision.tex)
Package: pgfrcs 2023-01-15 v3.1.10 (3.1.10)
))
Package: pgf 2023-01-15 v3.1.10 (3.1.10)
 (/usr/local/texlive/2025/texmf-dist/tex/latex/pgf/basiclayer/pgfcore.sty (/usr/local/texlive/2025/texmf-dist/tex/latex/graphics/graphicx.sty
Package: graphicx 2021/09/16 v1.2d Enhanced LaTeX Graphics (DPC,SPQR)
 (/usr/local/texlive/2025/texmf-dist/tex/latex/graphics/keyval.sty
Package: keyval 2022/05/29 v1.15 key=value parser (DPC)
\KV@toks@=\toks18
) (/usr/local/texlive/2025/texmf-dist/tex/latex/graphics/graphics.sty
Package: graphics 2024/08/06 v1.4g Standard LaTeX Graphics (DPC,SPQR)
 (/usr/local/texlive/2025/texmf-dist/tex/latex/graphics/trig.sty
Package: trig 2023/12/02 v1.11 sin cos tan (DPC)
) (/usr/local/texlive/2025/texmf-dist/tex/latex/graphics-cfg/graphics.cfg
File: graphics.cfg 2016/06/04 v1.11 sample graphics configuration
)
Package graphics Info: Driver file: xetex.def on input line 106.
)
\Gin@req@height=\dimen177
\Gin@req@width=\dimen178
) (/usr/local/texlive/2025/texmf-dist/tex/latex/pgf/systemlayer/pgfsys.sty (/usr/local/texlive/2025/texmf-dist/tex/generic/pgf/systemlayer/pgfsys.code.tex
Package: pgfsys 2023-01-15 v3.1.10 (3.1.10)
 (/usr/local/texlive/2025/texmf-dist/tex/generic/pgf/utilities/pgfkeys.code.tex
\pgfkeys@pathtoks=\toks19
\pgfkeys@temptoks=\toks20
 (/usr/local/texlive/2025/texmf-dist/tex/generic/pgf/utilities/pgfkeyslibraryfiltered.code.tex
\pgfkeys@tmptoks=\toks21
))
\pgf@x=\dimen179
\pgf@y=\dimen180
\pgf@xa=\dimen181
\pgf@ya=\dimen182
\pgf@xb=\dimen183
\pgf@yb=\dimen184
\pgf@xc=\dimen185
\pgf@yc=\dimen186
\pgf@xd=\dimen187
\pgf@yd=\dimen188
\w@pgf@writea=\write3
\r@pgf@reada=\read2
\c@pgf@counta=\count298
\c@pgf@countb=\count299
\c@pgf@countc=\count300
\c@pgf@countd=\count301
\t@pgf@toka=\toks22
\t@pgf@tokb=\toks23
\t@pgf@tokc=\toks24
\pgf@sys@id@count=\count302
 (/usr/local/texlive/2025/texmf-dist/tex/generic/pgf/systemlayer/pgf.cfg
File: pgf.cfg 2023-01-15 v3.1.10 (3.1.10)
)
Driver file for pgf: pgfsys-xetex.def
 (/usr/local/texlive/2025/texmf-dist/tex/generic/pgf/systemlayer/pgfsys-xetex.def
File: pgfsys-xetex.def 2023-01-15 v3.1.10 (3.1.10)
 (/usr/local/texlive/2025/texmf-dist/tex/generic/pgf/systemlayer/pgfsys-dvipdfmx.def
File: pgfsys-dvipdfmx.def 2023-01-15 v3.1.10 (3.1.10)
 (/usr/local/texlive/2025/texmf-dist/tex/generic/pgf/systemlayer/pgfsys-common-pdf.def
File: pgfsys-common-pdf.def 2023-01-15 v3.1.10 (3.1.10)
)
\pgfsys@objnum=\count303
))) (/usr/local/texlive/2025/texmf-dist/tex/generic/pgf/systemlayer/pgfsyssoftpath.code.tex
File: pgfsyssoftpath.code.tex 2023-01-15 v3.1.10 (3.1.10)
\pgfsyssoftpath@smallbuffer@items=\count304
\pgfsyssoftpath@bigbuffer@items=\count305
) (/usr/local/texlive/2025/texmf-dist/tex/generic/pgf/systemlayer/pgfsysprotocol.code.tex
File: pgfsysprotocol.code.tex 2023-01-15 v3.1.10 (3.1.10)
)) (/usr/local/texlive/2025/texmf-dist/tex/generic/pgf/basiclayer/pgfcore.code.tex
Package: pgfcore 2023-01-15 v3.1.10 (3.1.10)
 (/usr/local/texlive/2025/texmf-dist/tex/generic/pgf/math/pgfmath.code.tex (/usr/local/texlive/2025/texmf-dist/tex/generic/pgf/math/pgfmathutil.code.tex) (/usr/local/texlive/2025/texmf-dist/tex/generic/pgf/math/pgfmathparser.code.tex
\pgfmath@dimen=\dimen189
\pgfmath@count=\count306
\pgfmath@box=\box57
\pgfmath@toks=\toks25
\pgfmath@stack@operand=\toks26
\pgfmath@stack@operation=\toks27
) (/usr/local/texlive/2025/texmf-dist/tex/generic/pgf/math/pgfmathfunctions.code.tex) (/usr/local/texlive/2025/texmf-dist/tex/generic/pgf/math/pgfmathfunctions.basic.code.tex) (/usr/local/texlive/2025/texmf-dist/tex/generic/pgf/math/pgfmathfunctions.trigonometric.code.tex) (/usr/local/texlive/2025/texmf-dist/tex/generic/pgf/math/pgfmathfunctions.random.code.tex) (/usr/local/texlive/2025/texmf-dist/tex/generic/pgf/math/pgfmathfunctions.comparison.code.tex) (/usr/local/texlive/2025/texmf-dist/tex/generic/pgf/math/pgfmathfunctions.base.code.tex) (/usr/local/texlive/2025/texmf-dist/tex/generic/pgf/math/pgfmathfunctions.round.code.tex) (/usr/local/texlive/2025/texmf-dist/tex/generic/pgf/math/pgfmathfunctions.misc.code.tex) (/usr/local/texlive/2025/texmf-dist/tex/generic/pgf/math/pgfmathfunctions.integerarithmetics.code.tex) (/usr/local/texlive/2025/texmf-dist/tex/generic/pgf/math/pgfmathcalc.code.tex) (/usr/local/texlive/2025/texmf-dist/tex/generic/pgf/math/pgfmathfloat.code.tex
\c@pgfmathroundto@lastzeros=\count307
)) (/usr/local/texlive/2025/texmf-dist/tex/generic/pgf/math/pgfint.code.tex) (/usr/local/texlive/2025/texmf-dist/tex/generic/pgf/basiclayer/pgfcorepoints.code.tex
File: pgfcorepoints.code.tex 2023-01-15 v3.1.10 (3.1.10)
\pgf@picminx=\dimen190
\pgf@picmaxx=\dimen191
\pgf@picminy=\dimen192
\pgf@picmaxy=\dimen193
\pgf@pathminx=\dimen194
\pgf@pathmaxx=\dimen195
\pgf@pathminy=\dimen196
\pgf@pathmaxy=\dimen197
\pgf@xx=\dimen198
\pgf@xy=\dimen199
\pgf@yx=\dimen256
\pgf@yy=\dimen257
\pgf@zx=\dimen258
\pgf@zy=\dimen259
) (/usr/local/texlive/2025/texmf-dist/tex/generic/pgf/basiclayer/pgfcorepathconstruct.code.tex
File: pgfcorepathconstruct.code.tex 2023-01-15 v3.1.10 (3.1.10)
\pgf@path@lastx=\dimen260
\pgf@path@lasty=\dimen261
) (/usr/local/texlive/2025/texmf-dist/tex/generic/pgf/basiclayer/pgfcorepathusage.code.tex
File: pgfcorepathusage.code.tex 2023-01-15 v3.1.10 (3.1.10)
\pgf@shorten@end@additional=\dimen262
\pgf@shorten@start@additional=\dimen263
) (/usr/local/texlive/2025/texmf-dist/tex/generic/pgf/basiclayer/pgfcorescopes.code.tex
File: pgfcorescopes.code.tex 2023-01-15 v3.1.10 (3.1.10)
\pgfpic=\box58
\pgf@hbox=\box59
\pgf@layerbox@main=\box60
\pgf@picture@serial@count=\count308
) (/usr/local/texlive/2025/texmf-dist/tex/generic/pgf/basiclayer/pgfcoregraphicstate.code.tex
File: pgfcoregraphicstate.code.tex 2023-01-15 v3.1.10 (3.1.10)
\pgflinewidth=\dimen264
) (/usr/local/texlive/2025/texmf-dist/tex/generic/pgf/basiclayer/pgfcoretransformations.code.tex
File: pgfcoretransformations.code.tex 2023-01-15 v3.1.10 (3.1.10)
\pgf@pt@x=\dimen265
\pgf@pt@y=\dimen266
\pgf@pt@temp=\dimen267
) (/usr/local/texlive/2025/texmf-dist/tex/generic/pgf/basiclayer/pgfcorequick.code.tex
File: pgfcorequick.code.tex 2023-01-15 v3.1.10 (3.1.10)
) (/usr/local/texlive/2025/texmf-dist/tex/generic/pgf/basiclayer/pgfcoreobjects.code.tex
File: pgfcoreobjects.code.tex 2023-01-15 v3.1.10 (3.1.10)
) (/usr/local/texlive/2025/texmf-dist/tex/generic/pgf/basiclayer/pgfcorepathprocessing.code.tex
File: pgfcorepathprocessing.code.tex 2023-01-15 v3.1.10 (3.1.10)
) (/usr/local/texlive/2025/texmf-dist/tex/generic/pgf/basiclayer/pgfcorearrows.code.tex
File: pgfcorearrows.code.tex 2023-01-15 v3.1.10 (3.1.10)
\pgfarrowsep=\dimen268
) (/usr/local/texlive/2025/texmf-dist/tex/generic/pgf/basiclayer/pgfcoreshade.code.tex
File: pgfcoreshade.code.tex 2023-01-15 v3.1.10 (3.1.10)
\pgf@max=\dimen269
\pgf@sys@shading@range@num=\count309
\pgf@shadingcount=\count310
) (/usr/local/texlive/2025/texmf-dist/tex/generic/pgf/basiclayer/pgfcoreimage.code.tex
File: pgfcoreimage.code.tex 2023-01-15 v3.1.10 (3.1.10)
) (/usr/local/texlive/2025/texmf-dist/tex/generic/pgf/basiclayer/pgfcoreexternal.code.tex
File: pgfcoreexternal.code.tex 2023-01-15 v3.1.10 (3.1.10)
\pgfexternal@startupbox=\box61
) (/usr/local/texlive/2025/texmf-dist/tex/generic/pgf/basiclayer/pgfcorelayers.code.tex
File: pgfcorelayers.code.tex 2023-01-15 v3.1.10 (3.1.10)
) (/usr/local/texlive/2025/texmf-dist/tex/generic/pgf/basiclayer/pgfcoretransparency.code.tex
File: pgfcoretransparency.code.tex 2023-01-15 v3.1.10 (3.1.10)
) (/usr/local/texlive/2025/texmf-dist/tex/generic/pgf/basiclayer/pgfcorepatterns.code.tex
File: pgfcorepatterns.code.tex 2023-01-15 v3.1.10 (3.1.10)
) (/usr/local/texlive/2025/texmf-dist/tex/generic/pgf/basiclayer/pgfcorerdf.code.tex
File: pgfcorerdf.code.tex 2023-01-15 v3.1.10 (3.1.10)
))) (/usr/local/texlive/2025/texmf-dist/tex/generic/pgf/modules/pgfmoduleshapes.code.tex
File: pgfmoduleshapes.code.tex 2023-01-15 v3.1.10 (3.1.10)
\pgfnodeparttextbox=\box62
) (/usr/local/texlive/2025/texmf-dist/tex/generic/pgf/modules/pgfmoduleplot.code.tex
File: pgfmoduleplot.code.tex 2023-01-15 v3.1.10 (3.1.10)
) (/usr/local/texlive/2025/texmf-dist/tex/latex/pgf/compatibility/pgfcomp-version-0-65.sty
Package: pgfcomp-version-0-65 2023-01-15 v3.1.10 (3.1.10)
\pgf@nodesepstart=\dimen270
\pgf@nodesepend=\dimen271
) (/usr/local/texlive/2025/texmf-dist/tex/latex/pgf/compatibility/pgfcomp-version-1-18.sty
Package: pgfcomp-version-1-18 2023-01-15 v3.1.10 (3.1.10)
)) (/usr/local/texlive/2025/texmf-dist/tex/latex/pgf/utilities/pgffor.sty (/usr/local/texlive/2025/texmf-dist/tex/latex/pgf/utilities/pgfkeys.sty (/usr/local/texlive/2025/texmf-dist/tex/generic/pgf/utilities/pgfkeys.code.tex)) (/usr/local/texlive/2025/texmf-dist/tex/latex/pgf/math/pgfmath.sty (/usr/local/texlive/2025/texmf-dist/tex/generic/pgf/math/pgfmath.code.tex)) (/usr/local/texlive/2025/texmf-dist/tex/generic/pgf/utilities/pgffor.code.tex
Package: pgffor 2023-01-15 v3.1.10 (3.1.10)
\pgffor@iter=\dimen272
\pgffor@skip=\dimen273
\pgffor@stack=\toks28
\pgffor@toks=\toks29
)) (/usr/local/texlive/2025/texmf-dist/tex/generic/pgf/frontendlayer/tikz/tikz.code.tex
Package: tikz 2023-01-15 v3.1.10 (3.1.10)
 (/usr/local/texlive/2025/texmf-dist/tex/generic/pgf/libraries/pgflibraryplothandlers.code.tex
File: pgflibraryplothandlers.code.tex 2023-01-15 v3.1.10 (3.1.10)
\pgf@plot@mark@count=\count311
\pgfplotmarksize=\dimen274
)
\tikz@lastx=\dimen275
\tikz@lasty=\dimen276
\tikz@lastxsaved=\dimen277
\tikz@lastysaved=\dimen278
\tikz@lastmovetox=\dimen279
\tikz@lastmovetoy=\dimen280
\tikzleveldistance=\dimen281
\tikzsiblingdistance=\dimen282
\tikz@figbox=\box63
\tikz@figbox@bg=\box64
\tikz@tempbox=\box65
\tikz@tempbox@bg=\box66
\tikztreelevel=\count312
\tikznumberofchildren=\count313
\tikznumberofcurrentchild=\count314
\tikz@fig@count=\count315
 (/usr/local/texlive/2025/texmf-dist/tex/generic/pgf/modules/pgfmodulematrix.code.tex
File: pgfmodulematrix.code.tex 2023-01-15 v3.1.10 (3.1.10)
\pgfmatrixcurrentrow=\count316
\pgfmatrixcurrentcolumn=\count317
\pgf@matrix@numberofcolumns=\count318
)
\tikz@expandcount=\count319
 (/usr/local/texlive/2025/texmf-dist/tex/generic/pgf/frontendlayer/tikz/libraries/tikzlibrarytopaths.code.tex
File: tikzlibrarytopaths.code.tex 2023-01-15 v3.1.10 (3.1.10)
))) (/usr/local/texlive/2025/texmf-dist/tex/latex/tools/verbatim.sty
Package: verbatim 2024-01-22 v1.5x LaTeX2e package for verbatim enhancements
\every@verbatim=\toks30
\verbatim@line=\toks31
\verbatim@in@stream=\read3
) (/usr/local/texlive/2025/texmf-dist/tex/latex/environ/environ.sty
Package: environ 2014/05/04 v0.3 A new way to define environments
 (/usr/local/texlive/2025/texmf-dist/tex/latex/trimspaces/trimspaces.sty
Package: trimspaces 2009/09/17 v1.1 Trim spaces around a token list
)
\@envbody=\toks32
) (/usr/local/texlive/2025/texmf-dist/tex/latex/etoolbox/etoolbox.sty
Package: etoolbox 2025/02/11 v2.5l e-TeX tools for LaTeX (JAW)
\etb@tempcnta=\count320
)
\tcb@titlebox=\box67
\tcb@upperbox=\box68
\tcb@lowerbox=\box69
\tcb@phantombox=\box70
\c@tcbbreakpart=\count321
\c@tcblayer=\count322
\c@tcolorbox@number=\count323
\l__tcobox_tmpa_box=\box71
\l__tcobox_tmpa_dim=\dimen283
\tcb@temp=\box72
\tcb@temp=\box73
\tcb@temp=\box74
\tcb@temp=\box75
) (/usr/local/texlive/2025/texmf-dist/tex/latex/tcolorbox/tcbskins.code.tex
Library (tcolorbox): 'tcbskins.code.tex' version '6.4.1'
(/usr/local/texlive/2025/texmf-dist/tex/latex/tikzfill/tikzfill.image.sty
Package: tikzfill.image 2023/08/08 v1.0.1 Image filling library for TikZ
 (/usr/local/texlive/2025/texmf-dist/tex/latex/tikzfill/tikzfill-common.sty
Package: tikzfill-common 2023/08/08 v1.0.1 Auxiliary code for tikzfill
) (/usr/local/texlive/2025/texmf-dist/tex/latex/tikzfill/tikzlibraryfill.image.code.tex
File: tikzlibraryfill.image.code.tex 2023/08/08 v1.0.1 Image filling library
\l__tikzfill_img_box=\box76
)) (/usr/local/texlive/2025/texmf-dist/tex/latex/tcolorbox/tcbskinsjigsaw.code.tex
Library (tcolorbox): 'tcbskinsjigsaw.code.tex' version '6.4.1'
)) (/usr/local/texlive/2025/texmf-dist/tex/latex/tcolorbox/tcbbreakable.code.tex
Library (tcolorbox): 'tcbbreakable.code.tex' version '6.4.1'
(/usr/local/texlive/2025/texmf-dist/tex/latex/pdfcol/pdfcol.sty
Package: pdfcol 2022-09-21 v1.7 Handle new color stacks for pdfTeX (HO)
 (/usr/local/texlive/2025/texmf-dist/tex/generic/ltxcmds/ltxcmds.sty
Package: ltxcmds 2023-12-04 v1.26 LaTeX kernel commands for general use (HO)
) (/usr/local/texlive/2025/texmf-dist/tex/generic/infwarerr/infwarerr.sty
Package: infwarerr 2019/12/03 v1.5 Providing info/warning/error messages (HO)
) (/usr/local/texlive/2025/texmf-dist/tex/generic/iftex/iftex.sty
Package: iftex 2024/12/12 v1.0g TeX engine tests
)
Package pdfcol Info: Interface disabled because of missing PDF mode of pdfTeX.
)
Package pdfcol Info: pdfTeX's color stacks are not available.
\tcb@testbox=\box77
\tcb@totalupperbox=\box78
\tcb@totallowerbox=\box79
) (/usr/local/texlive/2025/texmf-dist/tex/latex/tcolorbox/tcbtheorems.code.tex
Library (tcolorbox): 'tcbtheorems.code.tex' version '6.4.1'
(/usr/local/texlive/2025/texmf-dist/tex/latex/amsmath/amsmath.sty
Package: amsmath 2024/11/05 v2.17t AMS math features
\@mathmargin=\skip60

For additional information on amsmath, use the `?' option.
(/usr/local/texlive/2025/texmf-dist/tex/latex/amsmath/amstext.sty
Package: amstext 2021/08/26 v2.01 AMS text
 (/usr/local/texlive/2025/texmf-dist/tex/latex/amsmath/amsgen.sty
File: amsgen.sty 1999/11/30 v2.0 generic functions
\@emptytoks=\toks33
\ex@=\dimen284
)) (/usr/local/texlive/2025/texmf-dist/tex/latex/amsmath/amsbsy.sty
Package: amsbsy 1999/11/29 v1.2d Bold Symbols
\pmbraise@=\dimen285
) (/usr/local/texlive/2025/texmf-dist/tex/latex/amsmath/amsopn.sty
Package: amsopn 2022/04/08 v2.04 operator names
)
\inf@bad=\count324
LaTeX Info: Redefining \frac on input line 233.
\uproot@=\count325
\leftroot@=\count326
LaTeX Info: Redefining \overline on input line 398.
LaTeX Info: Redefining \colon on input line 409.
\classnum@=\count327
\DOTSCASE@=\count328
LaTeX Info: Redefining \ldots on input line 495.
LaTeX Info: Redefining \dots on input line 498.
LaTeX Info: Redefining \cdots on input line 619.
\Mathstrutbox@=\box80
\strutbox@=\box81
LaTeX Info: Redefining \big on input line 721.
LaTeX Info: Redefining \Big on input line 722.
LaTeX Info: Redefining \bigg on input line 723.
LaTeX Info: Redefining \Bigg on input line 724.
\big@size=\dimen286
LaTeX Font Info:    Redeclaring font encoding OML on input line 742.
LaTeX Font Info:    Redeclaring font encoding OMS on input line 743.
\macc@depth=\count329
LaTeX Info: Redefining \bmod on input line 904.
LaTeX Info: Redefining \pmod on input line 909.
LaTeX Info: Redefining \smash on input line 939.
LaTeX Info: Redefining \relbar on input line 969.
LaTeX Info: Redefining \Relbar on input line 970.
\c@MaxMatrixCols=\count330
\dotsspace@=\muskip17
\c@parentequation=\count331
\dspbrk@lvl=\count332
\tag@help=\toks34
\row@=\count333
\column@=\count334
\maxfields@=\count335
\andhelp@=\toks35
\eqnshift@=\dimen287
\alignsep@=\dimen288
\tagshift@=\dimen289
\tagwidth@=\dimen290
\totwidth@=\dimen291
\lineht@=\dimen292
\@envbody=\toks36
\multlinegap=\skip61
\multlinetaggap=\skip62
\mathdisplay@stack=\toks37
LaTeX Info: Redefining \[ on input line 2953.
LaTeX Info: Redefining \] on input line 2954.
)) (/usr/local/texlive/2025/texmf-dist/tex/generic/pgf/frontendlayer/tikz/libraries/tikzlibrarysvg.path.code.tex
File: tikzlibrarysvg.path.code.tex 2023-01-15 v3.1.10 (3.1.10)
 (/usr/local/texlive/2025/texmf-dist/tex/generic/pgf/libraries/pgflibrarysvg.path.code.tex
File: pgflibrarysvg.path.code.tex 2023-01-15 v3.1.10 (3.1.10)
 (/usr/local/texlive/2025/texmf-dist/tex/generic/pgf/modules/pgfmoduleparser.code.tex
File: pgfmoduleparser.code.tex 2023-01-15 v3.1.10 (3.1.10)
\pgfparserdef@arg@count=\count336
)
\pgf@lib@svg@last@x=\dimen293
\pgf@lib@svg@last@y=\dimen294
\pgf@lib@svg@last@c@x=\dimen295
\pgf@lib@svg@last@c@y=\dimen296
\pgf@lib@svg@count=\count337
\pgf@lib@svg@max@num=\count338
)) (/usr/local/texlive/2025/texmf-dist/tex/latex/amsfonts/amssymb.sty
Package: amssymb 2013/01/14 v3.01 AMS font symbols
 (/usr/local/texlive/2025/texmf-dist/tex/latex/amsfonts/amsfonts.sty
Package: amsfonts 2013/01/14 v3.01 Basic AMSFonts support
\symAMSa=\mathgroup4
\symAMSb=\mathgroup5
LaTeX Font Info:    Redeclaring math symbol \hbar on input line 98.
LaTeX Font Info:    Overwriting math alphabet `\mathfrak' in version `bold'
(Font)                  U/euf/m/n --> U/euf/b/n on input line 106.
)) (/usr/local/texlive/2025/texmf-dist/tex/latex/changepage/changepage.sty
Package: changepage 2009/10/20 v1.0c check page and change page layout
\c@cp@cntr=\count339
\cp@tempcnt=\count340
) (/usr/local/texlive/2025/texmf-dist/tex/generic/ulem/ulem.sty
\UL@box=\box82
\UL@hyphenbox=\box83
\UL@skip=\skip63
\UL@hook=\toks38
\UL@height=\dimen297
\UL@pe=\count341
\UL@pixel=\dimen298
\ULC@box=\box84
Package: ulem 2019/11/18
\ULdepth=\dimen299
) (/usr/local/texlive/2025/texmf-dist/tex/latex/bbding/bbding.sty
Package: bbding 1999/04/15 v1.01 Dingbats symbols
) (/usr/local/texlive/2025/texmf-dist/tex/latex/adforn/adforn.sty (/usr/local/texlive/2025/texmf-dist/tex/latex/svn-prov/svn-prov.sty
Package: svn-prov 2010/04/24 v3.1862 Package Date/Version from SVN Keywords
)
Package: adforn 2024/09/29 v1.2 (SVN Rev: 10442)
)

Package xeCJK Warning: Redefining CJKfamily `zhfs' (STFangsong).


Package xeCJK Warning: Redefining CJKfamily `zhkai' (STKaiti).


Package xeCJK Warning: Redefining CJKfamily `zhsong' (STSong).


Package xeCJK Warning: Redefining CJKfamily `zhhei' (STHeiti).

\c@rbtheorem=\count342
\c@rblemma=\count343
\c@rbcorollary=\count344
\c@rbdefinition=\count345
\c@rbaxiom=\count346
\c@rbpostulate=\count347
\c@rbproposition=\count348
\c@rbassumption=\count349
\c@rbproperty=\count350
\c@rbconjecture=\count351
(/usr/local/texlive/2025/texmf-dist/tex/latex/mdframed/mdframed.sty
Package: mdframed 2013/07/01 1.9b: mdframed
 (/usr/local/texlive/2025/texmf-dist/tex/latex/kvoptions/kvoptions.sty
Package: kvoptions 2022-06-15 v3.15 Key value format for package options (HO)
 (/usr/local/texlive/2025/texmf-dist/tex/latex/kvsetkeys/kvsetkeys.sty
Package: kvsetkeys 2022-10-05 v1.19 Key value parser (HO)
)) (/usr/local/texlive/2025/texmf-dist/tex/latex/zref/zref-abspage.sty
Package: zref-abspage 2023-09-14 v2.35 Module abspage for zref (HO)
 (/usr/local/texlive/2025/texmf-dist/tex/latex/zref/zref-base.sty
Package: zref-base 2023-09-14 v2.35 Module base for zref (HO)
 (/usr/local/texlive/2025/texmf-dist/tex/generic/kvdefinekeys/kvdefinekeys.sty
Package: kvdefinekeys 2019-12-19 v1.6 Define keys (HO)
) (/usr/local/texlive/2025/texmf-dist/tex/generic/pdftexcmds/pdftexcmds.sty
Package: pdftexcmds 2020-06-27 v0.33 Utility functions of pdfTeX for LuaTeX (HO)
Package pdftexcmds Info: \pdf@primitive is available.
Package pdftexcmds Info: \pdf@ifprimitive is available.
Package pdftexcmds Info: \pdfdraftmode not found.
) (/usr/local/texlive/2025/texmf-dist/tex/generic/etexcmds/etexcmds.sty
Package: etexcmds 2019/12/15 v1.7 Avoid name clashes with e-TeX commands (HO)
) (/usr/local/texlive/2025/texmf-dist/tex/latex/auxhook/auxhook.sty
Package: auxhook 2019-12-17 v1.6 Hooks for auxiliary files (HO)
)
Package zref Info: New property list: main on input line 767.
Package zref Info: New property: default on input line 768.
Package zref Info: New property: page on input line 769.
)
\c@abspage=\count352
Package zref Info: New property: abspage on input line 67.
) (/usr/local/texlive/2025/texmf-dist/tex/latex/needspace/needspace.sty
Package: needspace 2010/09/12 v1.3d reserve vertical space
)
\mdf@templength=\skip64
\c@mdf@globalstyle@cnt=\count353
\mdf@skipabove@length=\skip65
\mdf@skipbelow@length=\skip66
\mdf@leftmargin@length=\skip67
\mdf@rightmargin@length=\skip68
\mdf@innerleftmargin@length=\skip69
\mdf@innerrightmargin@length=\skip70
\mdf@innertopmargin@length=\skip71
\mdf@innerbottommargin@length=\skip72
\mdf@splittopskip@length=\skip73
\mdf@splitbottomskip@length=\skip74
\mdf@outermargin@length=\skip75
\mdf@innermargin@length=\skip76
\mdf@linewidth@length=\skip77
\mdf@innerlinewidth@length=\skip78
\mdf@middlelinewidth@length=\skip79
\mdf@outerlinewidth@length=\skip80
\mdf@roundcorner@length=\skip81
\mdf@footenotedistance@length=\skip82
\mdf@userdefinedwidth@length=\skip83
\mdf@needspace@length=\skip84
\mdf@frametitleaboveskip@length=\skip85
\mdf@frametitlebelowskip@length=\skip86
\mdf@frametitlerulewidth@length=\skip87
\mdf@frametitleleftmargin@length=\skip88
\mdf@frametitlerightmargin@length=\skip89
\mdf@shadowsize@length=\skip90
\mdf@extratopheight@length=\skip91
\mdf@subtitleabovelinewidth@length=\skip92
\mdf@subtitlebelowlinewidth@length=\skip93
\mdf@subtitleaboveskip@length=\skip94
\mdf@subtitlebelowskip@length=\skip95
\mdf@subtitleinneraboveskip@length=\skip96
\mdf@subtitleinnerbelowskip@length=\skip97
\mdf@subsubtitleabovelinewidth@length=\skip98
\mdf@subsubtitlebelowlinewidth@length=\skip99
\mdf@subsubtitleaboveskip@length=\skip100
\mdf@subsubtitlebelowskip@length=\skip101
\mdf@subsubtitleinneraboveskip@length=\skip102
\mdf@subsubtitleinnerbelowskip@length=\skip103
 (/usr/local/texlive/2025/texmf-dist/tex/latex/mdframed/md-frame-0.mdf
File: md-frame-0.mdf 2013/07/01\ 1.9b: md-frame-0
)
\mdf@frametitlebox=\box85
\mdf@footnotebox=\box86
\mdf@splitbox@one=\box87
\mdf@splitbox@two=\box88
\mdf@splitbox@save=\box89
\mdfsplitboxwidth=\skip104
\mdfsplitboxtotalwidth=\skip105
\mdfsplitboxheight=\skip106
\mdfsplitboxdepth=\skip107
\mdfsplitboxtotalheight=\skip108
\mdfframetitleboxwidth=\skip109
\mdfframetitleboxtotalwidth=\skip110
\mdfframetitleboxheight=\skip111
\mdfframetitleboxdepth=\skip112
\mdfframetitleboxtotalheight=\skip113
\mdffootnoteboxwidth=\skip114
\mdffootnoteboxtotalwidth=\skip115
\mdffootnoteboxheight=\skip116
\mdffootnoteboxdepth=\skip117
\mdffootnoteboxtotalheight=\skip118
\mdftotallinewidth=\skip119
\mdfboundingboxwidth=\skip120
\mdfboundingboxtotalwidth=\skip121
\mdfboundingboxheight=\skip122
\mdfboundingboxdepth=\skip123
\mdfboundingboxtotalheight=\skip124
\mdf@freevspace@length=\skip125
\mdf@horizontalwidthofbox@length=\skip126
\mdf@verticalmarginwhole@length=\skip127
\mdf@horizontalspaceofbox=\skip128
\mdfsubtitleheight=\skip129
\mdfsubsubtitleheight=\skip130
\c@mdfcountframes=\count354

****** mdframed patching \endmdf@trivlist

****** -- success******

\mdf@envdepth=\count355
\c@mdf@env@i=\count356
\c@mdf@env@ii=\count357
\c@mdf@zref@counter=\count358
Package zref Info: New property: mdf@pagevalue on input line 895.
) (/usr/local/texlive/2025/texmf-dist/tex/latex/amscls/amsthm.sty
Package: amsthm 2020/05/29 v2.20.6
\thm@style=\toks39
\thm@bodyfont=\toks40
\thm@headfont=\toks41
\thm@notefont=\toks42
\thm@headpunct=\toks43
\thm@preskip=\skip131
\thm@postskip=\skip132
\thm@headsep=\skip133
\dth@everypar=\toks44
)
\belowsep=\skip134
\c@rbinstance=\count359
\c@rbexercise=\count360
\c@rbremarkcounter=\count361
\c@rbexample=\count362
\c@claim=\count363
\c@claim@proofdepth=\count364
 (/usr/local/texlive/2025/texmf-dist/tex/latex/enumitem/enumitem.sty
Package: enumitem 2025/02/06 v3.11 Customized lists
\labelindent=\skip135
\enit@outerparindent=\dimen300
\enit@toks=\toks45
\enit@inbox=\box90
\enit@count@id=\count365
\enitdp@description=\count366
)
\c@rbhomework=\count367
\rbhomeworklabelleftpad=\skip136
\rbhomeworklabelsep=\skip137
\rbhomework@labelwidth=\skip138
) (/usr/local/texlive/2025/texmf-dist/tex/latex/imakeidx/imakeidx.sty
Package: imakeidx 2016/10/15 v1.3e Package for typesetting indices in a synchronous mode
 (/usr/local/texlive/2025/texmf-dist/tex/latex/xkeyval/xkeyval.sty
Package: xkeyval 2022/06/16 v2.9 package option processing (HA)
 (/usr/local/texlive/2025/texmf-dist/tex/generic/xkeyval/xkeyval.tex (/usr/local/texlive/2025/texmf-dist/tex/generic/xkeyval/xkvutils.tex
\XKV@toks=\toks46
\XKV@tempa@toks=\toks47
)
\XKV@depth=\count368
File: xkeyval.tex 2014/12/03 v2.7a key=value parser (HA)
)) (/usr/local/texlive/2025/texmf-dist/tex/generic/iftex/ifxetex.sty
Package: ifxetex 2019/10/25 v0.7 ifxetex legacy package. Use iftex instead.
) (/usr/local/texlive/2025/texmf-dist/tex/generic/iftex/ifluatex.sty
Package: ifluatex 2019/10/25 v1.5 ifluatex legacy package. Use iftex instead.
) (/usr/local/texlive/2025/texmf-dist/tex/latex/tools/multicol.sty
Package: multicol 2024/09/14 v1.9i multicolumn formatting (FMi)
\c@tracingmulticols=\count369
\mult@box=\box91
\multicol@leftmargin=\dimen301
\c@unbalance=\count370
\c@collectmore=\count371
\doublecol@number=\count372
\multicoltolerance=\count373
\multicolpretolerance=\count374
\full@width=\dimen302
\page@free=\dimen303
\premulticols=\dimen304
\postmulticols=\dimen305
\multicolsep=\skip139
\multicolbaselineskip=\skip140
\partial@page=\box92
\last@line=\box93
\mc@boxedresult=\box94
\maxbalancingoverflow=\dimen306
\mult@rightbox=\box95
\mult@grightbox=\box96
\mult@firstbox=\box97
\mult@gfirstbox=\box98
\@tempa=\box99
\@tempa=\box100
\@tempa=\box101
\@tempa=\box102
\@tempa=\box103
\@tempa=\box104
\@tempa=\box105
\@tempa=\box106
\@tempa=\box107
\@tempa=\box108
\@tempa=\box109
\@tempa=\box110
\@tempa=\box111
\@tempa=\box112
\@tempa=\box113
\@tempa=\box114
\@tempa=\box115
\@tempa=\box116
\@tempa=\box117
\@tempa=\box118
\@tempa=\box119
\@tempa=\box120
\@tempa=\box121
\@tempa=\box122
\@tempa=\box123
\@tempa=\box124
\@tempa=\box125
\@tempa=\box126
\@tempa=\box127
\@tempa=\box128
\@tempa=\box129
\@tempa=\box130
\@tempa=\box131
\@tempa=\box132
\@tempa=\box133
\@tempa=\box134
\c@minrows=\count375
\c@columnbadness=\count376
\c@finalcolumnbadness=\count377
\last@try=\dimen307
\multicolovershoot=\dimen308
\multicolundershoot=\dimen309
\mult@nat@firstbox=\box135
\colbreak@box=\box136
\mc@col@check@num=\count378
)) (/usr/local/texlive/2025/texmf-dist/tex/latex/tools/longtable.sty
Package: longtable 2024-10-27 v4.22 Multi-page Table package (DPC)
\LTleft=\skip141
\LTright=\skip142
\LTpre=\skip143
\LTpost=\skip144
\LTchunksize=\count379
\LTcapwidth=\dimen310
\LT@head=\box137
\LT@firsthead=\box138
\LT@foot=\box139
\LT@lastfoot=\box140
\LT@gbox=\box141
\LT@cols=\count380
\LT@rows=\count381
\c@LT@tables=\count382
\c@LT@chunks=\count383
\LT@p@ftn=\toks48
) (/usr/local/texlive/2025/texmf-dist/tex/latex/multirow/multirow.sty
Package: multirow 2024/11/12 v2.9 Span multiple rows of a table
\multirow@colwidth=\skip145
\multirow@cntb=\count384
\multirow@dima=\skip146
\bigstrutjot=\dimen311
)
\微分方程数值解笔记@idxfile=\write4
\openout4 = `微分方程数值解笔记.idx'.


Writing index file 微分方程数值解笔记.idx
(./bookstyle.sty
Package: bookstyle 2026/03/04 v1.2 AJbook-style layout for ctexbook
 (/usr/local/texlive/2025/texmf-dist/tex/latex/setspace/setspace.sty
Package: setspace 2022/12/04 v6.7b set line spacing
) (/usr/local/texlive/2025/texmf-dist/tex/latex/fancyhdr/fancyhdr.sty
Package: fancyhdr 2025/02/07 v5.2 Extensive control of page headers and footers
\f@nch@headwidth=\skip147
\f@nch@offset@elh=\skip148
\f@nch@offset@erh=\skip149
\f@nch@offset@olh=\skip150
\f@nch@offset@orh=\skip151
\f@nch@offset@elf=\skip152
\f@nch@offset@erf=\skip153
\f@nch@offset@olf=\skip154
\f@nch@offset@orf=\skip155
\f@nch@height=\skip156
\f@nch@footalignment=\skip157
\f@nch@widthL=\skip158
\f@nch@widthC=\skip159
\f@nch@widthR=\skip160
\@temptokenb=\toks49
) (/usr/local/texlive/2025/texmf-dist/tex/latex/titlesec/titlesec.sty
Package: titlesec 2025/01/04 v2.17 Sectioning titles
\ttl@box=\box142
\beforetitleunit=\skip161
\aftertitleunit=\skip162
\ttl@plus=\dimen312
\ttl@minus=\dimen313
\ttl@toksa=\toks50
\titlewidth=\dimen314
\titlewidthlast=\dimen315
\titlewidthfirst=\dimen316
) (/usr/local/texlive/2025/texmf-dist/tex/latex/titlesec/titletoc.sty
Package: titletoc 2025/01/04 v2.17 TOC entries
\ttl@leftsep=\dimen317
) (/usr/local/texlive/2025/texmf-dist/tex/latex/appendix/appendix.sty
Package: appendix 2020/02/08 v1.2c extra appendix facilities
\c@@pps=\count385
\c@@ppsavesec=\count386
\c@@ppsaveapp=\count387
) (/usr/local/texlive/2025/texmf-dist/tex/latex/apptools/apptools.sty
Package: apptools 2012/11/28 v1.0 Tools for customizing appendices
) (/usr/local/texlive/2025/texmf-dist/tex/latex/tools/calc.sty
Package: calc 2023/07/08 v4.3 Infix arithmetic (KKT,FJ)
\calc@Acount=\count388
\calc@Bcount=\count389
\calc@Adimen=\dimen318
\calc@Bdimen=\dimen319
\calc@Askip=\skip163
\calc@Bskip=\skip164
LaTeX Info: Redefining \setlength on input line 80.
LaTeX Info: Redefining \addtolength on input line 81.
\calc@Ccount=\count390
\calc@Cskip=\skip165
) (/usr/local/texlive/2025/texmf-dist/tex/generic/xstring/xstring.sty (/usr/local/texlive/2025/texmf-dist/tex/generic/xstring/xstring.tex
\xs_counta=\count391
\xs_countb=\count392
)
Package: xstring 2023/08/22 v1.86 String manipulations (CT)
) (/usr/local/texlive/2025/texmf-dist/tex/latex/hyperref/hyperref.sty
Package: hyperref 2024-11-05 v7.01l Hypertext links for LaTeX
 (/usr/local/texlive/2025/texmf-dist/tex/generic/pdfescape/pdfescape.sty
Package: pdfescape 2019/12/09 v1.15 Implements pdfTeX's escape features (HO)
) (/usr/local/texlive/2025/texmf-dist/tex/latex/hycolor/hycolor.sty
Package: hycolor 2020-01-27 v1.10 Color options for hyperref/bookmark (HO)
) (/usr/local/texlive/2025/texmf-dist/tex/latex/hyperref/nameref.sty
Package: nameref 2023-11-26 v2.56 Cross-referencing by name of section
 (/usr/local/texlive/2025/texmf-dist/tex/latex/refcount/refcount.sty
Package: refcount 2019/12/15 v3.6 Data extraction from label references (HO)
) (/usr/local/texlive/2025/texmf-dist/tex/generic/gettitlestring/gettitlestring.sty
Package: gettitlestring 2019/12/15 v1.6 Cleanup title references (HO)
)
\c@section@level=\count393
) (/usr/local/texlive/2025/texmf-dist/tex/generic/stringenc/stringenc.sty
Package: stringenc 2019/11/29 v1.12 Convert strings between diff. encodings (HO)
)
\@linkdim=\dimen320
\Hy@linkcounter=\count394
\Hy@pagecounter=\count395
 (/usr/local/texlive/2025/texmf-dist/tex/latex/hyperref/pd1enc.def
File: pd1enc.def 2024-11-05 v7.01l Hyperref: PDFDocEncoding definition (HO)
) (/usr/local/texlive/2025/texmf-dist/tex/generic/intcalc/intcalc.sty
Package: intcalc 2019/12/15 v1.3 Expandable calculations with integers (HO)
)
\Hy@SavedSpaceFactor=\count396
 (/usr/local/texlive/2025/texmf-dist/tex/latex/hyperref/puenc.def
File: puenc.def 2024-11-05 v7.01l Hyperref: PDF Unicode definition (HO)
)
Package hyperref Info: Option `unicode' set `true' on input line 4040.
Package hyperref Info: Hyper figures OFF on input line 4157.
Package hyperref Info: Link nesting OFF on input line 4162.
Package hyperref Info: Hyper index ON on input line 4165.
Package hyperref Info: Plain pages OFF on input line 4172.
Package hyperref Info: Backreferencing OFF on input line 4177.
Package hyperref Info: Implicit mode ON; LaTeX internals redefined.
Package hyperref Info: Bookmarks ON on input line 4424.
\c@Hy@tempcnt=\count397
 (/usr/local/texlive/2025/texmf-dist/tex/latex/url/url.sty
\Urlmuskip=\muskip18
Package: url 2013/09/16  ver 3.4  Verb mode for urls, etc.
)
LaTeX Info: Redefining \url on input line 4763.
\XeTeXLinkMargin=\dimen321
 (/usr/local/texlive/2025/texmf-dist/tex/generic/bitset/bitset.sty
Package: bitset 2019/12/09 v1.3 Handle bit-vector datatype (HO)
 (/usr/local/texlive/2025/texmf-dist/tex/generic/bigintcalc/bigintcalc.sty
Package: bigintcalc 2019/12/15 v1.5 Expandable calculations on big integers (HO)
))
\Fld@menulength=\count398
\Field@Width=\dimen322
\Fld@charsize=\dimen323
Package hyperref Info: Hyper figures OFF on input line 6042.
Package hyperref Info: Link nesting OFF on input line 6047.
Package hyperref Info: Hyper index ON on input line 6050.
Package hyperref Info: backreferencing OFF on input line 6057.
Package hyperref Info: Link coloring OFF on input line 6062.
Package hyperref Info: Link coloring with OCG OFF on input line 6067.
Package hyperref Info: PDF/A mode OFF on input line 6072.
 (/usr/local/texlive/2025/texmf-dist/tex/latex/base/atbegshi-ltx.sty
Package: atbegshi-ltx 2021/01/10 v1.0c Emulation of the original atbegshi
package with kernel methods
)
\Hy@abspage=\count399
\c@Item=\count400
\c@Hfootnote=\count401
)
Package hyperref Info: Driver (autodetected): hxetex.
 (/usr/local/texlive/2025/texmf-dist/tex/latex/hyperref/hxetex.def
File: hxetex.def 2024-11-05 v7.01l Hyperref driver for XeTeX
\pdfm@box=\box143
\c@Hy@AnnotLevel=\count402
\HyField@AnnotCount=\count403
\Fld@listcount=\count404
\c@bookmark@seq@number=\count405
 (/usr/local/texlive/2025/texmf-dist/tex/latex/rerunfilecheck/rerunfilecheck.sty
Package: rerunfilecheck 2022-07-10 v1.10 Rerun checks for auxiliary files (HO)
 (/usr/local/texlive/2025/texmf-dist/tex/latex/base/atveryend-ltx.sty
Package: atveryend-ltx 2020/08/19 v1.0a Emulation of the original atveryend package
with kernel methods
) (/usr/local/texlive/2025/texmf-dist/tex/generic/uniquecounter/uniquecounter.sty
Package: uniquecounter 2019/12/15 v1.4 Provide unlimited unique counter (HO)
)
Package uniquecounter Info: New unique counter `rerunfilecheck' on input line 285.
)
\Hy@SectionHShift=\skip166
) (/usr/local/texlive/2025/texmf-dist/tex/latex/geometry/geometry.sty
Package: geometry 2020/01/02 v5.9 Page Geometry
 (/usr/local/texlive/2025/texmf-dist/tex/generic/iftex/ifvtex.sty
Package: ifvtex 2019/10/25 v1.7 ifvtex legacy package. Use iftex instead.
)
\Gm@cnth=\count406
\Gm@cntv=\count407
\c@Gm@tempcnt=\count408
\Gm@bindingoffset=\dimen324
\Gm@wd@mp=\dimen325
\Gm@odd@mp=\dimen326
\Gm@even@mp=\dimen327
\Gm@layoutwidth=\dimen328
\Gm@layoutheight=\dimen329
\Gm@layouthoffset=\dimen330
\Gm@layoutvoffset=\dimen331
\Gm@dimlist=\toks51
)
Package hyperref Info: Option `breaklinks' set `true' on input line 191.
Package hyperref Info: Option `unicode' set `true' on input line 191.
Package hyperref Info: Option `bookmarksnumbered' set `true' on input line 191.
Package hyperref Info: Option `bookmarksopen' set `true' on input line 191.
Package hyperref Info: Option `colorlinks' set `true' on input line 191.
Package hyperref Info: Option `plainpages' set `false' on input line 191.
Package hyperref Info: Option `linktocpage' set `true' on input line 191.
 (/usr/local/texlive/2025/texmf-dist/tex/generic/pgf/frontendlayer/tikz/libraries/tikzlibrarycalc.code.tex
File: tikzlibrarycalc.code.tex 2023-01-15 v3.1.10 (3.1.10)
) (/usr/local/texlive/2025/texmf-dist/tex/generic/pgf/frontendlayer/tikz/libraries/tikzlibrarybackgrounds.code.tex
File: tikzlibrarybackgrounds.code.tex 2023-01-15 v3.1.10 (3.1.10)
\pgf@layerbox@background=\box144
\pgf@layerboxsaved@background=\box145
) (/usr/local/texlive/2025/texmf-dist/tex/latex/mwe/mwe.sty
Package: mwe 2018/03/30 v0.5 Package to support minimal working examples (MWE)
 (/usr/local/texlive/2025/texmf-dist/tex/latex/lipsum/lipsum.sty (/usr/local/texlive/2025/texmf-dist/tex/latex/l3packages/l3keys2e/l3keys2e.sty
Package: l3keys2e 2024-08-16 LaTeX2e option processing using LaTeX3 keys
)
Package: lipsum 2021-09-20 v2.7 150 paragraphs of Lorem Ipsum dummy text
\g__lipsum_par_int=\count409
\l__lipsum_a_int=\count410
\l__lipsum_b_int=\count411
 (/usr/local/texlive/2025/texmf-dist/tex/latex/lipsum/lipsum.ltd.tex)) (/usr/local/texlive/2025/texmf-dist/tex/latex/blindtext/blindtext.sty
Package: blindtext 2012/01/06 V2.0 blindtext-Package
 (/usr/local/texlive/2025/texmf-dist/tex/latex/tools/xspace.sty
Package: xspace 2014/10/28 v1.13 Space after command names (DPC,MH)
)
\c@blindtext=\count412
\c@Blindtext=\count413
\c@blind@countparstart=\count414
\blind@countxx=\count415
\blindtext@numBlindtext=\count416
\blind@countyy=\count417
\c@blindlist=\count418
\c@blindlistlevel=\count419
\c@blindlist@level=\count420
\blind@listitem=\count421
\c@blind@listcount=\count422
\c@blind@levelcount=\count423
\blind@mathformula=\count424
\blind@Mathformula=\count425
\c@blind@randomcount=\count426
\c@blind@randommax=\count427
\c@blind@pangramcount=\count428
\c@blind@pangrammax=\count429
))
\BoxTtlwidth=\skip167
\c@ttlp@side=\count430
\ttlp@side=\count431
) (/usr/local/texlive/2025/texmf-dist/tex/latex/tools/bm.sty
Package: bm 2023/12/19 v1.2f Bold Symbol Support (DPC/FMi)
\symboldoperators=\mathgroup6
\symboldletters=\mathgroup7
\symboldsymbols=\mathgroup8
Package bm Info: No bold for \OMX/cmex/m/n, using \pmb.
Package bm Info: No bold for \U/msa/m/n, using \pmb.
Package bm Info: No bold for \U/msb/m/n, using \pmb.
LaTeX Font Info:    Redeclaring math alphabet \mathbf on input line 149.
) (/usr/local/texlive/2025/texmf-dist/tex/latex/mathtools/empheq.sty
Package: empheq 2024/08/09 v2.17 Emphasizing equations
 (/usr/local/texlive/2025/texmf-dist/tex/latex/mathtools/mhsetup.sty
Package: mhsetup 2021/03/18 v1.4 programming setup (MH)
) (/usr/local/texlive/2025/texmf-dist/tex/latex/mathtools/mathtools.sty
Package: mathtools 2024/10/04 v1.31 mathematical typesetting tools
\g_MT_multlinerow_int=\count432
\l_MT_multwidth_dim=\dimen332
\origjot=\skip168
\l_MT_shortvdotswithinadjustabove_dim=\dimen333
\l_MT_shortvdotswithinadjustbelow_dim=\dimen334
\l_MT_above_intertext_sep=\dimen335
\l_MT_below_intertext_sep=\dimen336
\l_MT_above_shortintertext_sep=\dimen337
\l_MT_below_shortintertext_sep=\dimen338
\xmathstrut@box=\box146
\xmathstrut@dim=\dimen339
)
\l_EQ_equationtype_int=\count433
\l_EQ_alignmentmode_int=\count434
\l_EQ_totalwidth_dim=\dimen340
\l_EQ_displaywidth_dim=\dimen341
\l_EQ_temp_linewidth_dim=\dimen342
\l_EQ_linewidth_dim=\dimen343
\EmphEqdelimitershortfall=\dimen344
\EmphEqdelimiterfactor=\count435
\g_EQ_toptag_height_dim=\dimen345
\g_EQ_bottomtag_depth_dim=\dimen346
\g_EQ_toprow_height_dim=\dimen347
\g_EQ_bottomrow_depth_dim=\dimen348
\g_EQ_widesttag_dim=\dimen349
\EQ_mathdisplay_box=\box147
\EQ_tag_box=\box148
\g_EQ_temprow_int=\count436
) (/usr/local/texlive/2025/texmf-dist/tex/latex/physics2/physics2.sty
Package: physics2 2024/01/10 v1.0.1 Tools for typesetting math for physics.
\phy@tempcnta=\count437
\phy@tempdima=\dimen350
\phy@tempdimb=\dimen351
\phy@tempskipa=\skip169
\phy@tempmuskipa=\muskip19
\phy@tempboxa=\box149
\phy@toksa=\toks52
\l__phy_tmpa_int=\count438
\l__phy_tmpb_int=\count439
) (/usr/local/texlive/2025/texmf-dist/tex/latex/physics2/phy-ab.legacy.sty
File: phy-ab.legacy.sty 2023/10/24 `ab.legacy' module of physics2
 (/usr/local/texlive/2025/texmf-dist/tex/latex/physics2/phy-ab.sty
File: phy-ab.sty 2023/10/24 `ab' (autobraces) module of physics2
)) (/usr/local/texlive/2025/texmf-dist/tex/latex/physics2/phy-op.legacy.sty
File: phy-op.legacy.sty 2023/10/24 `op.legacy' module of physics2
) (/usr/local/texlive/2025/texmf-dist/tex/latex/physics2/phy-qtext.legacy.sty
File: phy-qtext.legacy.sty 2023/10/24 `qtext.legacy' module of physics2.sty
LaTeX Info: Redefining \qunless on input line 51.
) (/usr/local/texlive/2025/texmf-dist/tex/latex/physics2/phy-diagmat.sty
File: phy-diagmat.sty 2024/01/10 `diagmat' module of physics2
\l__phy_mat_dim_int=\count440
) (/usr/local/texlive/2025/texmf-dist/tex/generic/pgf/frontendlayer/tikz/libraries/tikzlibrarydecorations.pathreplacing.code.tex (/usr/local/texlive/2025/texmf-dist/tex/generic/pgf/frontendlayer/tikz/libraries/tikzlibrarydecorations.code.tex (/usr/local/texlive/2025/texmf-dist/tex/generic/pgf/modules/pgfmoduledecorations.code.tex
\pgfdecoratedcompleteddistance=\dimen352
\pgfdecoratedremainingdistance=\dimen353
\pgfdecoratedinputsegmentcompleteddistance=\dimen354
\pgfdecoratedinputsegmentremainingdistance=\dimen355
\pgf@decorate@distancetomove=\dimen356
\pgf@decorate@repeatstate=\count441
\pgfdecorationsegmentamplitude=\dimen357
\pgfdecorationsegmentlength=\dimen358
)
\tikz@lib@dec@box=\box150
) (/usr/local/texlive/2025/texmf-dist/tex/generic/pgf/libraries/decorations/pgflibrarydecorations.pathreplacing.code.tex)) (/usr/local/texlive/2025/texmf-dist/tex/generic/pgf/libraries/pgflibraryarrows.meta.code.tex
File: pgflibraryarrows.meta.code.tex 2023-01-15 v3.1.10 (3.1.10)
\pgfarrowinset=\dimen359
\pgfarrowlength=\dimen360
\pgfarrowwidth=\dimen361
\pgfarrowlinewidth=\dimen362
) (/usr/local/texlive/2025/texmf-dist/tex/generic/tikz-cd/tikzlibrarycd.code.tex (/usr/local/texlive/2025/texmf-dist/tex/generic/pgf/frontendlayer/tikz/libraries/tikzlibrarymatrix.code.tex
File: tikzlibrarymatrix.code.tex 2023-01-15 v3.1.10 (3.1.10)
) (/usr/local/texlive/2025/texmf-dist/tex/generic/pgf/frontendlayer/tikz/libraries/tikzlibraryquotes.code.tex
File: tikzlibraryquotes.code.tex 2023-01-15 v3.1.10 (3.1.10)
)) (/usr/local/texlive/2025/texmf-dist/tex/latex/float/float.sty
Package: float 2001/11/08 v1.3d Float enhancements (AL)
\c@float@type=\count442
\float@exts=\toks53
\float@box=\box151
\@float@everytoks=\toks54
\@floatcapt=\box152
) (/usr/local/texlive/2025/texmf-dist/tex/latex/wrapfig/wrapfig.sty
\wrapoverhang=\dimen363
\WF@size=\dimen364
\c@WF@wrappedlines=\count443
\WF@box=\box153
\WF@everypar=\toks55
Package: wrapfig 2003/01/31  v 3.6
) (/usr/local/texlive/2025/texmf-dist/tex/latex/caption/caption.sty
Package: caption 2023/08/05 v3.6o Customizing captions (AR)
 (/usr/local/texlive/2025/texmf-dist/tex/latex/caption/caption3.sty
Package: caption3 2023/07/31 v2.4d caption3 kernel (AR)
\caption@tempdima=\dimen365
\captionmargin=\dimen366
\caption@leftmargin=\dimen367
\caption@rightmargin=\dimen368
\caption@width=\dimen369
\caption@indent=\dimen370
\caption@parindent=\dimen371
\caption@hangindent=\dimen372
Package caption Info: Standard document class detected.
)
\c@caption@flags=\count444
\c@continuedfloat=\count445
Package caption Info: changepage package is loaded.
\caption@adjustwidth@hsize=\dimen373
\caption@adjustwidth@linewidth=\dimen374
Package caption Info: float package is loaded.
Package caption Info: hyperref package is loaded.
Package caption Info: longtable package is loaded.
 (/usr/local/texlive/2025/texmf-dist/tex/latex/caption/ltcaption.sty
Package: ltcaption 2021/01/08 v1.4c longtable captions (AR)
)
Package caption Info: wrapfig package is loaded.
) (/usr/local/texlive/2025/texmf-dist/tex/latex/makecell/makecell.sty
Package: makecell 2009/08/03 V0.1e Managing of Tab Column Heads and Cells
 (/usr/local/texlive/2025/texmf-dist/tex/latex/tools/array.sty
Package: array 2024/10/17 v2.6g Tabular extension package (FMi)
\col@sep=\dimen375
\ar@mcellbox=\box154
\extrarowheight=\dimen376
\NC@list=\toks56
\extratabsurround=\skip170
\backup@length=\skip171
\ar@cellbox=\box155
)
\rotheadsize=\dimen377
\c@nlinenum=\count446
\TeXr@lab=\toks57
) (/usr/local/texlive/2025/texmf-dist/tex/latex/psnfss/pifont.sty
Package: pifont 2020/03/25 PSNFSS-v9.3 Pi font support (SPQR) 
LaTeX Font Info:    Trying to load font information for U+pzd on input line 63.
 (/usr/local/texlive/2025/texmf-dist/tex/latex/psnfss/upzd.fd
File: upzd.fd 2001/06/04 font definitions for U/pzd.
)
LaTeX Font Info:    Trying to load font information for U+psy on input line 64.
 (/usr/local/texlive/2025/texmf-dist/tex/latex/psnfss/upsy.fd
File: upsy.fd 2001/06/04 font definitions for U/psy.
)) (/usr/local/texlive/2025/texmf-dist/tex/latex/faktor/faktor.sty
Invalid UTF-8 byte or sequence at line 16 replaced by U+FFFD.
Invalid UTF-8 byte or sequence at line 18 replaced by U+FFFD.
Invalid UTF-8 byte or sequence at line 25 replaced by U+FFFD.
Invalid UTF-8 byte or sequence at line 29 replaced by U+FFFD.
Invalid UTF-8 byte or sequence at line 29 replaced by U+FFFD.
Invalid UTF-8 byte or sequence at line 30 replaced by U+FFFD.
Invalid UTF-8 byte or sequence at line 31 replaced by U+FFFD.
Package: faktor 2006/04/05 v0.1b Faktor-Ringe, -Gruppen, -Raeume (PE)
\faktor@zaehlerhoehe=\skip172
\faktor@nennerhoehe=\skip173
) (/usr/local/texlive/2025/texmf-dist/tex/latex/extarrows/extarrows.sty
Package: extarrows 2020/03/12 v1.2.0 Some extensible arrows
) (/usr/local/texlive/2025/texmf-dist/tex/latex/cleveref/cleveref.sty
Package: cleveref 2018/03/27 v0.21.4 Intelligent cross-referencing
Package cleveref Info: `hyperref' support loaded on input line 2370.
LaTeX Info: Redefining \cref on input line 2370.
LaTeX Info: Redefining \Cref on input line 2370.
LaTeX Info: Redefining \crefrange on input line 2370.
LaTeX Info: Redefining \Crefrange on input line 2370.
LaTeX Info: Redefining \cpageref on input line 2370.
LaTeX Info: Redefining \Cpageref on input line 2370.
LaTeX Info: Redefining \cpagerefrange on input line 2370.
LaTeX Info: Redefining \Cpagerefrange on input line 2370.
LaTeX Info: Redefining \labelcref on input line 2370.
LaTeX Info: Redefining \labelcpageref on input line 2370.
Package cleveref Info: `amsthm' support loaded on input line 3026.
) (/usr/local/texlive/2025/texmf-dist/tex/latex/esvect/esvect.sty
Package: esvect 
\symesvector=\mathgroup9
LaTeX Font Info:    Redeclaring math symbol \fldr on input line 38.
)
\symugmL=\mathgroup10
 (/usr/local/texlive/2025/texmf-dist/tex/latex/accents/accents.sty
Package: accents 2006/05/12 v1.4 Math Accent Tools
\cc@skew=\dimen378
\cc@wd=\dimen379
\cc@code=\count447
\cc@group=\count448
\cc@skewchar=\count449
) (./微分方程数值解笔记.aux

LaTeX Warning: Label `' multiply defined.


LaTeX Warning: Label `@cref' multiply defined.


LaTeX Warning: Label `' multiply defined.


LaTeX Warning: Label `@cref' multiply defined.


LaTeX Warning: Label `' multiply defined.


LaTeX Warning: Label `@cref' multiply defined.


LaTeX Warning: Label `' multiply defined.


LaTeX Warning: Label `@cref' multiply defined.


LaTeX Warning: Label `' multiply defined.


LaTeX Warning: Label `@cref' multiply defined.


LaTeX Warning: Label `' multiply defined.


LaTeX Warning: Label `@cref' multiply defined.


LaTeX Warning: Label `' multiply defined.


LaTeX Warning: Label `@cref' multiply defined.


LaTeX Warning: Label `' multiply defined.


LaTeX Warning: Label `@cref' multiply defined.


LaTeX Warning: Label `' multiply defined.


LaTeX Warning: Label `@cref' multiply defined.


LaTeX Warning: Label `' multiply defined.


LaTeX Warning: Label `@cref' multiply defined.


LaTeX Warning: Label `' multiply defined.


LaTeX Warning: Label `@cref' multiply defined.


LaTeX Warning: Label `' multiply defined.


LaTeX Warning: Label `@cref' multiply defined.


LaTeX Warning: Label `' multiply defined.


LaTeX Warning: Label `@cref' multiply defined.


LaTeX Warning: Label `' multiply defined.


LaTeX Warning: Label `@cref' multiply defined.


LaTeX Warning: Label `' multiply defined.


LaTeX Warning: Label `@cref' multiply defined.


LaTeX Warning: Label `' multiply defined.


LaTeX Warning: Label `@cref' multiply defined.


LaTeX Warning: Label `' multiply defined.


LaTeX Warning: Label `@cref' multiply defined.


LaTeX Warning: Label `' multiply defined.


LaTeX Warning: Label `@cref' multiply defined.


LaTeX Warning: Label `' multiply defined.


LaTeX Warning: Label `@cref' multiply defined.


LaTeX Warning: Label `' multiply defined.


LaTeX Warning: Label `@cref' multiply defined.


LaTeX Warning: Label `' multiply defined.


LaTeX Warning: Label `@cref' multiply defined.


LaTeX Warning: Label `' multiply defined.


LaTeX Warning: Label `@cref' multiply defined.


LaTeX Warning: Label `' multiply defined.


LaTeX Warning: Label `@cref' multiply defined.


LaTeX Warning: Label `eq:4.4' multiply defined.


LaTeX Warning: Label `eq:4.4@cref' multiply defined.


LaTeX Warning: Label `eq:4.5' multiply defined.


LaTeX Warning: Label `eq:4.5@cref' multiply defined.


LaTeX Warning: Label `eq:4.6' multiply defined.


LaTeX Warning: Label `eq:4.6@cref' multiply defined.


LaTeX Warning: Label `eq:4.7' multiply defined.


LaTeX Warning: Label `eq:4.7@cref' multiply defined.


LaTeX Warning: Label `eq:4.8' multiply defined.


LaTeX Warning: Label `eq:4.8@cref' multiply defined.


LaTeX Warning: Label `eq:4.9' multiply defined.


LaTeX Warning: Label `eq:4.9@cref' multiply defined.


LaTeX Warning: Label `eq:4.10' multiply defined.


LaTeX Warning: Label `eq:4.10@cref' multiply defined.


LaTeX Warning: Label `eq:4.11' multiply defined.


LaTeX Warning: Label `eq:4.11@cref' multiply defined.

)
\openout1 = `微分方程数值解笔记.aux'.

LaTeX Font Info:    Checking defaults for OML/cmm/m/it on input line 150.
LaTeX Font Info:    ... okay on input line 150.
LaTeX Font Info:    Checking defaults for OMS/cmsy/m/n on input line 150.
LaTeX Font Info:    ... okay on input line 150.
LaTeX Font Info:    Checking defaults for OT1/cmr/m/n on input line 150.
LaTeX Font Info:    ... okay on input line 150.
LaTeX Font Info:    Checking defaults for T1/cmr/m/n on input line 150.
LaTeX Font Info:    ... okay on input line 150.
LaTeX Font Info:    Checking defaults for TS1/cmr/m/n on input line 150.
LaTeX Font Info:    ... okay on input line 150.
LaTeX Font Info:    Checking defaults for TU/lmr/m/n on input line 150.
LaTeX Font Info:    ... okay on input line 150.
LaTeX Font Info:    Checking defaults for OMX/cmex/m/n on input line 150.
LaTeX Font Info:    ... okay on input line 150.
LaTeX Font Info:    Checking defaults for U/cmr/m/n on input line 150.
LaTeX Font Info:    ... okay on input line 150.
LaTeX Font Info:    Checking defaults for PD1/pdf/m/n on input line 150.
LaTeX Font Info:    ... okay on input line 150.
LaTeX Font Info:    Checking defaults for PU/pdf/m/n on input line 150.
LaTeX Font Info:    ... okay on input line 150.

Package fontspec Info: 
(fontspec)             Adjusting the maths setup (use [no-math] to avoid
(fontspec)             this).

\symlegacymaths=\mathgroup11
LaTeX Font Info:    Overwriting symbol font `legacymaths' in version `bold'
(Font)                  OT1/cmr/m/n --> OT1/cmr/bx/n on input line 150.
LaTeX Font Info:    Redeclaring math accent \acute on input line 150.
LaTeX Font Info:    Redeclaring math accent \grave on input line 150.
LaTeX Font Info:    Redeclaring math accent \ddot on input line 150.
LaTeX Font Info:    Redeclaring math accent \tilde on input line 150.
LaTeX Font Info:    Redeclaring math accent \bar on input line 150.
LaTeX Font Info:    Redeclaring math accent \breve on input line 150.
LaTeX Font Info:    Redeclaring math accent \check on input line 150.
LaTeX Font Info:    Redeclaring math accent \hat on input line 150.
LaTeX Font Info:    Redeclaring math accent \dot on input line 150.
LaTeX Font Info:    Redeclaring math accent \mathring on input line 150.
LaTeX Font Info:    Redeclaring math symbol \Gamma on input line 150.
LaTeX Font Info:    Redeclaring math symbol \Delta on input line 150.
LaTeX Font Info:    Redeclaring math symbol \Theta on input line 150.
LaTeX Font Info:    Redeclaring math symbol \Lambda on input line 150.
LaTeX Font Info:    Redeclaring math symbol \Xi on input line 150.
LaTeX Font Info:    Redeclaring math symbol \Pi on input line 150.
LaTeX Font Info:    Redeclaring math symbol \Sigma on input line 150.
LaTeX Font Info:    Redeclaring math symbol \Upsilon on input line 150.
LaTeX Font Info:    Redeclaring math symbol \Phi on input line 150.
LaTeX Font Info:    Redeclaring math symbol \Psi on input line 150.
LaTeX Font Info:    Redeclaring math symbol \Omega on input line 150.
LaTeX Font Info:    Redeclaring math symbol \mathdollar on input line 150.
LaTeX Font Info:    Redeclaring symbol font `operators' on input line 150.
LaTeX Font Info:    Encoding `OT1' has changed to `TU' for symbol font
(Font)              `operators' in the math version `normal' on input line 150.
LaTeX Font Info:    Overwriting symbol font `operators' in version `normal'
(Font)                  OT1/cmr/m/n --> TU/lmr/m/n on input line 150.
LaTeX Font Info:    Encoding `OT1' has changed to `TU' for symbol font
(Font)              `operators' in the math version `bold' on input line 150.
LaTeX Font Info:    Overwriting symbol font `operators' in version `bold'
(Font)                  OT1/cmr/bx/n --> TU/lmr/m/n on input line 150.
LaTeX Font Info:    Overwriting symbol font `operators' in version `normal'
(Font)                  TU/lmr/m/n --> TU/lmr/m/n on input line 150.
LaTeX Font Info:    Overwriting math alphabet `\mathit' in version `normal'
(Font)                  OT1/cmr/m/it --> TU/lmr/m/it on input line 150.
LaTeX Font Info:    Overwriting math alphabet `\mathbf' in version `normal'
(Font)                  OT1/cmr/bx/n --> TU/lmr/b/n on input line 150.
LaTeX Font Info:    Overwriting math alphabet `\mathsf' in version `normal'
(Font)                  OT1/cmss/m/n --> TU/lmss/m/n on input line 150.
LaTeX Font Info:    Overwriting math alphabet `\mathtt' in version `normal'
(Font)                  OT1/cmtt/m/n --> TU/lmtt/m/n on input line 150.
LaTeX Font Info:    Overwriting symbol font `operators' in version `bold'
(Font)                  TU/lmr/m/n --> TU/lmr/b/n on input line 150.
LaTeX Font Info:    Overwriting math alphabet `\mathit' in version `bold'
(Font)                  OT1/cmr/bx/it --> TU/lmr/b/it on input line 150.
LaTeX Font Info:    Overwriting math alphabet `\mathsf' in version `bold'
(Font)                  OT1/cmss/bx/n --> TU/lmss/b/n on input line 150.
LaTeX Font Info:    Overwriting math alphabet `\mathtt' in version `bold'
(Font)                  OT1/cmtt/m/n --> TU/lmtt/b/n on input line 150.
Package hyperref Info: Link coloring ON on input line 150.
 (./微分方程数值解笔记.out) (./微分方程数值解笔记.out)
\@outlinefile=\write5
\openout5 = `微分方程数值解笔记.out'.


*geometry* driver: auto-detecting
*geometry* detected driver: xetex
*geometry* verbose mode - [ preamble ] result:
* driver: xetex
* paper: b5paper
* layout: <same size as paper>
* layoutoffset:(h,v)=(0.0pt,0.0pt)
* modes: twoside 
* h-part:(L,W,R)=(71.13188pt, 372.73111pt, 56.9055pt)
* v-part:(T,H,B)=(71.13188pt, 588.97197pt, 51.21504pt)
* \paperwidth=500.7685pt
* \paperheight=711.3189pt
* \textwidth=372.73111pt
* \textheight=588.97197pt
* \oddsidemargin=-1.1381pt
* \evensidemargin=-15.36449pt
* \topmargin=-31.2056pt
* \headheight=12.0pt
* \headsep=18.06749pt
* \topskip=10.0pt
* \footskip=25.29494pt
* \marginparwidth=57.0pt
* \marginparsep=7.0pt
* \columnsep=10.0pt
* \skip\footins=9.0pt plus 4.0pt minus 2.0pt
* \hoffset=0.0pt
* \voffset=0.0pt
* \mag=1000
* \@twocolumnfalse
* \@twosidetrue
* \@mparswitchtrue
* \@reversemarginfalse
* (1in=72.27pt=25.4mm, 1cm=28.453pt)

LaTeX Info: Redefining \Re on input line 150.
LaTeX Info: Redefining \Im on input line 150.
Package caption Info: Begin \AtBeginDocument code.
Package caption Info: End \AtBeginDocument code.
(./cover.tex

Package fontspec Info: 
(fontspec)             Script 'CJK' not explicitly supported within font
(fontspec)             'STXihei'. Check the typeset output, and if it is okay
(fontspec)             then ignore this warning. Otherwise a different font
(fontspec)             should be chosen.


Package fontspec Info: 
(fontspec)             Could not resolve font "STHeiti/I" (it probably doesn't
(fontspec)             exist).


Package fontspec Info: 
(fontspec)             Could not resolve font "STXihei/I" (it probably doesn't
(fontspec)             exist).


Package fontspec Info: 
(fontspec)             Font family 'STXihei(0)' created for font 'STXihei'
(fontspec)             with options [Script={CJK},BoldFont={STHeiti}].
(fontspec)              
(fontspec)              This font family consists of the following NFSS
(fontspec)             series/shapes:
(fontspec)              
(fontspec)             - 'normal' (m/n) with NFSS spec.:
(fontspec)             <->"STXihei/OT:script=hani;language=dflt;"
(fontspec)             - 'bold' (b/n) with NFSS spec.:
(fontspec)             <->"STHeiti/OT:script=hani;language=dflt;"
(fontspec)             - 'bold italic' (b/it) with NFSS spec.:
(fontspec)             <->"STXihei/BI/OT:script=hani;language=dflt;"

LaTeX Font Info:    Calculating math sizes for size <14> on input line 20.
LaTeX Font Info:    Trying to load font information for U+msa on input line 20.
 (/usr/local/texlive/2025/texmf-dist/tex/latex/amsfonts/umsa.fd
File: umsa.fd 2013/01/14 v3.01 AMS symbols A
)
LaTeX Font Info:    Trying to load font information for U+msb on input line 20.
 (/usr/local/texlive/2025/texmf-dist/tex/latex/amsfonts/umsb.fd
File: umsb.fd 2013/01/14 v3.01 AMS symbols B
)
LaTeX Font Info:    Trying to load font information for U+esvect on input line 20.
 (/usr/local/texlive/2025/texmf-dist/tex/latex/esvect/uesvect.fd
File: uesvect.fd 
)
LaTeX Font Info:    Trying to load font information for OMX+mdugm on input line 20.
 (/usr/local/texlive/2025/texmf-dist/tex/latex/mathdesign/mdugm/omxmdugm.fd
File: omxmdugm.fd 2013/08/29 Fontinst v1.933 font definitions for OMX/mdugm.
)
LaTeX Font Info:    Calculating math sizes for size <13> on input line 25.


LaTeX Font Warning: Font shape `U/esvect/m/n' in size <13> not available
(Font)              size <12> substituted on input line 25.


LaTeX Font Warning: Font shape `U/esvect/m/n' in size <6.5> not available
(Font)              size <6> substituted on input line 25.

LaTeX Font Info:    Calculating math sizes for size <11> on input line 26.

LaTeX Font Warning: Font shape `U/esvect/m/n' in size <5.5> not available
(Font)              size <5> substituted on input line 26.



[1


])
Package hyperref Info: Option `pageanchor' set `true' on input line 154.

Package fontspec Info: 
(fontspec)             Could not resolve font "SimHei/I" (it probably doesn't
(fontspec)             exist).


Package fontspec Info: 
(fontspec)             Could not resolve font "SimHei/BI" (it probably doesn't
(fontspec)             exist).


Package fontspec Info: 
(fontspec)             Could not resolve font "SimHei/I" (it probably doesn't
(fontspec)             exist).


Package fontspec Info: 
(fontspec)             Font family 'SimHei(0)' created for font 'SimHei' with
(fontspec)             options [Script={CJK},AutoFakeBold={3}].
(fontspec)              
(fontspec)              This font family consists of the following NFSS
(fontspec)             series/shapes:
(fontspec)              
(fontspec)             - 'normal' (m/n) with NFSS spec.:
(fontspec)             <->"SimHei/OT:script=hani;language=dflt;"
(fontspec)             - 'bold' (b/n) with NFSS spec.:
(fontspec)             <->"SimHei/OT:script=hani;language=dflt;embolden=3;"

 (./微分方程数值解笔记.toc

[1



])
\tf@toc=\write6
\openout6 = `微分方程数值解笔记.toc'.




Package fontspec Info: 
(fontspec)             Could not resolve font "SimHei/I" (it probably doesn't
(fontspec)             exist).


Package fontspec Info: 
(fontspec)             Could not resolve font "SimHei/BI" (it probably doesn't
(fontspec)             exist).


Package fontspec Info: 
(fontspec)             Could not resolve font "SimHei/I" (it probably doesn't
(fontspec)             exist).


Package fontspec Info: 
(fontspec)             Font family 'SimHei(1)' created for font 'SimHei' with
(fontspec)             options [Script={CJK},AutoFakeBold={2.5}].
(fontspec)              
(fontspec)              This font family consists of the following NFSS
(fontspec)             series/shapes:
(fontspec)              
(fontspec)             - 'normal' (m/n) with NFSS spec.:
(fontspec)             <->"SimHei/OT:script=hani;language=dflt;"
(fontspec)             - 'bold' (b/n) with NFSS spec.:
(fontspec)             <->"SimHei/OT:script=hani;language=dflt;embolden=2.5;"


Package fancyhdr Warning: \headheight is too small (12.0pt): 
(fancyhdr)                Make it at least 12.34525pt, for example:
(fancyhdr)                \setlength{\headheight}{12.34525pt}.
(fancyhdr)                You might also make \topmargin smaller:
(fancyhdr)                \addtolength{\topmargin}{-0.34525pt}.

[2]


Package fancyhdr Warning: \headheight is too small (12.0pt): 
(fancyhdr)                Make it at least 12.34525pt, for example:
(fancyhdr)                \setlength{\headheight}{12.34525pt}.
(fancyhdr)                You might also make \topmargin smaller:
(fancyhdr)                \addtolength{\topmargin}{-0.34525pt}.

[3]

[4


] (./椭圆型方程的差分方法.tex
1
File: fig/1.1.png Graphic file (type bmp)
<fig/1.1.png>
File: fig/1.2.png Graphic file (type bmp)
<fig/1.2.png>


[1



]
Overfull \hbox (11.53268pt too wide) in paragraph at lines 59--62
[]\TU/STSong(0)/m/n/10 令 $\OML/cmm/m/it/10 ^^_[]\OT1/cmr/m/n/10 (\OML/cmm/m/it/10 s\OT1/cmr/m/n/10 ) = []$\TU/STSong(0)/m/n/10 ，|  那 么 $\OML/cmm/m/it/10 u\OT1/cmr/m/n/10 (\OML/cmm/m/it/10 x\OT1/cmr/m/n/10 ) = [][] [] \OML/cmm/m/it/10 f\OT1/cmr/m/n/10 (\OML/cmm/m/it/10 s\OT1/cmr/m/n/10 ) []  []\OML/cmm/m/it/10 s$\TU/lmr/m/n/10 . 
 []




Package fancyhdr Warning: \headheight is too small (12.0pt): 
(fancyhdr)                Make it at least 12.34525pt, for example:
(fancyhdr)                \setlength{\headheight}{12.34525pt}.
(fancyhdr)                You might also make \topmargin smaller:
(fancyhdr)                \addtolength{\topmargin}{-0.34525pt}.

[2]
Overfull \hbox (5.9118pt too wide) in paragraph at lines 89--89
[]\TU/STSong(0)/m/n/10 以 $\OML/cmm/m/it/10 x[]$ \TU/STSong(0)/m/n/10 为 中 心，|  使 用 二 阶 中 心 差 商 近 似 二 阶 导 数，|  即 $\OML/cmm/m/it/10 u[]\OT1/cmr/m/n/10 (\OML/cmm/m/it/10 x[]\OT1/cmr/m/n/10 ) \OMS/cmsy/m/n/10 ^^Y []$\TU/lmr/m/n/10 . 
 []


Overfull \hbox (17.65286pt too wide) in paragraph at lines 93--95
\TU/STSong(0)/m/n/10 上 述 的 \TU/lmr/m/n/10 (1.3a)-(1.3c) \TU/STSong(0)/m/n/10 就 是 完 整 的 有 限 差 分 法，|  因 此 可 以 得 到 近 似 解 $\OML/cmm/m/it/10 u[] \OMS/cmsy/m/n/10 ^^Y \OML/cmm/m/it/10 u\OT1/cmr/m/n/10 (\OML/cmm/m/it/10 x[]\OT1/cmr/m/n/10 )\OML/cmm/m/it/10 ; \OT1/cmr/m/n/10 0 \U/msa/m/n/10 6
 []


Overfull \hbox (39.8549pt too wide) in paragraph at lines 117--124
\TU/STSong(0)/m/n/10 ，|  其 中 $\OML/cmm/m/it/10 A[] \OT1/cmr/m/n/10 = \OMS/cmsy/m/n/10 ^^@[] [] \OML/cmm/m/it/10 ; [] \OT1/cmr/m/n/10 = [\OML/cmm/m/it/10 u[]; u[]; [] ; u[]\OT1/cmr/m/n/10 ][]\OML/cmm/m/it/10 ; [] \OT1/cmr/m/n/10 = [\OML/cmm/m/it/10 f[]; f[]; [] ; f[]\OT1/cmr/m/n/10 ][]$ 
 []




Package fancyhdr Warning: \headheight is too small (12.0pt): 
(fancyhdr)                Make it at least 12.34525pt, for example:
(fancyhdr)                \setlength{\headheight}{12.34525pt}.
(fancyhdr)                You might also make \topmargin smaller:
(fancyhdr)                \addtolength{\topmargin}{-0.34525pt}.

[3]

Package fontspec Info: 
(fontspec)             Could not resolve font "KaiTi/I" (it probably doesn't
(fontspec)             exist).


Package fontspec Info: 
(fontspec)             Could not resolve font "KaiTi/BI" (it probably doesn't
(fontspec)             exist).


Package fontspec Info: 
(fontspec)             Could not resolve font "KaiTi/I" (it probably doesn't
(fontspec)             exist).


Package fontspec Info: 
(fontspec)             Font family 'KaiTi(0)' created for font 'KaiTi' with
(fontspec)             options [Script={CJK},AutoFakeBold={2.5}].
(fontspec)              
(fontspec)              This font family consists of the following NFSS
(fontspec)             series/shapes:
(fontspec)              
(fontspec)             - 'normal' (m/n) with NFSS spec.:
(fontspec)             <->"KaiTi/OT:script=hani;language=dflt;"
(fontspec)             - 'bold' (b/n) with NFSS spec.:
(fontspec)             <->"KaiTi/OT:script=hani;language=dflt;embolden=2.5;"


Package fontspec Info: 
(fontspec)             Could not resolve font "FangSong/I" (it probably
(fontspec)             doesn't exist).


Package fontspec Info: 
(fontspec)             Could not resolve font "FangSong/BI" (it probably
(fontspec)             doesn't exist).


Package fontspec Info: 
(fontspec)             Could not resolve font "FangSong/I" (it probably
(fontspec)             doesn't exist).


Package fontspec Info: 
(fontspec)             Font family 'FangSong(0)' created for font 'FangSong'
(fontspec)             with options [Script={CJK},AutoFakeBold={5}].
(fontspec)              
(fontspec)              This font family consists of the following NFSS
(fontspec)             series/shapes:
(fontspec)              
(fontspec)             - 'normal' (m/n) with NFSS spec.:
(fontspec)             <->"FangSong/OT:script=hani;language=dflt;"
(fontspec)             - 'bold' (b/n) with NFSS spec.:
(fontspec)             <->"FangSong/OT:script=hani;language=dflt;embolden=5;"




Package fancyhdr Warning: \headheight is too small (12.0pt): 
(fancyhdr)                Make it at least 12.34525pt, for example:
(fancyhdr)                \setlength{\headheight}{12.34525pt}.
(fancyhdr)                You might also make \topmargin smaller:
(fancyhdr)                \addtolength{\topmargin}{-0.34525pt}.

[4]


Package fancyhdr Warning: \headheight is too small (12.0pt): 
(fancyhdr)                Make it at least 12.34525pt, for example:
(fancyhdr)                \setlength{\headheight}{12.34525pt}.
(fancyhdr)                You might also make \topmargin smaller:
(fancyhdr)                \addtolength{\topmargin}{-0.34525pt}.

[5]


Package fancyhdr Warning: \headheight is too small (12.0pt): 
(fancyhdr)                Make it at least 12.34525pt, for example:
(fancyhdr)                \setlength{\headheight}{12.34525pt}.
(fancyhdr)                You might also make \topmargin smaller:
(fancyhdr)                \addtolength{\topmargin}{-0.34525pt}.

[6]


Package fancyhdr Warning: \headheight is too small (12.0pt): 
(fancyhdr)                Make it at least 12.34525pt, for example:
(fancyhdr)                \setlength{\headheight}{12.34525pt}.
(fancyhdr)                You might also make \topmargin smaller:
(fancyhdr)                \addtolength{\topmargin}{-0.34525pt}.

[7]


Package fancyhdr Warning: \headheight is too small (12.0pt): 
(fancyhdr)                Make it at least 12.34525pt, for example:
(fancyhdr)                \setlength{\headheight}{12.34525pt}.
(fancyhdr)                You might also make \topmargin smaller:
(fancyhdr)                \addtolength{\topmargin}{-0.34525pt}.

[8]
File: fig/1.3.png Graphic file (type bmp)
<fig/1.3.png>
File: fig/1.4.png Graphic file (type bmp)
<fig/1.4.png>

Overfull \hbox (14.76947pt too wide) in paragraph at lines 346--360
[]$[]$ $[]$ 
 []




Package fancyhdr Warning: \headheight is too small (12.0pt): 
(fancyhdr)                Make it at least 12.34525pt, for example:
(fancyhdr)                \setlength{\headheight}{12.34525pt}.
(fancyhdr)                You might also make \topmargin smaller:
(fancyhdr)                \addtolength{\topmargin}{-0.34525pt}.

[9]


Package fancyhdr Warning: \headheight is too small (12.0pt): 
(fancyhdr)                Make it at least 12.34525pt, for example:
(fancyhdr)                \setlength{\headheight}{12.34525pt}.
(fancyhdr)                You might also make \topmargin smaller:
(fancyhdr)                \addtolength{\topmargin}{-0.34525pt}.

[10]


Package fancyhdr Warning: \headheight is too small (12.0pt): 
(fancyhdr)                Make it at least 12.34525pt, for example:
(fancyhdr)                \setlength{\headheight}{12.34525pt}.
(fancyhdr)                You might also make \topmargin smaller:
(fancyhdr)                \addtolength{\topmargin}{-0.34525pt}.

[11]


Package fancyhdr Warning: \headheight is too small (12.0pt): 
(fancyhdr)                Make it at least 12.34525pt, for example:
(fancyhdr)                \setlength{\headheight}{12.34525pt}.
(fancyhdr)                You might also make \topmargin smaller:
(fancyhdr)                \addtolength{\topmargin}{-0.34525pt}.

[12]
Overfull \hbox (11.56885pt too wide) in paragraph at lines 551--551
[]\TU/STSong(0)/m/n/10 在 离 散 最 大 模 估 计 的 证 明 过 程 中，|  我 们 就 是 将 待 定 函 数 定 义 为 $\OML/cmm/m/it/10 ^^^\OT1/cmr/m/n/10 (\OML/cmm/m/it/10 x; y\OT1/cmr/m/n/10 ) = []\OML/cmm/m/it/10 x[]; \OT1/cmr/m/n/10 (\OML/cmm/m/it/10 x; y\OT1/cmr/m/n/10 ) \OMS/cmsy/m/n/10 2
 []


Overfull \hbox (7.33395pt too wide) in paragraph at lines 561--567
[]\TU/STSong(0)/m/n/10 由 截 断 误 差 定 义 可 知 $[] \OMS/cmsy/m/n/10 ) []$ 
 []




Package fancyhdr Warning: \headheight is too small (12.0pt): 
(fancyhdr)                Make it at least 12.34525pt, for example:
(fancyhdr)                \setlength{\headheight}{12.34525pt}.
(fancyhdr)                You might also make \topmargin smaller:
(fancyhdr)                \addtolength{\topmargin}{-0.34525pt}.

[13]


Package fancyhdr Warning: \headheight is too small (12.0pt): 
(fancyhdr)                Make it at least 12.34525pt, for example:
(fancyhdr)                \setlength{\headheight}{12.34525pt}.
(fancyhdr)                You might also make \topmargin smaller:
(fancyhdr)                \addtolength{\topmargin}{-0.34525pt}.

[14]


Package fancyhdr Warning: \headheight is too small (12.0pt): 
(fancyhdr)                Make it at least 12.34525pt, for example:
(fancyhdr)                \setlength{\headheight}{12.34525pt}.
(fancyhdr)                You might also make \topmargin smaller:
(fancyhdr)                \addtolength{\topmargin}{-0.34525pt}.

[15]
Overfull \hbox (7.2511pt too wide) in paragraph at lines 687--687
[]\TU/STSong(0)/m/n/10 相 应 的 特 征 向 量 为：| $[][] \OT1/cmr/m/n/10 = [[](\OML/cmm/m/it/10 ^^R[]\OT1/cmr/m/n/10 )\OML/cmm/m/it/10 ; []\OT1/cmr/m/n/10 (2\OML/cmm/m/it/10 ^^R[]\OT1/cmr/m/n/10 )\OML/cmm/m/it/10 ; []  ; []\OT1/cmr/m/n/10 (\OML/cmm/m/it/10 N^^R[]\OT1/cmr/m/n/10 )][]$\TU/STSong(0)/m/n/10 ，|  其 中 $\OML/cmm/m/it/10 ^^R[] \OT1/cmr/m/n/10 = []\OML/cmm/m/it/10 ; \OT1/cmr/m/n/10 1 \U/msa/m/n/10 6
 []




Package fancyhdr Warning: \headheight is too small (12.0pt): 
(fancyhdr)                Make it at least 12.34525pt, for example:
(fancyhdr)                \setlength{\headheight}{12.34525pt}.
(fancyhdr)                You might also make \topmargin smaller:
(fancyhdr)                \addtolength{\topmargin}{-0.34525pt}.

[16]
Overfull \hbox (30.34567pt too wide) in paragraph at lines 734--735
[]$[][] \OT1/cmr/m/n/10 = [][] = [][]$\TU/STSong(0)/m/n/10 ，|  其 中 $[][] \OT1/cmr/m/n/10 = 2[]\OML/cmm/b/it/10 U[]\OML/cmm/m/it/10 ; [][] \OT1/cmr/m/n/10 = [] [][]$\TU/lmr/m/n/10 . 
 []




Package fancyhdr Warning: \headheight is too small (12.0pt): 
(fancyhdr)                Make it at least 12.34525pt, for example:
(fancyhdr)                \setlength{\headheight}{12.34525pt}.
(fancyhdr)                You might also make \topmargin smaller:
(fancyhdr)                \addtolength{\topmargin}{-0.34525pt}.

[17]

Package fontspec Info: 
(fontspec)             Script 'CJK' not explicitly supported within font
(fontspec)             'STFangsong'. Check the typeset output, and if it is
(fontspec)             okay then ignore this warning. Otherwise a different
(fontspec)             font should be chosen.


Package fontspec Info: 
(fontspec)             Could not resolve font "STFangsong/BI" (it probably
(fontspec)             doesn't exist).


Package fontspec Info: 
(fontspec)             Could not resolve font "STFangsong/B" (it probably
(fontspec)             doesn't exist).


Package fontspec Info: 
(fontspec)             Could not resolve font "STFangsong/I" (it probably
(fontspec)             doesn't exist).


Package fontspec Info: 
(fontspec)             Font family 'STFangsong(0)' created for font
(fontspec)             'STFangsong' with options [Script={CJK}].
(fontspec)              
(fontspec)              This font family consists of the following NFSS
(fontspec)             series/shapes:
(fontspec)              
(fontspec)             - 'normal' (m/n) with NFSS spec.:
(fontspec)             <->"STFangsong/OT:script=hani;language=dflt;"


Overfull \hbox (28.01295pt too wide) in paragraph at lines 787--788
[]\TU/STSong(0)/m/n/10 基 于 三 个 网 格 点 $\OML/cmm/m/it/10 x[]; x[]; x[]$ \TU/STSong(0)/m/n/10 的 格 点 函 数 值 建 立 的 中 心 差 分 格 式 $\OMS/cmsy/m/n/10 ^^@[] \OT1/cmr/m/n/10 =
 []




Package fancyhdr Warning: \headheight is too small (12.0pt): 
(fancyhdr)                Make it at least 12.34525pt, for example:
(fancyhdr)                \setlength{\headheight}{12.34525pt}.
(fancyhdr)                You might also make \topmargin smaller:
(fancyhdr)                \addtolength{\topmargin}{-0.34525pt}.

[18]


Package fancyhdr Warning: \headheight is too small (12.0pt): 
(fancyhdr)                Make it at least 12.34525pt, for example:
(fancyhdr)                \setlength{\headheight}{12.34525pt}.
(fancyhdr)                You might also make \topmargin smaller:
(fancyhdr)                \addtolength{\topmargin}{-0.34525pt}.

[19]


Package fancyhdr Warning: \headheight is too small (12.0pt): 
(fancyhdr)                Make it at least 12.34525pt, for example:
(fancyhdr)                \setlength{\headheight}{12.34525pt}.
(fancyhdr)                You might also make \topmargin smaller:
(fancyhdr)                \addtolength{\topmargin}{-0.34525pt}.

[20]) (./发展方程有限差分法的基本概念和理论.tex


Package fancyhdr Warning: \headheight is too small (12.0pt): 
(fancyhdr)                Make it at least 12.34525pt, for example:
(fancyhdr)                \setlength{\headheight}{12.34525pt}.
(fancyhdr)                You might also make \topmargin smaller:
(fancyhdr)                \addtolength{\topmargin}{-0.34525pt}.

[21]
2


[22

]
File: fig/2.1-1.jpg Graphic file (type bmp)
<fig/2.1-1.jpg>
File: fig/2.1-2.jpg Graphic file (type bmp)
<fig/2.1-2.jpg>



Package fancyhdr Warning: \headheight is too small (12.0pt): 
(fancyhdr)                Make it at least 12.34525pt, for example:
(fancyhdr)                \setlength{\headheight}{12.34525pt}.
(fancyhdr)                You might also make \topmargin smaller:
(fancyhdr)                \addtolength{\topmargin}{-0.34525pt}.

[23]
File: fig/2.2.jpg Graphic file (type bmp)
<fig/2.2.jpg>



Package fancyhdr Warning: \headheight is too small (12.0pt): 
(fancyhdr)                Make it at least 12.34525pt, for example:
(fancyhdr)                \setlength{\headheight}{12.34525pt}.
(fancyhdr)                You might also make \topmargin smaller:
(fancyhdr)                \addtolength{\topmargin}{-0.34525pt}.

[24]


Package fancyhdr Warning: \headheight is too small (12.0pt): 
(fancyhdr)                Make it at least 12.34525pt, for example:
(fancyhdr)                \setlength{\headheight}{12.34525pt}.
(fancyhdr)                You might also make \topmargin smaller:
(fancyhdr)                \addtolength{\topmargin}{-0.34525pt}.

[25]


Package fancyhdr Warning: \headheight is too small (12.0pt): 
(fancyhdr)                Make it at least 12.34525pt, for example:
(fancyhdr)                \setlength{\headheight}{12.34525pt}.
(fancyhdr)                You might also make \topmargin smaller:
(fancyhdr)                \addtolength{\topmargin}{-0.34525pt}.

[26]


Package fancyhdr Warning: \headheight is too small (12.0pt): 
(fancyhdr)                Make it at least 12.34525pt, for example:
(fancyhdr)                \setlength{\headheight}{12.34525pt}.
(fancyhdr)                You might also make \topmargin smaller:
(fancyhdr)                \addtolength{\topmargin}{-0.34525pt}.

[27]
Overfull \hbox (7.70253pt too wide) detected at line 258
[]
 []




Package fancyhdr Warning: \headheight is too small (12.0pt): 
(fancyhdr)                Make it at least 12.34525pt, for example:
(fancyhdr)                \setlength{\headheight}{12.34525pt}.
(fancyhdr)                You might also make \topmargin smaller:
(fancyhdr)                \addtolength{\topmargin}{-0.34525pt}.

[28]
File: fig/2.3.jpg Graphic file (type bmp)
<fig/2.3.jpg>



Package fancyhdr Warning: \headheight is too small (12.0pt): 
(fancyhdr)                Make it at least 12.34525pt, for example:
(fancyhdr)                \setlength{\headheight}{12.34525pt}.
(fancyhdr)                You might also make \topmargin smaller:
(fancyhdr)                \addtolength{\topmargin}{-0.34525pt}.

[29]
File: fig/2.4.png Graphic file (type bmp)
<fig/2.4.png>



Package fancyhdr Warning: \headheight is too small (12.0pt): 
(fancyhdr)                Make it at least 12.34525pt, for example:
(fancyhdr)                \setlength{\headheight}{12.34525pt}.
(fancyhdr)                You might also make \topmargin smaller:
(fancyhdr)                \addtolength{\topmargin}{-0.34525pt}.

[30]


Package fancyhdr Warning: \headheight is too small (12.0pt): 
(fancyhdr)                Make it at least 12.34525pt, for example:
(fancyhdr)                \setlength{\headheight}{12.34525pt}.
(fancyhdr)                You might also make \topmargin smaller:
(fancyhdr)                \addtolength{\topmargin}{-0.34525pt}.

[31]
File: fig/2.5.png Graphic file (type bmp)
<fig/2.5.png>



Package fancyhdr Warning: \headheight is too small (12.0pt): 
(fancyhdr)                Make it at least 12.34525pt, for example:
(fancyhdr)                \setlength{\headheight}{12.34525pt}.
(fancyhdr)                You might also make \topmargin smaller:
(fancyhdr)                \addtolength{\topmargin}{-0.34525pt}.

[32]
Overfull \hbox (41.54485pt too wide) in paragraph at lines 419--423
[]\TU/SimHei(1)/b/n/10 例 \TU/lmr/bx/n/10 2.11 (\TU/SimHei(1)/b/n/10 对 流 方 程 向 前 差 分 格 式 的 逐 点 收 敛 性\TU/lmr/bx/n/10 )[]\TU/STSong(0)/m/n/10 现 在 来 讨 论 求 解 对 流 方 程 $[]$
 []




Package fancyhdr Warning: \headheight is too small (12.0pt): 
(fancyhdr)                Make it at least 12.34525pt, for example:
(fancyhdr)                \setlength{\headheight}{12.34525pt}.
(fancyhdr)                You might also make \topmargin smaller:
(fancyhdr)                \addtolength{\topmargin}{-0.34525pt}.

[33]


Package fancyhdr Warning: \headheight is too small (12.0pt): 
(fancyhdr)                Make it at least 12.34525pt, for example:
(fancyhdr)                \setlength{\headheight}{12.34525pt}.
(fancyhdr)                You might also make \topmargin smaller:
(fancyhdr)                \addtolength{\topmargin}{-0.34525pt}.

[34]


Package fancyhdr Warning: \headheight is too small (12.0pt): 
(fancyhdr)                Make it at least 12.34525pt, for example:
(fancyhdr)                \setlength{\headheight}{12.34525pt}.
(fancyhdr)                You might also make \topmargin smaller:
(fancyhdr)                \addtolength{\topmargin}{-0.34525pt}.

[35]


Package fancyhdr Warning: \headheight is too small (12.0pt): 
(fancyhdr)                Make it at least 12.34525pt, for example:
(fancyhdr)                \setlength{\headheight}{12.34525pt}.
(fancyhdr)                You might also make \topmargin smaller:
(fancyhdr)                \addtolength{\topmargin}{-0.34525pt}.

[36]


Package fancyhdr Warning: \headheight is too small (12.0pt): 
(fancyhdr)                Make it at least 12.34525pt, for example:
(fancyhdr)                \setlength{\headheight}{12.34525pt}.
(fancyhdr)                You might also make \topmargin smaller:
(fancyhdr)                \addtolength{\topmargin}{-0.34525pt}.

[37]


Package fancyhdr Warning: \headheight is too small (12.0pt): 
(fancyhdr)                Make it at least 12.34525pt, for example:
(fancyhdr)                \setlength{\headheight}{12.34525pt}.
(fancyhdr)                You might also make \topmargin smaller:
(fancyhdr)                \addtolength{\topmargin}{-0.34525pt}.

[38]
Overfull \hbox (38.72954pt too wide) in paragraph at lines 673--676
[]\TU/STSong(0)/m/n/10 第 三 个 性 质 可 以 帮 我 我 们 求 解 部 分 数 学 物 理 方 程\TU/lmr/m/n/10 . \TU/STSong(0)/m/n/10 例 如 对 于 方 程 $[]$\TU/lmr/m/n/10 . 
 []




Package fancyhdr Warning: \headheight is too small (12.0pt): 
(fancyhdr)                Make it at least 12.34525pt, for example:
(fancyhdr)                \setlength{\headheight}{12.34525pt}.
(fancyhdr)                You might also make \topmargin smaller:
(fancyhdr)                \addtolength{\topmargin}{-0.34525pt}.

[39]


Package fancyhdr Warning: \headheight is too small (12.0pt): 
(fancyhdr)                Make it at least 12.34525pt, for example:
(fancyhdr)                \setlength{\headheight}{12.34525pt}.
(fancyhdr)                You might also make \topmargin smaller:
(fancyhdr)                \addtolength{\topmargin}{-0.34525pt}.

[40]


Package fancyhdr Warning: \headheight is too small (12.0pt): 
(fancyhdr)                Make it at least 12.34525pt, for example:
(fancyhdr)                \setlength{\headheight}{12.34525pt}.
(fancyhdr)                You might also make \topmargin smaller:
(fancyhdr)                \addtolength{\topmargin}{-0.34525pt}.

[41]
Overfull \hbox (2.14575pt too wide) in paragraph at lines 811--811
|[] 
 []


Overfull \hbox (2.14575pt too wide) in paragraph at lines 811--811
 |[]
 []




Package fancyhdr Warning: \headheight is too small (12.0pt): 
(fancyhdr)                Make it at least 12.34525pt, for example:
(fancyhdr)                \setlength{\headheight}{12.34525pt}.
(fancyhdr)                You might also make \topmargin smaller:
(fancyhdr)                \addtolength{\topmargin}{-0.34525pt}.

[42]


Package fancyhdr Warning: \headheight is too small (12.0pt): 
(fancyhdr)                Make it at least 12.34525pt, for example:
(fancyhdr)                \setlength{\headheight}{12.34525pt}.
(fancyhdr)                You might also make \topmargin smaller:
(fancyhdr)                \addtolength{\topmargin}{-0.34525pt}.

[43]


Package fancyhdr Warning: \headheight is too small (12.0pt): 
(fancyhdr)                Make it at least 12.34525pt, for example:
(fancyhdr)                \setlength{\headheight}{12.34525pt}.
(fancyhdr)                You might also make \topmargin smaller:
(fancyhdr)                \addtolength{\topmargin}{-0.34525pt}.

[44]


Package fancyhdr Warning: \headheight is too small (12.0pt): 
(fancyhdr)                Make it at least 12.34525pt, for example:
(fancyhdr)                \setlength{\headheight}{12.34525pt}.
(fancyhdr)                You might also make \topmargin smaller:
(fancyhdr)                \addtolength{\topmargin}{-0.34525pt}.

[45]

LaTeX Warning: Reference `lem:3.1' on page 46 undefined on input line 950.


LaTeX Warning: Reference `lem:3.1' on page 46 undefined on input line 978.




Package fancyhdr Warning: \headheight is too small (12.0pt): 
(fancyhdr)                Make it at least 12.34525pt, for example:
(fancyhdr)                \setlength{\headheight}{12.34525pt}.
(fancyhdr)                You might also make \topmargin smaller:
(fancyhdr)                \addtolength{\topmargin}{-0.34525pt}.

[46]


Package fancyhdr Warning: \headheight is too small (12.0pt): 
(fancyhdr)                Make it at least 12.34525pt, for example:
(fancyhdr)                \setlength{\headheight}{12.34525pt}.
(fancyhdr)                You might also make \topmargin smaller:
(fancyhdr)                \addtolength{\topmargin}{-0.34525pt}.

[47]


Package fancyhdr Warning: \headheight is too small (12.0pt): 
(fancyhdr)                Make it at least 12.34525pt, for example:
(fancyhdr)                \setlength{\headheight}{12.34525pt}.
(fancyhdr)                You might also make \topmargin smaller:
(fancyhdr)                \addtolength{\topmargin}{-0.34525pt}.

[48]


Package fancyhdr Warning: \headheight is too small (12.0pt): 
(fancyhdr)                Make it at least 12.34525pt, for example:
(fancyhdr)                \setlength{\headheight}{12.34525pt}.
(fancyhdr)                You might also make \topmargin smaller:
(fancyhdr)                \addtolength{\topmargin}{-0.34525pt}.

[49]
Missing character: There is no ， (U+FF0C) in font [lmroman10-regular]:mapping=tex-text;!



Package fancyhdr Warning: \headheight is too small (12.0pt): 
(fancyhdr)                Make it at least 12.34525pt, for example:
(fancyhdr)                \setlength{\headheight}{12.34525pt}.
(fancyhdr)                You might also make \topmargin smaller:
(fancyhdr)                \addtolength{\topmargin}{-0.34525pt}.

[50]) (./双曲型方程的差分方法.tex


Package fancyhdr Warning: \headheight is too small (12.0pt): 
(fancyhdr)                Make it at least 12.34525pt, for example:
(fancyhdr)                \setlength{\headheight}{12.34525pt}.
(fancyhdr)                You might also make \topmargin smaller:
(fancyhdr)                \addtolength{\topmargin}{-0.34525pt}.

[51]
3


[52

]


Package fancyhdr Warning: \headheight is too small (12.0pt): 
(fancyhdr)                Make it at least 12.34525pt, for example:
(fancyhdr)                \setlength{\headheight}{12.34525pt}.
(fancyhdr)                You might also make \topmargin smaller:
(fancyhdr)                \addtolength{\topmargin}{-0.34525pt}.

[53]

Package caption Warning: The option `hypcap=true' will be ignored for this
(caption)                particular \caption on input line 149.
See the caption package documentation for explanation.




Package fancyhdr Warning: \headheight is too small (12.0pt): 
(fancyhdr)                Make it at least 12.34525pt, for example:
(fancyhdr)                \setlength{\headheight}{12.34525pt}.
(fancyhdr)                You might also make \topmargin smaller:
(fancyhdr)                \addtolength{\topmargin}{-0.34525pt}.

[54]
Overfull \hbox (5.2301pt too wide) in paragraph at lines 154--155
\TU/STSong(0)/m/n/10 确 解 的 依 赖 区 域\TU/lmr/m/n/10 . []Courant-Friedrichs-Levy \TU/STSong(0)/m/n/10 条 件 \TU/lmr/m/n/10 (CFL \TU/STSong(0)/m/n/10 条 件\TU/lmr/m/n/10 ) \TU/STSong(0)/m/n/10 就 是 要 求 $\OML/cmm/m/it/10 D \OMS/cmsy/m/n/10 2 \OT1/cmr/m/n/10 [\OML/cmm/m/it/10 x[]; x[]\OT1/cmr/m/n/10 ]$\TU/lmr/m/n/10 .[] 
 []




Package fancyhdr Warning: \headheight is too small (12.0pt): 
(fancyhdr)                Make it at least 12.34525pt, for example:
(fancyhdr)                \setlength{\headheight}{12.34525pt}.
(fancyhdr)                You might also make \topmargin smaller:
(fancyhdr)                \addtolength{\topmargin}{-0.34525pt}.

[55]
Overfull \hbox (8.42131pt too wide) in paragraph at lines 232--232
\TU/STSong(0)/b/n/10 情 形 \TU/lmr/bx/n/10 3. \TU/STSong(0)/m/n/10 如 果 以 $\OML/cmm/m/it/10 B; D$ \TU/STSong(0)/m/n/10 两 点 的 格 点 函 数 值 作 线 性 插 值\TU/lmr/m/n/10 , \TU/STSong(0)/m/n/10 则 仿 照 上 述 推 导 可 得 \TU/lmr/m/n/10 Lax-Friedrichs
 []




Package fancyhdr Warning: \headheight is too small (12.0pt): 
(fancyhdr)                Make it at least 12.34525pt, for example:
(fancyhdr)                \setlength{\headheight}{12.34525pt}.
(fancyhdr)                You might also make \topmargin smaller:
(fancyhdr)                \addtolength{\topmargin}{-0.34525pt}.

[56]
Overfull \hbox (2.62527pt too wide) in paragraph at lines 293--295
\TU/STSong(0)/m/n/10 然 后 用 前 面 介 绍 的 常 系 数 情 形 的 差 分 格 式 在 $\OT1/cmr/m/n/10 (\OML/cmm/m/it/10 x[]; t[]\OT1/cmr/m/n/10 )$ \TU/STSong(0)/m/n/10 处 进 一 步 离 散\TU/lmr/m/n/10 , \TU/STSong(0)/m/n/10 比 如\TU/lmr/m/n/10 , \TU/STSong(0)/m/n/10 设 $\OML/cmm/m/it/10 a\OT1/cmr/m/n/10 (\OML/cmm/m/it/10 x[]; t[]\OT1/cmr/m/n/10 ) \OML/cmm/m/it/10 >
 []




Package fancyhdr Warning: \headheight is too small (12.0pt): 
(fancyhdr)                Make it at least 12.34525pt, for example:
(fancyhdr)                \setlength{\headheight}{12.34525pt}.
(fancyhdr)                You might also make \topmargin smaller:
(fancyhdr)                \addtolength{\topmargin}{-0.34525pt}.

[57]
Overfull \hbox (5.16534pt too wide) in paragraph at lines 339--340
 [][] 
 []




Package fancyhdr Warning: \headheight is too small (12.0pt): 
(fancyhdr)                Make it at least 12.34525pt, for example:
(fancyhdr)                \setlength{\headheight}{12.34525pt}.
(fancyhdr)                You might also make \topmargin smaller:
(fancyhdr)                \addtolength{\topmargin}{-0.34525pt}.

[58]


Package fancyhdr Warning: \headheight is too small (12.0pt): 
(fancyhdr)                Make it at least 12.34525pt, for example:
(fancyhdr)                \setlength{\headheight}{12.34525pt}.
(fancyhdr)                You might also make \topmargin smaller:
(fancyhdr)                \addtolength{\topmargin}{-0.34525pt}.

[59]


Package fancyhdr Warning: \headheight is too small (12.0pt): 
(fancyhdr)                Make it at least 12.34525pt, for example:
(fancyhdr)                \setlength{\headheight}{12.34525pt}.
(fancyhdr)                You might also make \topmargin smaller:
(fancyhdr)                \addtolength{\topmargin}{-0.34525pt}.

[60]


Package fancyhdr Warning: \headheight is too small (12.0pt): 
(fancyhdr)                Make it at least 12.34525pt, for example:
(fancyhdr)                \setlength{\headheight}{12.34525pt}.
(fancyhdr)                You might also make \topmargin smaller:
(fancyhdr)                \addtolength{\topmargin}{-0.34525pt}.

[61]


Package fancyhdr Warning: \headheight is too small (12.0pt): 
(fancyhdr)                Make it at least 12.34525pt, for example:
(fancyhdr)                \setlength{\headheight}{12.34525pt}.
(fancyhdr)                You might also make \topmargin smaller:
(fancyhdr)                \addtolength{\topmargin}{-0.34525pt}.

[62]
File: fig/3.3.png Graphic file (type bmp)
<fig/3.3.png>
File: fig/3.4.png Graphic file (type bmp)
<fig/3.4.png>
File: fig/3.5.png Graphic file (type bmp)
<fig/3.5.png>
File: fig/3.6.png Graphic file (type bmp)
<fig/3.6.png>



Package fancyhdr Warning: \headheight is too small (12.0pt): 
(fancyhdr)                Make it at least 12.34525pt, for example:
(fancyhdr)                \setlength{\headheight}{12.34525pt}.
(fancyhdr)                You might also make \topmargin smaller:
(fancyhdr)                \addtolength{\topmargin}{-0.34525pt}.

[63]


Package fancyhdr Warning: \headheight is too small (12.0pt): 
(fancyhdr)                Make it at least 12.34525pt, for example:
(fancyhdr)                \setlength{\headheight}{12.34525pt}.
(fancyhdr)                You might also make \topmargin smaller:
(fancyhdr)                \addtolength{\topmargin}{-0.34525pt}.

[64]


Package fancyhdr Warning: \headheight is too small (12.0pt): 
(fancyhdr)                Make it at least 12.34525pt, for example:
(fancyhdr)                \setlength{\headheight}{12.34525pt}.
(fancyhdr)                You might also make \topmargin smaller:
(fancyhdr)                \addtolength{\topmargin}{-0.34525pt}.

[65]) (./抛物型方程的差分格式.tex


Package fancyhdr Warning: \headheight is too small (12.0pt): 
(fancyhdr)                Make it at least 12.34525pt, for example:
(fancyhdr)                \setlength{\headheight}{12.34525pt}.
(fancyhdr)                You might also make \topmargin smaller:
(fancyhdr)                \addtolength{\topmargin}{-0.34525pt}.

[66]
4


[67

]
Overfull \hbox (14.99123pt too wide) detected at line 40
\OMS/cmsy/m/n/10 ^^@\OML/cmm/m/it/10 a^^U^^Ru[] \OT1/cmr/m/n/10 + (1 + 2\OML/cmm/m/it/10 a^^U^^R\OT1/cmr/m/n/10 )\OML/cmm/m/it/10 u[] \OMS/cmsy/m/n/10 ^^@ \OML/cmm/m/it/10 a^^U^^Ru[] \OT1/cmr/m/n/10 = \OMS/cmsy/m/n/10 ^^@\OML/cmm/m/it/10 a^^U\OT1/cmr/m/n/10 (1 \OMS/cmsy/m/n/10 ^^@ \OML/cmm/m/it/10 ^^R\OT1/cmr/m/n/10 )\OML/cmm/m/it/10 u[] \OT1/cmr/m/n/10 + (1 + 2\OML/cmm/m/it/10 a^^U\OT1/cmr/m/n/10 (1 \OMS/cmsy/m/n/10 ^^@ \OML/cmm/m/it/10 ^^R\OT1/cmr/m/n/10 ))\OML/cmm/m/it/10 u[] \OT1/cmr/m/n/10 + \OML/cmm/m/it/10 a^^U\OT1/cmr/m/n/10 (1 \OMS/cmsy/m/n/10 ^^@ \OML/cmm/m/it/10 ^^R\OT1/cmr/m/n/10 )\OML/cmm/m/it/10 u[]:
 []




Package fancyhdr Warning: \headheight is too small (12.0pt): 
(fancyhdr)                Make it at least 12.34525pt, for example:
(fancyhdr)                \setlength{\headheight}{12.34525pt}.
(fancyhdr)                You might also make \topmargin smaller:
(fancyhdr)                \addtolength{\topmargin}{-0.34525pt}.

[68]


Package fancyhdr Warning: \headheight is too small (12.0pt): 
(fancyhdr)                Make it at least 12.34525pt, for example:
(fancyhdr)                \setlength{\headheight}{12.34525pt}.
(fancyhdr)                You might also make \topmargin smaller:
(fancyhdr)                \addtolength{\topmargin}{-0.34525pt}.

[69]


Package fancyhdr Warning: \headheight is too small (12.0pt): 
(fancyhdr)                Make it at least 12.34525pt, for example:
(fancyhdr)                \setlength{\headheight}{12.34525pt}.
(fancyhdr)                You might also make \topmargin smaller:
(fancyhdr)                \addtolength{\topmargin}{-0.34525pt}.

[70] (./fig/4.1.tex)


Package fancyhdr Warning: \headheight is too small (12.0pt): 
(fancyhdr)                Make it at least 12.34525pt, for example:
(fancyhdr)                \setlength{\headheight}{12.34525pt}.
(fancyhdr)                You might also make \topmargin smaller:
(fancyhdr)                \addtolength{\topmargin}{-0.34525pt}.

[71]


Package fancyhdr Warning: \headheight is too small (12.0pt): 
(fancyhdr)                Make it at least 12.34525pt, for example:
(fancyhdr)                \setlength{\headheight}{12.34525pt}.
(fancyhdr)                You might also make \topmargin smaller:
(fancyhdr)                \addtolength{\topmargin}{-0.34525pt}.

[72]


Package fancyhdr Warning: \headheight is too small (12.0pt): 
(fancyhdr)                Make it at least 12.34525pt, for example:
(fancyhdr)                \setlength{\headheight}{12.34525pt}.
(fancyhdr)                You might also make \topmargin smaller:
(fancyhdr)                \addtolength{\topmargin}{-0.34525pt}.

[73] (./fig/4.2.tex)


Package fancyhdr Warning: \headheight is too small (12.0pt): 
(fancyhdr)                Make it at least 12.34525pt, for example:
(fancyhdr)                \setlength{\headheight}{12.34525pt}.
(fancyhdr)                You might also make \topmargin smaller:
(fancyhdr)                \addtolength{\topmargin}{-0.34525pt}.

[74]
File: fig/4.3.png Graphic file (type bmp)
<fig/4.3.png>



Package fancyhdr Warning: \headheight is too small (12.0pt): 
(fancyhdr)                Make it at least 12.34525pt, for example:
(fancyhdr)                \setlength{\headheight}{12.34525pt}.
(fancyhdr)                You might also make \topmargin smaller:
(fancyhdr)                \addtolength{\topmargin}{-0.34525pt}.

[75]


Package fancyhdr Warning: \headheight is too small (12.0pt): 
(fancyhdr)                Make it at least 12.34525pt, for example:
(fancyhdr)                \setlength{\headheight}{12.34525pt}.
(fancyhdr)                You might also make \topmargin smaller:
(fancyhdr)                \addtolength{\topmargin}{-0.34525pt}.

[76]


Package fancyhdr Warning: \headheight is too small (12.0pt): 
(fancyhdr)                Make it at least 12.34525pt, for example:
(fancyhdr)                \setlength{\headheight}{12.34525pt}.
(fancyhdr)                You might also make \topmargin smaller:
(fancyhdr)                \addtolength{\topmargin}{-0.34525pt}.

[77]
Overfull \hbox (2.6126pt too wide) in paragraph at lines 454--455
[]\TU/STSong(0)/m/n/10 格 式 [] 实 即 紧 致 的 \TU/lmr/m/n/10 Crank-Nicolson \TU/STSong(0)/m/n/10 格 式\TU/lmr/m/n/10 , \TU/STSong(0)/m/n/10 它 也 可 以 如 下 导 出\TU/lmr/m/n/10 . \TU/STSong(0)/m/n/10 在 点 $\OT1/cmr/m/n/10 (\OML/cmm/m/it/10 x[]; t[]\OT1/cmr/m/n/10 )$
 []




Package fancyhdr Warning: \headheight is too small (12.0pt): 
(fancyhdr)                Make it at least 12.34525pt, for example:
(fancyhdr)                \setlength{\headheight}{12.34525pt}.
(fancyhdr)                You might also make \topmargin smaller:
(fancyhdr)                \addtolength{\topmargin}{-0.34525pt}.

[78]


Package fancyhdr Warning: \headheight is too small (12.0pt): 
(fancyhdr)                Make it at least 12.34525pt, for example:
(fancyhdr)                \setlength{\headheight}{12.34525pt}.
(fancyhdr)                You might also make \topmargin smaller:
(fancyhdr)                \addtolength{\topmargin}{-0.34525pt}.

[79]


Package fancyhdr Warning: \headheight is too small (12.0pt): 
(fancyhdr)                Make it at least 12.34525pt, for example:
(fancyhdr)                \setlength{\headheight}{12.34525pt}.
(fancyhdr)                You might also make \topmargin smaller:
(fancyhdr)                \addtolength{\topmargin}{-0.34525pt}.

[80]


Package fancyhdr Warning: \headheight is too small (12.0pt): 
(fancyhdr)                Make it at least 12.34525pt, for example:
(fancyhdr)                \setlength{\headheight}{12.34525pt}.
(fancyhdr)                You might also make \topmargin smaller:
(fancyhdr)                \addtolength{\topmargin}{-0.34525pt}.

[81]


Package fancyhdr Warning: \headheight is too small (12.0pt): 
(fancyhdr)                Make it at least 12.34525pt, for example:
(fancyhdr)                \setlength{\headheight}{12.34525pt}.
(fancyhdr)                You might also make \topmargin smaller:
(fancyhdr)                \addtolength{\topmargin}{-0.34525pt}.

[82]


Package fancyhdr Warning: \headheight is too small (12.0pt): 
(fancyhdr)                Make it at least 12.34525pt, for example:
(fancyhdr)                \setlength{\headheight}{12.34525pt}.
(fancyhdr)                You might also make \topmargin smaller:
(fancyhdr)                \addtolength{\topmargin}{-0.34525pt}.

[83]
Overfull \hbox (11.60207pt too wide) in paragraph at lines 823--824
 [][] 
 []




Package fancyhdr Warning: \headheight is too small (12.0pt): 
(fancyhdr)                Make it at least 12.34525pt, for example:
(fancyhdr)                \setlength{\headheight}{12.34525pt}.
(fancyhdr)                You might also make \topmargin smaller:
(fancyhdr)                \addtolength{\topmargin}{-0.34525pt}.

[84]


Package fancyhdr Warning: \headheight is too small (12.0pt): 
(fancyhdr)                Make it at least 12.34525pt, for example:
(fancyhdr)                \setlength{\headheight}{12.34525pt}.
(fancyhdr)                You might also make \topmargin smaller:
(fancyhdr)                \addtolength{\topmargin}{-0.34525pt}.

[85])


Package fancyhdr Warning: \headheight is too small (12.0pt): 
(fancyhdr)                Make it at least 12.34525pt, for example:
(fancyhdr)                \setlength{\headheight}{12.34525pt}.
(fancyhdr)                You might also make \topmargin smaller:
(fancyhdr)                \addtolength{\topmargin}{-0.34525pt}.

[86] (./微分方程数值解笔记.aux)
 ***********
LaTeX2e <2024-11-01> patch level 2
L3 programming layer <2022/07/14>
 ***********


LaTeX Font Warning: Size substitutions with differences
(Font)              up to 1.0pt have occurred.


LaTeX Warning: There were undefined references.


LaTeX Warning: There were multiply-defined labels.

Package rerunfilecheck Info: File `微分方程数值解笔记.out' has not changed.
(rerunfilecheck)             Checksum: 851A4FD30074AC8ABFBC931202296DD6;9839.
 ) 
Here is how much of TeX's memory you used:
 44488 strings out of 473832
 991424 string characters out of 5729481
 1486262 words of memory out of 5000000
 66652 multiletter control sequences out of 15000+600000
 612293 words of font info for 314 fonts, out of 8000000 for 9000
 1348 hyphenation exceptions out of 8191
 131i,16n,135p,3238b,1204s stack positions out of 10000i,1000n,20000p,200000b,200000s

Output written on 微分方程数值解笔记.pdf (91 pages).
