This is XeTeX, Version 3.141592653-2.6-0.999997 (TeX Live 2025) (preloaded format=xelatex 2025.10.28)  8 MAY 2026 14:44
entering extended mode
 restricted \write18 enabled.
 file:line:error style messages enabled.
 %&-line parsing enabled.
**动力系统笔记b5
(./动力系统笔记b5.tex
LaTeX2e <2024-11-01> patch level 2
L3 programming layer <2025-01-18>
(f:/texlive/2025/texmf-dist/tex/latex/ctex/ctexbook.cls (f:/texlive/2025/texmf-dist/tex/latex/ctex/config/ctexbackend.cfg
File: ctexbackend.cfg 2022/07/14 v2.5.10 Backend configuration file (CTEX)
) (f:/texlive/2025/texmf-dist/tex/latex/l3kernel/expl3.sty
Package: expl3 2025-01-18 L3 programming layer (loader) 
 (f:/texlive/2025/texmf-dist/tex/latex/l3backend/l3backend-xetex.def
File: l3backend-xetex.def 2024-05-08 L3 backend support: XeTeX
\g__graphics_track_int=\count192
\l__pdf_internal_box=\box52
\g__pdf_backend_annotation_int=\count193
\g__pdf_backend_link_int=\count194
))
Document Class: ctexbook 2022/07/14 v2.5.10 Chinese adapter for class book (CTEX)
(f:/texlive/2025/texmf-dist/tex/latex/ctex/ctexhook.sty
Package: ctexhook 2022/07/14 v2.5.10 Document and package hooks (CTEX)
) (f:/texlive/2025/texmf-dist/tex/latex/ctex/ctexpatch.sty
Package: ctexpatch 2022/07/14 v2.5.10 Patching commands (CTEX)
) (f:/texlive/2025/texmf-dist/tex/latex/base/fix-cm.sty
Package: fix-cm 2020/11/24 v1.1t fixes to LaTeX
 (f:/texlive/2025/texmf-dist/tex/latex/base/ts1enc.def
File: ts1enc.def 2001/06/05 v3.0e (jk/car/fm) Standard LaTeX file
LaTeX Font Info:    Redeclaring font encoding TS1 on input line 47.
))
\l__ctex_tmp_int=\count195
\l__ctex_tmp_box=\box53
\l__ctex_tmp_dim=\dimen141
\g__ctex_section_depth_int=\count196
\g__ctex_font_size_int=\count197
 (f:/texlive/2025/texmf-dist/tex/latex/ctex/config/ctexopts.cfg
File: ctexopts.cfg 2022/07/14 v2.5.10 Option configuration file (CTEX)
) (f:/texlive/2025/texmf-dist/tex/latex/base/book.cls
Document Class: book 2024/06/29 v1.4n Standard LaTeX document class
(f:/texlive/2025/texmf-dist/tex/latex/base/bk10.clo
File: bk10.clo 2024/06/29 v1.4n Standard LaTeX file (size option)
)
\c@part=\count198
\c@chapter=\count199
\c@section=\count266
\c@subsection=\count267
\c@subsubsection=\count268
\c@paragraph=\count269
\c@subparagraph=\count270
\c@figure=\count271
\c@table=\count272
\abovecaptionskip=\skip49
\belowcaptionskip=\skip50
\bibindent=\dimen142
) (f:/texlive/2025/texmf-dist/tex/latex/ctex/engine/ctex-engine-xetex.def
File: ctex-engine-xetex.def 2022/07/14 v2.5.10 XeLaTeX adapter (CTEX)
 (f:/texlive/2025/texmf-dist/tex/xelatex/xecjk/xeCJK.sty
Package: xeCJK 2022/08/05 v3.9.1 Typesetting CJK scripts with XeLaTeX
 (f:/texlive/2025/texmf-dist/tex/latex/l3packages/xtemplate/xtemplate.sty
Package: xtemplate 2024-08-16 L3 Experimental prototype document functions
)
\l__xeCJK_tmp_int=\count273
\l__xeCJK_tmp_box=\box54
\l__xeCJK_tmp_dim=\dimen143
\l__xeCJK_tmp_skip=\skip51
\g__xeCJK_space_factor_int=\count274
\l__xeCJK_begin_int=\count275
\l__xeCJK_end_int=\count276
\c__xeCJK_CJK_class_int=\XeTeXcharclass1
\c__xeCJK_FullLeft_class_int=\XeTeXcharclass2
\c__xeCJK_FullRight_class_int=\XeTeXcharclass3
\c__xeCJK_HalfLeft_class_int=\XeTeXcharclass4
\c__xeCJK_HalfRight_class_int=\XeTeXcharclass5
\c__xeCJK_NormalSpace_class_int=\XeTeXcharclass6
\c__xeCJK_CM_class_int=\XeTeXcharclass7
\c__xeCJK_HangulJamo_class_int=\XeTeXcharclass8
\l__xeCJK_last_skip=\skip52
\c__xeCJK_none_node=\count277
\g__xeCJK_node_int=\count278
\c__xeCJK_CJK_node_dim=\dimen144
\c__xeCJK_CJK-space_node_dim=\dimen145
\c__xeCJK_default_node_dim=\dimen146
\c__xeCJK_CJK-widow_node_dim=\dimen147
\c__xeCJK_normalspace_node_dim=\dimen148
\c__xeCJK_default-space_node_skip=\skip53
\l__xeCJK_ccglue_skip=\skip54
\l__xeCJK_ecglue_skip=\skip55
\l__xeCJK_punct_kern_skip=\skip56
\l__xeCJK_indent_box=\box55
\l__xeCJK_last_penalty_int=\count279
\l__xeCJK_last_bound_dim=\dimen149
\l__xeCJK_last_kern_dim=\dimen150
\l__xeCJK_widow_penalty_int=\count280

LaTeX template Info: Declaring template type 'xeCJK/punctuation' taking 0
(template)           argument(s) on line 2396.

\l__xeCJK_fixed_punct_width_dim=\dimen151
\l__xeCJK_mixed_punct_width_dim=\dimen152
\l__xeCJK_middle_punct_width_dim=\dimen153
\l__xeCJK_fixed_margin_width_dim=\dimen154
\l__xeCJK_mixed_margin_width_dim=\dimen155
\l__xeCJK_middle_margin_width_dim=\dimen156
\l__xeCJK_bound_punct_width_dim=\dimen157
\l__xeCJK_bound_margin_width_dim=\dimen158
\l__xeCJK_margin_minimum_dim=\dimen159
\l__xeCJK_kerning_total_width_dim=\dimen160
\l__xeCJK_same_align_margin_dim=\dimen161
\l__xeCJK_different_align_margin_dim=\dimen162
\l__xeCJK_kerning_margin_width_dim=\dimen163
\l__xeCJK_kerning_margin_minimum_dim=\dimen164
\l__xeCJK_bound_dim=\dimen165
\l__xeCJK_reverse_bound_dim=\dimen166
\l__xeCJK_margin_dim=\dimen167
\l__xeCJK_minimum_bound_dim=\dimen168
\l__xeCJK_kerning_margin_dim=\dimen169
\g__xeCJK_family_int=\count281
\l__xeCJK_fam_int=\count282
\g__xeCJK_fam_allocation_int=\count283
\l__xeCJK_verb_case_int=\count284
\l__xeCJK_verb_exspace_skip=\skip57
 (f:/texlive/2025/texmf-dist/tex/latex/fontspec/fontspec.sty (f:/texlive/2025/texmf-dist/tex/latex/l3packages/xparse/xparse.sty
Package: xparse 2024-08-16 L3 Experimental document command parser
)
Package: fontspec 2024/05/11 v2.9e Font selection for XeLaTeX and LuaLaTeX
 (f:/texlive/2025/texmf-dist/tex/latex/fontspec/fontspec-xetex.sty
Package: fontspec-xetex 2024/05/11 v2.9e Font selection for XeLaTeX and LuaLaTeX
\l__fontspec_script_int=\count285
\l__fontspec_language_int=\count286
\l__fontspec_strnum_int=\count287
\l__fontspec_tmp_int=\count288
\l__fontspec_tmpa_int=\count289
\l__fontspec_tmpb_int=\count290
\l__fontspec_tmpc_int=\count291
\l__fontspec_em_int=\count292
\l__fontspec_emdef_int=\count293
\l__fontspec_strong_int=\count294
\l__fontspec_strongdef_int=\count295
\l__fontspec_tmpa_dim=\dimen170
\l__fontspec_tmpb_dim=\dimen171
\l__fontspec_tmpc_dim=\dimen172
 (f:/texlive/2025/texmf-dist/tex/latex/base/fontenc.sty
Package: fontenc 2021/04/29 v2.0v Standard LaTeX package
) (f:/texlive/2025/texmf-dist/tex/latex/fontspec/fontspec.cfg))) (f:/texlive/2025/texmf-dist/tex/xelatex/xecjk/xeCJK.cfg
File: xeCJK.cfg 2022/08/05 v3.9.1 Configuration file for xeCJK package
))
\ccwd=\dimen173
\l__ctex_ccglue_skip=\skip58
)
\l__ctex_ziju_dim=\dimen174
 (f:/texlive/2025/texmf-dist/tex/latex/zhnumber/zhnumber.sty
Package: zhnumber 2022/07/14 v3.0 Typesetting numbers with Chinese glyphs
\l__zhnum_scale_int=\count296
\l__zhnum_tmp_int=\count297
 (f:/texlive/2025/texmf-dist/tex/latex/zhnumber/zhnumber-utf8.cfg
File: zhnumber-utf8.cfg 2022/07/14 v3.0 Chinese numerals with UTF8 encoding
))
\l__ctex_heading_skip=\skip59
 (f:/texlive/2025/texmf-dist/tex/latex/ctex/scheme/ctex-scheme-chinese-book.def
File: ctex-scheme-chinese-book.def 2022/07/14 v2.5.10 Chinese scheme for book (CTEX)
 (f:/texlive/2025/texmf-dist/tex/latex/ctex/config/ctex-name-utf8.cfg
File: ctex-name-utf8.cfg 2022/07/14 v2.5.10 Caption with encoding UTF-8 (CTEX)
)) (f:/texlive/2025/texmf-dist/tex/latex/ctex/fontset/ctex-fontset-windows.def
File: ctex-fontset-windows.def 2022/07/14 v2.5.10 Windows fonts definition (CTEX)

Package fontspec Info: 
(fontspec)             Could not resolve font "KaiTi/B" (it probably doesn't
(fontspec)             exist).


Package fontspec Info: 
(fontspec)             Could not resolve font "SimHei/I" (it probably doesn't
(fontspec)             exist).


Package fontspec Info: 
(fontspec)             Could not resolve font "SimSun/BI" (it probably doesn't
(fontspec)             exist).


Package fontspec Info: 
(fontspec)             Font family 'SimSun(0)' created for font 'SimSun' with
(fontspec)             options
(fontspec)             [Script={CJK},BoldFont={SimHei},ItalicFont={KaiTi}].
(fontspec)              
(fontspec)              This font family consists of the following NFSS
(fontspec)             series/shapes:
(fontspec)              
(fontspec)             - 'normal' (m/n) with NFSS spec.:
(fontspec)             <->"SimSun/OT:script=hani;language=dflt;"
(fontspec)             - 'bold' (b/n) with NFSS spec.:
(fontspec)             <->"SimHei/OT:script=hani;language=dflt;"
(fontspec)             - 'italic' (m/it) with NFSS spec.:
(fontspec)             <->"KaiTi/OT:script=hani;language=dflt;"

)) (f:/texlive/2025/texmf-dist/tex/latex/ctex/config/ctex.cfg
File: ctex.cfg 2022/07/14 v2.5.10 Configuration file (CTEX)
) (./rainbow.sty
Package: rainbow 2026/03/04 (1.1) Rainbow theorem environments (tcolorbox)
 (f:/texlive/2025/texmf-dist/tex/latex/xcolor/xcolor.sty
Package: xcolor 2024/09/29 v3.02 LaTeX color extensions (UK)
 (f:/texlive/2025/texmf-dist/tex/latex/graphics-cfg/color.cfg
File: color.cfg 2016/01/02 v1.6 sample color configuration
)
Package xcolor Info: Driver file: xetex.def on input line 274.
 (f:/texlive/2025/texmf-dist/tex/latex/graphics-def/xetex.def
File: xetex.def 2022/09/22 v5.0n Graphics/color driver for xetex
) (f:/texlive/2025/texmf-dist/tex/latex/graphics/mathcolor.ltx)
Package xcolor Info: Model `cmy' substituted by `cmy0' on input line 1349.
Package xcolor Info: Model `RGB' extended on input line 1365.
Package xcolor Info: Model `HTML' substituted by `rgb' on input line 1367.
Package xcolor Info: Model `Hsb' substituted by `hsb' on input line 1368.
Package xcolor Info: Model `tHsb' substituted by `hsb' on input line 1369.
Package xcolor Info: Model `HSB' substituted by `hsb' on input line 1370.
Package xcolor Info: Model `Gray' substituted by `gray' on input line 1371.
Package xcolor Info: Model `wave' substituted by `hsb' on input line 1372.
) (f:/texlive/2025/texmf-dist/tex/latex/tcolorbox/tcolorbox.sty
Package: tcolorbox 2024/10/22 version 6.4.1 text color boxes
 (f:/texlive/2025/texmf-dist/tex/latex/pgf/frontendlayer/tikz.sty (f:/texlive/2025/texmf-dist/tex/latex/pgf/basiclayer/pgf.sty (f:/texlive/2025/texmf-dist/tex/latex/pgf/utilities/pgfrcs.sty (f:/texlive/2025/texmf-dist/tex/generic/pgf/utilities/pgfutil-common.tex
\pgfutil@everybye=\toks17
\pgfutil@tempdima=\dimen175
\pgfutil@tempdimb=\dimen176
) (f:/texlive/2025/texmf-dist/tex/generic/pgf/utilities/pgfutil-latex.def
\pgfutil@abb=\box56
) (f:/texlive/2025/texmf-dist/tex/generic/pgf/utilities/pgfrcs.code.tex (f:/texlive/2025/texmf-dist/tex/generic/pgf/pgf.revision.tex)
Package: pgfrcs 2023-01-15 v3.1.10 (3.1.10)
))
Package: pgf 2023-01-15 v3.1.10 (3.1.10)
 (f:/texlive/2025/texmf-dist/tex/latex/pgf/basiclayer/pgfcore.sty (f:/texlive/2025/texmf-dist/tex/latex/graphics/graphicx.sty
Package: graphicx 2021/09/16 v1.2d Enhanced LaTeX Graphics (DPC,SPQR)
 (f:/texlive/2025/texmf-dist/tex/latex/graphics/keyval.sty
Package: keyval 2022/05/29 v1.15 key=value parser (DPC)
\KV@toks@=\toks18
) (f:/texlive/2025/texmf-dist/tex/latex/graphics/graphics.sty
Package: graphics 2024/08/06 v1.4g Standard LaTeX Graphics (DPC,SPQR)
 (f:/texlive/2025/texmf-dist/tex/latex/graphics/trig.sty
Package: trig 2023/12/02 v1.11 sin cos tan (DPC)
) (f:/texlive/2025/texmf-dist/tex/latex/graphics-cfg/graphics.cfg
File: graphics.cfg 2016/06/04 v1.11 sample graphics configuration
)
Package graphics Info: Driver file: xetex.def on input line 106.
)
\Gin@req@height=\dimen177
\Gin@req@width=\dimen178
) (f:/texlive/2025/texmf-dist/tex/latex/pgf/systemlayer/pgfsys.sty (f:/texlive/2025/texmf-dist/tex/generic/pgf/systemlayer/pgfsys.code.tex
Package: pgfsys 2023-01-15 v3.1.10 (3.1.10)
 (f:/texlive/2025/texmf-dist/tex/generic/pgf/utilities/pgfkeys.code.tex
\pgfkeys@pathtoks=\toks19
\pgfkeys@temptoks=\toks20
 (f:/texlive/2025/texmf-dist/tex/generic/pgf/utilities/pgfkeyslibraryfiltered.code.tex
\pgfkeys@tmptoks=\toks21
))
\pgf@x=\dimen179
\pgf@y=\dimen180
\pgf@xa=\dimen181
\pgf@ya=\dimen182
\pgf@xb=\dimen183
\pgf@yb=\dimen184
\pgf@xc=\dimen185
\pgf@yc=\dimen186
\pgf@xd=\dimen187
\pgf@yd=\dimen188
\w@pgf@writea=\write3
\r@pgf@reada=\read2
\c@pgf@counta=\count298
\c@pgf@countb=\count299
\c@pgf@countc=\count300
\c@pgf@countd=\count301
\t@pgf@toka=\toks22
\t@pgf@tokb=\toks23
\t@pgf@tokc=\toks24
\pgf@sys@id@count=\count302
 (f:/texlive/2025/texmf-dist/tex/generic/pgf/systemlayer/pgf.cfg
File: pgf.cfg 2023-01-15 v3.1.10 (3.1.10)
)
Driver file for pgf: pgfsys-xetex.def
 (f:/texlive/2025/texmf-dist/tex/generic/pgf/systemlayer/pgfsys-xetex.def
File: pgfsys-xetex.def 2023-01-15 v3.1.10 (3.1.10)
 (f:/texlive/2025/texmf-dist/tex/generic/pgf/systemlayer/pgfsys-dvipdfmx.def
File: pgfsys-dvipdfmx.def 2023-01-15 v3.1.10 (3.1.10)
 (f:/texlive/2025/texmf-dist/tex/generic/pgf/systemlayer/pgfsys-common-pdf.def
File: pgfsys-common-pdf.def 2023-01-15 v3.1.10 (3.1.10)
)
\pgfsys@objnum=\count303
))) (f:/texlive/2025/texmf-dist/tex/generic/pgf/systemlayer/pgfsyssoftpath.code.tex
File: pgfsyssoftpath.code.tex 2023-01-15 v3.1.10 (3.1.10)
\pgfsyssoftpath@smallbuffer@items=\count304
\pgfsyssoftpath@bigbuffer@items=\count305
) (f:/texlive/2025/texmf-dist/tex/generic/pgf/systemlayer/pgfsysprotocol.code.tex
File: pgfsysprotocol.code.tex 2023-01-15 v3.1.10 (3.1.10)
)) (f:/texlive/2025/texmf-dist/tex/generic/pgf/basiclayer/pgfcore.code.tex
Package: pgfcore 2023-01-15 v3.1.10 (3.1.10)
 (f:/texlive/2025/texmf-dist/tex/generic/pgf/math/pgfmath.code.tex (f:/texlive/2025/texmf-dist/tex/generic/pgf/math/pgfmathutil.code.tex) (f:/texlive/2025/texmf-dist/tex/generic/pgf/math/pgfmathparser.code.tex
\pgfmath@dimen=\dimen189
\pgfmath@count=\count306
\pgfmath@box=\box57
\pgfmath@toks=\toks25
\pgfmath@stack@operand=\toks26
\pgfmath@stack@operation=\toks27
) (f:/texlive/2025/texmf-dist/tex/generic/pgf/math/pgfmathfunctions.code.tex) (f:/texlive/2025/texmf-dist/tex/generic/pgf/math/pgfmathfunctions.basic.code.tex) (f:/texlive/2025/texmf-dist/tex/generic/pgf/math/pgfmathfunctions.trigonometric.code.tex) (f:/texlive/2025/texmf-dist/tex/generic/pgf/math/pgfmathfunctions.random.code.tex) (f:/texlive/2025/texmf-dist/tex/generic/pgf/math/pgfmathfunctions.comparison.code.tex) (f:/texlive/2025/texmf-dist/tex/generic/pgf/math/pgfmathfunctions.base.code.tex) (f:/texlive/2025/texmf-dist/tex/generic/pgf/math/pgfmathfunctions.round.code.tex) (f:/texlive/2025/texmf-dist/tex/generic/pgf/math/pgfmathfunctions.misc.code.tex) (f:/texlive/2025/texmf-dist/tex/generic/pgf/math/pgfmathfunctions.integerarithmetics.code.tex) (f:/texlive/2025/texmf-dist/tex/generic/pgf/math/pgfmathcalc.code.tex) (f:/texlive/2025/texmf-dist/tex/generic/pgf/math/pgfmathfloat.code.tex
\c@pgfmathroundto@lastzeros=\count307
)) (f:/texlive/2025/texmf-dist/tex/generic/pgf/math/pgfint.code.tex) (f:/texlive/2025/texmf-dist/tex/generic/pgf/basiclayer/pgfcorepoints.code.tex
File: pgfcorepoints.code.tex 2023-01-15 v3.1.10 (3.1.10)
\pgf@picminx=\dimen190
\pgf@picmaxx=\dimen191
\pgf@picminy=\dimen192
\pgf@picmaxy=\dimen193
\pgf@pathminx=\dimen194
\pgf@pathmaxx=\dimen195
\pgf@pathminy=\dimen196
\pgf@pathmaxy=\dimen197
\pgf@xx=\dimen198
\pgf@xy=\dimen199
\pgf@yx=\dimen256
\pgf@yy=\dimen257
\pgf@zx=\dimen258
\pgf@zy=\dimen259
) (f:/texlive/2025/texmf-dist/tex/generic/pgf/basiclayer/pgfcorepathconstruct.code.tex
File: pgfcorepathconstruct.code.tex 2023-01-15 v3.1.10 (3.1.10)
\pgf@path@lastx=\dimen260
\pgf@path@lasty=\dimen261
) (f:/texlive/2025/texmf-dist/tex/generic/pgf/basiclayer/pgfcorepathusage.code.tex
File: pgfcorepathusage.code.tex 2023-01-15 v3.1.10 (3.1.10)
\pgf@shorten@end@additional=\dimen262
\pgf@shorten@start@additional=\dimen263
) (f:/texlive/2025/texmf-dist/tex/generic/pgf/basiclayer/pgfcorescopes.code.tex
File: pgfcorescopes.code.tex 2023-01-15 v3.1.10 (3.1.10)
\pgfpic=\box58
\pgf@hbox=\box59
\pgf@layerbox@main=\box60
\pgf@picture@serial@count=\count308
) (f:/texlive/2025/texmf-dist/tex/generic/pgf/basiclayer/pgfcoregraphicstate.code.tex
File: pgfcoregraphicstate.code.tex 2023-01-15 v3.1.10 (3.1.10)
\pgflinewidth=\dimen264
) (f:/texlive/2025/texmf-dist/tex/generic/pgf/basiclayer/pgfcoretransformations.code.tex
File: pgfcoretransformations.code.tex 2023-01-15 v3.1.10 (3.1.10)
\pgf@pt@x=\dimen265
\pgf@pt@y=\dimen266
\pgf@pt@temp=\dimen267
) (f:/texlive/2025/texmf-dist/tex/generic/pgf/basiclayer/pgfcorequick.code.tex
File: pgfcorequick.code.tex 2023-01-15 v3.1.10 (3.1.10)
) (f:/texlive/2025/texmf-dist/tex/generic/pgf/basiclayer/pgfcoreobjects.code.tex
File: pgfcoreobjects.code.tex 2023-01-15 v3.1.10 (3.1.10)
) (f:/texlive/2025/texmf-dist/tex/generic/pgf/basiclayer/pgfcorepathprocessing.code.tex
File: pgfcorepathprocessing.code.tex 2023-01-15 v3.1.10 (3.1.10)
) (f:/texlive/2025/texmf-dist/tex/generic/pgf/basiclayer/pgfcorearrows.code.tex
File: pgfcorearrows.code.tex 2023-01-15 v3.1.10 (3.1.10)
\pgfarrowsep=\dimen268
) (f:/texlive/2025/texmf-dist/tex/generic/pgf/basiclayer/pgfcoreshade.code.tex
File: pgfcoreshade.code.tex 2023-01-15 v3.1.10 (3.1.10)
\pgf@max=\dimen269
\pgf@sys@shading@range@num=\count309
\pgf@shadingcount=\count310
) (f:/texlive/2025/texmf-dist/tex/generic/pgf/basiclayer/pgfcoreimage.code.tex
File: pgfcoreimage.code.tex 2023-01-15 v3.1.10 (3.1.10)
) (f:/texlive/2025/texmf-dist/tex/generic/pgf/basiclayer/pgfcoreexternal.code.tex
File: pgfcoreexternal.code.tex 2023-01-15 v3.1.10 (3.1.10)
\pgfexternal@startupbox=\box61
) (f:/texlive/2025/texmf-dist/tex/generic/pgf/basiclayer/pgfcorelayers.code.tex
File: pgfcorelayers.code.tex 2023-01-15 v3.1.10 (3.1.10)
) (f:/texlive/2025/texmf-dist/tex/generic/pgf/basiclayer/pgfcoretransparency.code.tex
File: pgfcoretransparency.code.tex 2023-01-15 v3.1.10 (3.1.10)
) (f:/texlive/2025/texmf-dist/tex/generic/pgf/basiclayer/pgfcorepatterns.code.tex
File: pgfcorepatterns.code.tex 2023-01-15 v3.1.10 (3.1.10)
) (f:/texlive/2025/texmf-dist/tex/generic/pgf/basiclayer/pgfcorerdf.code.tex
File: pgfcorerdf.code.tex 2023-01-15 v3.1.10 (3.1.10)
))) (f:/texlive/2025/texmf-dist/tex/generic/pgf/modules/pgfmoduleshapes.code.tex
File: pgfmoduleshapes.code.tex 2023-01-15 v3.1.10 (3.1.10)
\pgfnodeparttextbox=\box62
) (f:/texlive/2025/texmf-dist/tex/generic/pgf/modules/pgfmoduleplot.code.tex
File: pgfmoduleplot.code.tex 2023-01-15 v3.1.10 (3.1.10)
) (f:/texlive/2025/texmf-dist/tex/latex/pgf/compatibility/pgfcomp-version-0-65.sty
Package: pgfcomp-version-0-65 2023-01-15 v3.1.10 (3.1.10)
\pgf@nodesepstart=\dimen270
\pgf@nodesepend=\dimen271
) (f:/texlive/2025/texmf-dist/tex/latex/pgf/compatibility/pgfcomp-version-1-18.sty
Package: pgfcomp-version-1-18 2023-01-15 v3.1.10 (3.1.10)
)) (f:/texlive/2025/texmf-dist/tex/latex/pgf/utilities/pgffor.sty (f:/texlive/2025/texmf-dist/tex/latex/pgf/utilities/pgfkeys.sty (f:/texlive/2025/texmf-dist/tex/generic/pgf/utilities/pgfkeys.code.tex)) (f:/texlive/2025/texmf-dist/tex/latex/pgf/math/pgfmath.sty (f:/texlive/2025/texmf-dist/tex/generic/pgf/math/pgfmath.code.tex)) (f:/texlive/2025/texmf-dist/tex/generic/pgf/utilities/pgffor.code.tex
Package: pgffor 2023-01-15 v3.1.10 (3.1.10)
\pgffor@iter=\dimen272
\pgffor@skip=\dimen273
\pgffor@stack=\toks28
\pgffor@toks=\toks29
)) (f:/texlive/2025/texmf-dist/tex/generic/pgf/frontendlayer/tikz/tikz.code.tex
Package: tikz 2023-01-15 v3.1.10 (3.1.10)
 (f:/texlive/2025/texmf-dist/tex/generic/pgf/libraries/pgflibraryplothandlers.code.tex
File: pgflibraryplothandlers.code.tex 2023-01-15 v3.1.10 (3.1.10)
\pgf@plot@mark@count=\count311
\pgfplotmarksize=\dimen274
)
\tikz@lastx=\dimen275
\tikz@lasty=\dimen276
\tikz@lastxsaved=\dimen277
\tikz@lastysaved=\dimen278
\tikz@lastmovetox=\dimen279
\tikz@lastmovetoy=\dimen280
\tikzleveldistance=\dimen281
\tikzsiblingdistance=\dimen282
\tikz@figbox=\box63
\tikz@figbox@bg=\box64
\tikz@tempbox=\box65
\tikz@tempbox@bg=\box66
\tikztreelevel=\count312
\tikznumberofchildren=\count313
\tikznumberofcurrentchild=\count314
\tikz@fig@count=\count315
 (f:/texlive/2025/texmf-dist/tex/generic/pgf/modules/pgfmodulematrix.code.tex
File: pgfmodulematrix.code.tex 2023-01-15 v3.1.10 (3.1.10)
\pgfmatrixcurrentrow=\count316
\pgfmatrixcurrentcolumn=\count317
\pgf@matrix@numberofcolumns=\count318
)
\tikz@expandcount=\count319
 (f:/texlive/2025/texmf-dist/tex/generic/pgf/frontendlayer/tikz/libraries/tikzlibrarytopaths.code.tex
File: tikzlibrarytopaths.code.tex 2023-01-15 v3.1.10 (3.1.10)
))) (f:/texlive/2025/texmf-dist/tex/latex/tools/verbatim.sty
Package: verbatim 2024-01-22 v1.5x LaTeX2e package for verbatim enhancements
\every@verbatim=\toks30
\verbatim@line=\toks31
\verbatim@in@stream=\read3
) (f:/texlive/2025/texmf-dist/tex/latex/environ/environ.sty
Package: environ 2014/05/04 v0.3 A new way to define environments
 (f:/texlive/2025/texmf-dist/tex/latex/trimspaces/trimspaces.sty
Package: trimspaces 2009/09/17 v1.1 Trim spaces around a token list
)
\@envbody=\toks32
) (f:/texlive/2025/texmf-dist/tex/latex/etoolbox/etoolbox.sty
Package: etoolbox 2025/02/11 v2.5l e-TeX tools for LaTeX (JAW)
\etb@tempcnta=\count320
)
\tcb@titlebox=\box67
\tcb@upperbox=\box68
\tcb@lowerbox=\box69
\tcb@phantombox=\box70
\c@tcbbreakpart=\count321
\c@tcblayer=\count322
\c@tcolorbox@number=\count323
\l__tcobox_tmpa_box=\box71
\l__tcobox_tmpa_dim=\dimen283
\tcb@temp=\box72
\tcb@temp=\box73
\tcb@temp=\box74
\tcb@temp=\box75
) (f:/texlive/2025/texmf-dist/tex/latex/tcolorbox/tcbskins.code.tex
Library (tcolorbox): 'tcbskins.code.tex' version '6.4.1'
(f:/texlive/2025/texmf-dist/tex/latex/tikzfill/tikzfill.image.sty
Package: tikzfill.image 2023/08/08 v1.0.1 Image filling library for TikZ
 (f:/texlive/2025/texmf-dist/tex/latex/tikzfill/tikzfill-common.sty
Package: tikzfill-common 2023/08/08 v1.0.1 Auxiliary code for tikzfill
) (f:/texlive/2025/texmf-dist/tex/latex/tikzfill/tikzlibraryfill.image.code.tex
File: tikzlibraryfill.image.code.tex 2023/08/08 v1.0.1 Image filling library
\l__tikzfill_img_box=\box76
)) (f:/texlive/2025/texmf-dist/tex/latex/tcolorbox/tcbskinsjigsaw.code.tex
Library (tcolorbox): 'tcbskinsjigsaw.code.tex' version '6.4.1'
)) (f:/texlive/2025/texmf-dist/tex/latex/tcolorbox/tcbbreakable.code.tex
Library (tcolorbox): 'tcbbreakable.code.tex' version '6.4.1'
(f:/texlive/2025/texmf-dist/tex/latex/pdfcol/pdfcol.sty
Package: pdfcol 2022-09-21 v1.7 Handle new color stacks for pdfTeX (HO)
 (f:/texlive/2025/texmf-dist/tex/generic/ltxcmds/ltxcmds.sty
Package: ltxcmds 2023-12-04 v1.26 LaTeX kernel commands for general use (HO)
) (f:/texlive/2025/texmf-dist/tex/generic/infwarerr/infwarerr.sty
Package: infwarerr 2019/12/03 v1.5 Providing info/warning/error messages (HO)
) (f:/texlive/2025/texmf-dist/tex/generic/iftex/iftex.sty
Package: iftex 2024/12/12 v1.0g TeX engine tests
)
Package pdfcol Info: Interface disabled because of missing PDF mode of pdfTeX.
)
Package pdfcol Info: pdfTeX's color stacks are not available.
\tcb@testbox=\box77
\tcb@totalupperbox=\box78
\tcb@totallowerbox=\box79
) (f:/texlive/2025/texmf-dist/tex/latex/tcolorbox/tcbtheorems.code.tex
Library (tcolorbox): 'tcbtheorems.code.tex' version '6.4.1'
(f:/texlive/2025/texmf-dist/tex/latex/amsmath/amsmath.sty
Package: amsmath 2024/11/05 v2.17t AMS math features
\@mathmargin=\skip60

For additional information on amsmath, use the `?' option.
(f:/texlive/2025/texmf-dist/tex/latex/amsmath/amstext.sty
Package: amstext 2021/08/26 v2.01 AMS text
 (f:/texlive/2025/texmf-dist/tex/latex/amsmath/amsgen.sty
File: amsgen.sty 1999/11/30 v2.0 generic functions
\@emptytoks=\toks33
\ex@=\dimen284
)) (f:/texlive/2025/texmf-dist/tex/latex/amsmath/amsbsy.sty
Package: amsbsy 1999/11/29 v1.2d Bold Symbols
\pmbraise@=\dimen285
) (f:/texlive/2025/texmf-dist/tex/latex/amsmath/amsopn.sty
Package: amsopn 2022/04/08 v2.04 operator names
)
\inf@bad=\count324
LaTeX Info: Redefining \frac on input line 233.
\uproot@=\count325
\leftroot@=\count326
LaTeX Info: Redefining \overline on input line 398.
LaTeX Info: Redefining \colon on input line 409.
\classnum@=\count327
\DOTSCASE@=\count328
LaTeX Info: Redefining \ldots on input line 495.
LaTeX Info: Redefining \dots on input line 498.
LaTeX Info: Redefining \cdots on input line 619.
\Mathstrutbox@=\box80
\strutbox@=\box81
LaTeX Info: Redefining \big on input line 721.
LaTeX Info: Redefining \Big on input line 722.
LaTeX Info: Redefining \bigg on input line 723.
LaTeX Info: Redefining \Bigg on input line 724.
\big@size=\dimen286
LaTeX Font Info:    Redeclaring font encoding OML on input line 742.
LaTeX Font Info:    Redeclaring font encoding OMS on input line 743.
\macc@depth=\count329
LaTeX Info: Redefining \bmod on input line 904.
LaTeX Info: Redefining \pmod on input line 909.
LaTeX Info: Redefining \smash on input line 939.
LaTeX Info: Redefining \relbar on input line 969.
LaTeX Info: Redefining \Relbar on input line 970.
\c@MaxMatrixCols=\count330
\dotsspace@=\muskip17
\c@parentequation=\count331
\dspbrk@lvl=\count332
\tag@help=\toks34
\row@=\count333
\column@=\count334
\maxfields@=\count335
\andhelp@=\toks35
\eqnshift@=\dimen287
\alignsep@=\dimen288
\tagshift@=\dimen289
\tagwidth@=\dimen290
\totwidth@=\dimen291
\lineht@=\dimen292
\@envbody=\toks36
\multlinegap=\skip61
\multlinetaggap=\skip62
\mathdisplay@stack=\toks37
LaTeX Info: Redefining \[ on input line 2953.
LaTeX Info: Redefining \] on input line 2954.
)) (f:/texlive/2025/texmf-dist/tex/latex/amsfonts/amssymb.sty
Package: amssymb 2013/01/14 v3.01 AMS font symbols
 (f:/texlive/2025/texmf-dist/tex/latex/amsfonts/amsfonts.sty
Package: amsfonts 2013/01/14 v3.01 Basic AMSFonts support
\symAMSa=\mathgroup4
\symAMSb=\mathgroup5
LaTeX Font Info:    Redeclaring math symbol \hbar on input line 98.
LaTeX Font Info:    Overwriting math alphabet `\mathfrak' in version `bold'
(Font)                  U/euf/m/n --> U/euf/b/n on input line 106.
)) (f:/texlive/2025/texmf-dist/tex/latex/changepage/changepage.sty
Package: changepage 2009/10/20 v1.0c check page and change page layout
\c@cp@cntr=\count336
\cp@tempcnt=\count337
) (f:/texlive/2025/texmf-dist/tex/generic/ulem/ulem.sty
\UL@box=\box82
\UL@hyphenbox=\box83
\UL@skip=\skip63
\UL@hook=\toks38
\UL@height=\dimen293
\UL@pe=\count338
\UL@pixel=\dimen294
\ULC@box=\box84
Package: ulem 2019/11/18
\ULdepth=\dimen295
) (f:/texlive/2025/texmf-dist/tex/latex/bbding/bbding.sty
Package: bbding 1999/04/15 v1.01 Dingbats symbols
) (f:/texlive/2025/texmf-dist/tex/latex/adforn/adforn.sty (f:/texlive/2025/texmf-dist/tex/latex/svn-prov/svn-prov.sty
Package: svn-prov 2010/04/24 v3.1862 Package Date/Version from SVN Keywords
)
Package: adforn 2024/09/29 v1.2 (SVN Rev: 10442)
)

Package xeCJK Warning: Redefining CJKfamily `zhfs' (FangSong).


Package xeCJK Warning: Redefining CJKfamily `zhkai' (KaiTi).


Package xeCJK Warning: Redefining CJKfamily `zhsong' (SimSun).


Package xeCJK Warning: Redefining CJKfamily `zhhei' (SimHei).

\c@rbtheorem=\count339
\c@rblemma=\count340
\c@rbcorollary=\count341
\c@rbdefinition=\count342
\c@rbaxiom=\count343
\c@rbpostulate=\count344
\c@rbproposition=\count345
\c@rbassumption=\count346
\c@rbproperty=\count347
\c@rbconjecture=\count348
(f:/texlive/2025/texmf-dist/tex/latex/mdframed/mdframed.sty
Package: mdframed 2013/07/01 1.9b: mdframed
 (f:/texlive/2025/texmf-dist/tex/latex/kvoptions/kvoptions.sty
Package: kvoptions 2022-06-15 v3.15 Key value format for package options (HO)
 (f:/texlive/2025/texmf-dist/tex/latex/kvsetkeys/kvsetkeys.sty
Package: kvsetkeys 2022-10-05 v1.19 Key value parser (HO)
)) (f:/texlive/2025/texmf-dist/tex/latex/zref/zref-abspage.sty
Package: zref-abspage 2023-09-14 v2.35 Module abspage for zref (HO)
 (f:/texlive/2025/texmf-dist/tex/latex/zref/zref-base.sty
Package: zref-base 2023-09-14 v2.35 Module base for zref (HO)
 (f:/texlive/2025/texmf-dist/tex/generic/kvdefinekeys/kvdefinekeys.sty
Package: kvdefinekeys 2019-12-19 v1.6 Define keys (HO)
) (f:/texlive/2025/texmf-dist/tex/generic/pdftexcmds/pdftexcmds.sty
Package: pdftexcmds 2020-06-27 v0.33 Utility functions of pdfTeX for LuaTeX (HO)
Package pdftexcmds Info: \pdf@primitive is available.
Package pdftexcmds Info: \pdf@ifprimitive is available.
Package pdftexcmds Info: \pdfdraftmode not found.
) (f:/texlive/2025/texmf-dist/tex/generic/etexcmds/etexcmds.sty
Package: etexcmds 2019/12/15 v1.7 Avoid name clashes with e-TeX commands (HO)
) (f:/texlive/2025/texmf-dist/tex/latex/auxhook/auxhook.sty
Package: auxhook 2019-12-17 v1.6 Hooks for auxiliary files (HO)
)
Package zref Info: New property list: main on input line 767.
Package zref Info: New property: default on input line 768.
Package zref Info: New property: page on input line 769.
)
\c@abspage=\count349
Package zref Info: New property: abspage on input line 67.
) (f:/texlive/2025/texmf-dist/tex/latex/needspace/needspace.sty
Package: needspace 2010/09/12 v1.3d reserve vertical space
)
\mdf@templength=\skip64
\c@mdf@globalstyle@cnt=\count350
\mdf@skipabove@length=\skip65
\mdf@skipbelow@length=\skip66
\mdf@leftmargin@length=\skip67
\mdf@rightmargin@length=\skip68
\mdf@innerleftmargin@length=\skip69
\mdf@innerrightmargin@length=\skip70
\mdf@innertopmargin@length=\skip71
\mdf@innerbottommargin@length=\skip72
\mdf@splittopskip@length=\skip73
\mdf@splitbottomskip@length=\skip74
\mdf@outermargin@length=\skip75
\mdf@innermargin@length=\skip76
\mdf@linewidth@length=\skip77
\mdf@innerlinewidth@length=\skip78
\mdf@middlelinewidth@length=\skip79
\mdf@outerlinewidth@length=\skip80
\mdf@roundcorner@length=\skip81
\mdf@footenotedistance@length=\skip82
\mdf@userdefinedwidth@length=\skip83
\mdf@needspace@length=\skip84
\mdf@frametitleaboveskip@length=\skip85
\mdf@frametitlebelowskip@length=\skip86
\mdf@frametitlerulewidth@length=\skip87
\mdf@frametitleleftmargin@length=\skip88
\mdf@frametitlerightmargin@length=\skip89
\mdf@shadowsize@length=\skip90
\mdf@extratopheight@length=\skip91
\mdf@subtitleabovelinewidth@length=\skip92
\mdf@subtitlebelowlinewidth@length=\skip93
\mdf@subtitleaboveskip@length=\skip94
\mdf@subtitlebelowskip@length=\skip95
\mdf@subtitleinneraboveskip@length=\skip96
\mdf@subtitleinnerbelowskip@length=\skip97
\mdf@subsubtitleabovelinewidth@length=\skip98
\mdf@subsubtitlebelowlinewidth@length=\skip99
\mdf@subsubtitleaboveskip@length=\skip100
\mdf@subsubtitlebelowskip@length=\skip101
\mdf@subsubtitleinneraboveskip@length=\skip102
\mdf@subsubtitleinnerbelowskip@length=\skip103
 (f:/texlive/2025/texmf-dist/tex/latex/mdframed/md-frame-0.mdf
File: md-frame-0.mdf 2013/07/01\ 1.9b: md-frame-0
)
\mdf@frametitlebox=\box85
\mdf@footnotebox=\box86
\mdf@splitbox@one=\box87
\mdf@splitbox@two=\box88
\mdf@splitbox@save=\box89
\mdfsplitboxwidth=\skip104
\mdfsplitboxtotalwidth=\skip105
\mdfsplitboxheight=\skip106
\mdfsplitboxdepth=\skip107
\mdfsplitboxtotalheight=\skip108
\mdfframetitleboxwidth=\skip109
\mdfframetitleboxtotalwidth=\skip110
\mdfframetitleboxheight=\skip111
\mdfframetitleboxdepth=\skip112
\mdfframetitleboxtotalheight=\skip113
\mdffootnoteboxwidth=\skip114
\mdffootnoteboxtotalwidth=\skip115
\mdffootnoteboxheight=\skip116
\mdffootnoteboxdepth=\skip117
\mdffootnoteboxtotalheight=\skip118
\mdftotallinewidth=\skip119
\mdfboundingboxwidth=\skip120
\mdfboundingboxtotalwidth=\skip121
\mdfboundingboxheight=\skip122
\mdfboundingboxdepth=\skip123
\mdfboundingboxtotalheight=\skip124
\mdf@freevspace@length=\skip125
\mdf@horizontalwidthofbox@length=\skip126
\mdf@verticalmarginwhole@length=\skip127
\mdf@horizontalspaceofbox=\skip128
\mdfsubtitleheight=\skip129
\mdfsubsubtitleheight=\skip130
\c@mdfcountframes=\count351

****** mdframed patching \endmdf@trivlist

****** -- success******

\mdf@envdepth=\count352
\c@mdf@env@i=\count353
\c@mdf@env@ii=\count354
\c@mdf@zref@counter=\count355
Package zref Info: New property: mdf@pagevalue on input line 895.
) (f:/texlive/2025/texmf-dist/tex/latex/amscls/amsthm.sty
Package: amsthm 2020/05/29 v2.20.6
\thm@style=\toks39
\thm@bodyfont=\toks40
\thm@headfont=\toks41
\thm@notefont=\toks42
\thm@headpunct=\toks43
\thm@preskip=\skip131
\thm@postskip=\skip132
\thm@headsep=\skip133
\dth@everypar=\toks44
)
\belowsep=\skip134
\c@rbinstance=\count356
\c@rbexercise=\count357
\c@rbremarkcounter=\count358
\c@rbexample=\count359
\c@claim=\count360
\c@claim@proofdepth=\count361
 (f:/texlive/2025/texmf-dist/tex/latex/enumitem/enumitem.sty
Package: enumitem 2025/02/06 v3.11 Customized lists
\labelindent=\skip135
\enit@outerparindent=\dimen296
\enit@toks=\toks45
\enit@inbox=\box90
\enit@count@id=\count362
\enitdp@description=\count363
)
\c@rbhomework=\count364
\rbhomeworklabelleftpad=\skip136
\rbhomeworklabelsep=\skip137
\rbhomework@labelwidth=\skip138
) (./bookstyle.sty
Package: bookstyle 2026/03/04 v1.2 AJbook-style layout for ctexbook
 (f:/texlive/2025/texmf-dist/tex/latex/setspace/setspace.sty
Package: setspace 2022/12/04 v6.7b set line spacing
) (f:/texlive/2025/texmf-dist/tex/latex/fancyhdr/fancyhdr.sty
Package: fancyhdr 2025/02/07 v5.2 Extensive control of page headers and footers
\f@nch@headwidth=\skip139
\f@nch@offset@elh=\skip140
\f@nch@offset@erh=\skip141
\f@nch@offset@olh=\skip142
\f@nch@offset@orh=\skip143
\f@nch@offset@elf=\skip144
\f@nch@offset@erf=\skip145
\f@nch@offset@olf=\skip146
\f@nch@offset@orf=\skip147
\f@nch@height=\skip148
\f@nch@footalignment=\skip149
\f@nch@widthL=\skip150
\f@nch@widthC=\skip151
\f@nch@widthR=\skip152
\@temptokenb=\toks46
) (f:/texlive/2025/texmf-dist/tex/latex/titlesec/titlesec.sty
Package: titlesec 2025/01/04 v2.17 Sectioning titles
\ttl@box=\box91
\beforetitleunit=\skip153
\aftertitleunit=\skip154
\ttl@plus=\dimen297
\ttl@minus=\dimen298
\ttl@toksa=\toks47
\titlewidth=\dimen299
\titlewidthlast=\dimen300
\titlewidthfirst=\dimen301
) (f:/texlive/2025/texmf-dist/tex/latex/titlesec/titletoc.sty
Package: titletoc 2025/01/04 v2.17 TOC entries
\ttl@leftsep=\dimen302
) (f:/texlive/2025/texmf-dist/tex/latex/appendix/appendix.sty
Package: appendix 2020/02/08 v1.2c extra appendix facilities
\c@@pps=\count365
\c@@ppsavesec=\count366
\c@@ppsaveapp=\count367
) (f:/texlive/2025/texmf-dist/tex/latex/apptools/apptools.sty
Package: apptools 2012/11/28 v1.0 Tools for customizing appendices
) (f:/texlive/2025/texmf-dist/tex/latex/tools/calc.sty
Package: calc 2023/07/08 v4.3 Infix arithmetic (KKT,FJ)
\calc@Acount=\count368
\calc@Bcount=\count369
\calc@Adimen=\dimen303
\calc@Bdimen=\dimen304
\calc@Askip=\skip155
\calc@Bskip=\skip156
LaTeX Info: Redefining \setlength on input line 80.
LaTeX Info: Redefining \addtolength on input line 81.
\calc@Ccount=\count370
\calc@Cskip=\skip157
) (f:/texlive/2025/texmf-dist/tex/generic/xstring/xstring.sty (f:/texlive/2025/texmf-dist/tex/generic/xstring/xstring.tex
\xs_counta=\count371
\xs_countb=\count372
)
Package: xstring 2023/08/22 v1.86 String manipulations (CT)
) (f:/texlive/2025/texmf-dist/tex/latex/hyperref/hyperref.sty
Package: hyperref 2024-11-05 v7.01l Hypertext links for LaTeX
 (f:/texlive/2025/texmf-dist/tex/generic/pdfescape/pdfescape.sty
Package: pdfescape 2019/12/09 v1.15 Implements pdfTeX's escape features (HO)
) (f:/texlive/2025/texmf-dist/tex/latex/hycolor/hycolor.sty
Package: hycolor 2020-01-27 v1.10 Color options for hyperref/bookmark (HO)
) (f:/texlive/2025/texmf-dist/tex/latex/hyperref/nameref.sty
Package: nameref 2023-11-26 v2.56 Cross-referencing by name of section
 (f:/texlive/2025/texmf-dist/tex/latex/refcount/refcount.sty
Package: refcount 2019/12/15 v3.6 Data extraction from label references (HO)
) (f:/texlive/2025/texmf-dist/tex/generic/gettitlestring/gettitlestring.sty
Package: gettitlestring 2019/12/15 v1.6 Cleanup title references (HO)
)
\c@section@level=\count373
) (f:/texlive/2025/texmf-dist/tex/generic/stringenc/stringenc.sty
Package: stringenc 2019/11/29 v1.12 Convert strings between diff. encodings (HO)
)
\@linkdim=\dimen305
\Hy@linkcounter=\count374
\Hy@pagecounter=\count375
 (f:/texlive/2025/texmf-dist/tex/latex/hyperref/pd1enc.def
File: pd1enc.def 2024-11-05 v7.01l Hyperref: PDFDocEncoding definition (HO)
) (f:/texlive/2025/texmf-dist/tex/generic/intcalc/intcalc.sty
Package: intcalc 2019/12/15 v1.3 Expandable calculations with integers (HO)
)
\Hy@SavedSpaceFactor=\count376
 (f:/texlive/2025/texmf-dist/tex/latex/hyperref/puenc.def
File: puenc.def 2024-11-05 v7.01l Hyperref: PDF Unicode definition (HO)
)
Package hyperref Info: Option `unicode' set `true' on input line 4040.
Package hyperref Info: Hyper figures OFF on input line 4157.
Package hyperref Info: Link nesting OFF on input line 4162.
Package hyperref Info: Hyper index ON on input line 4165.
Package hyperref Info: Plain pages OFF on input line 4172.
Package hyperref Info: Backreferencing OFF on input line 4177.
Package hyperref Info: Implicit mode ON; LaTeX internals redefined.
Package hyperref Info: Bookmarks ON on input line 4424.
\c@Hy@tempcnt=\count377
 (f:/texlive/2025/texmf-dist/tex/latex/url/url.sty
\Urlmuskip=\muskip18
Package: url 2013/09/16  ver 3.4  Verb mode for urls, etc.
)
LaTeX Info: Redefining \url on input line 4763.
\XeTeXLinkMargin=\dimen306
 (f:/texlive/2025/texmf-dist/tex/generic/bitset/bitset.sty
Package: bitset 2019/12/09 v1.3 Handle bit-vector datatype (HO)
 (f:/texlive/2025/texmf-dist/tex/generic/bigintcalc/bigintcalc.sty
Package: bigintcalc 2019/12/15 v1.5 Expandable calculations on big integers (HO)
))
\Fld@menulength=\count378
\Field@Width=\dimen307
\Fld@charsize=\dimen308
Package hyperref Info: Hyper figures OFF on input line 6042.
Package hyperref Info: Link nesting OFF on input line 6047.
Package hyperref Info: Hyper index ON on input line 6050.
Package hyperref Info: backreferencing OFF on input line 6057.
Package hyperref Info: Link coloring OFF on input line 6062.
Package hyperref Info: Link coloring with OCG OFF on input line 6067.
Package hyperref Info: PDF/A mode OFF on input line 6072.
 (f:/texlive/2025/texmf-dist/tex/latex/base/atbegshi-ltx.sty
Package: atbegshi-ltx 2021/01/10 v1.0c Emulation of the original atbegshi
package with kernel methods
)
\Hy@abspage=\count379
\c@Item=\count380
\c@Hfootnote=\count381
)
Package hyperref Info: Driver (autodetected): hxetex.
 (f:/texlive/2025/texmf-dist/tex/latex/hyperref/hxetex.def
File: hxetex.def 2024-11-05 v7.01l Hyperref driver for XeTeX
\pdfm@box=\box92
\c@Hy@AnnotLevel=\count382
\HyField@AnnotCount=\count383
\Fld@listcount=\count384
\c@bookmark@seq@number=\count385
 (f:/texlive/2025/texmf-dist/tex/latex/rerunfilecheck/rerunfilecheck.sty
Package: rerunfilecheck 2022-07-10 v1.10 Rerun checks for auxiliary files (HO)
 (f:/texlive/2025/texmf-dist/tex/latex/base/atveryend-ltx.sty
Package: atveryend-ltx 2020/08/19 v1.0a Emulation of the original atveryend package
with kernel methods
) (f:/texlive/2025/texmf-dist/tex/generic/uniquecounter/uniquecounter.sty
Package: uniquecounter 2019/12/15 v1.4 Provide unlimited unique counter (HO)
)
Package uniquecounter Info: New unique counter `rerunfilecheck' on input line 285.
)
\Hy@SectionHShift=\skip158
) (f:/texlive/2025/texmf-dist/tex/latex/geometry/geometry.sty
Package: geometry 2020/01/02 v5.9 Page Geometry
 (f:/texlive/2025/texmf-dist/tex/generic/iftex/ifvtex.sty
Package: ifvtex 2019/10/25 v1.7 ifvtex legacy package. Use iftex instead.
)
\Gm@cnth=\count386
\Gm@cntv=\count387
\c@Gm@tempcnt=\count388
\Gm@bindingoffset=\dimen309
\Gm@wd@mp=\dimen310
\Gm@odd@mp=\dimen311
\Gm@even@mp=\dimen312
\Gm@layoutwidth=\dimen313
\Gm@layoutheight=\dimen314
\Gm@layouthoffset=\dimen315
\Gm@layoutvoffset=\dimen316
\Gm@dimlist=\toks48
)
Package hyperref Info: Option `breaklinks' set `true' on input line 191.
Package hyperref Info: Option `unicode' set `true' on input line 191.
Package hyperref Info: Option `bookmarksnumbered' set `true' on input line 191.
Package hyperref Info: Option `bookmarksopen' set `true' on input line 191.
Package hyperref Info: Option `colorlinks' set `true' on input line 191.
Package hyperref Info: Option `plainpages' set `false' on input line 191.
Package hyperref Info: Option `linktocpage' set `true' on input line 191.
 (f:/texlive/2025/texmf-dist/tex/generic/pgf/frontendlayer/tikz/libraries/tikzlibrarycalc.code.tex
File: tikzlibrarycalc.code.tex 2023-01-15 v3.1.10 (3.1.10)
) (f:/texlive/2025/texmf-dist/tex/generic/pgf/frontendlayer/tikz/libraries/tikzlibrarybackgrounds.code.tex
File: tikzlibrarybackgrounds.code.tex 2023-01-15 v3.1.10 (3.1.10)
\pgf@layerbox@background=\box93
\pgf@layerboxsaved@background=\box94
) (f:/texlive/2025/texmf-dist/tex/latex/mwe/mwe.sty
Package: mwe 2018/03/30 v0.5 Package to support minimal working examples (MWE)
 (f:/texlive/2025/texmf-dist/tex/latex/lipsum/lipsum.sty (f:/texlive/2025/texmf-dist/tex/latex/l3packages/l3keys2e/l3keys2e.sty
Package: l3keys2e 2024-08-16 LaTeX2e option processing using LaTeX3 keys
)
Package: lipsum 2021-09-20 v2.7 150 paragraphs of Lorem Ipsum dummy text
\g__lipsum_par_int=\count389
\l__lipsum_a_int=\count390
\l__lipsum_b_int=\count391
 (f:/texlive/2025/texmf-dist/tex/latex/lipsum/lipsum.ltd.tex)) (f:/texlive/2025/texmf-dist/tex/latex/blindtext/blindtext.sty
Package: blindtext 2012/01/06 V2.0 blindtext-Package
 (f:/texlive/2025/texmf-dist/tex/latex/tools/xspace.sty
Package: xspace 2014/10/28 v1.13 Space after command names (DPC,MH)
)
\c@blindtext=\count392
\c@Blindtext=\count393
\c@blind@countparstart=\count394
\blind@countxx=\count395
\blindtext@numBlindtext=\count396
\blind@countyy=\count397
\c@blindlist=\count398
\c@blindlistlevel=\count399
\c@blindlist@level=\count400
\blind@listitem=\count401
\c@blind@listcount=\count402
\c@blind@levelcount=\count403
\blind@mathformula=\count404
\blind@Mathformula=\count405
\c@blind@randomcount=\count406
\c@blind@randommax=\count407
\c@blind@pangramcount=\count408
\c@blind@pangrammax=\count409
))
\BoxTtlwidth=\skip159
\c@ttlp@side=\count410
\ttlp@side=\count411
) (f:/texlive/2025/texmf-dist/tex/latex/tools/bm.sty
Package: bm 2023/12/19 v1.2f Bold Symbol Support (DPC/FMi)
\symboldoperators=\mathgroup6
\symboldletters=\mathgroup7
\symboldsymbols=\mathgroup8
Package bm Info: No bold for \OMX/cmex/m/n, using \pmb.
Package bm Info: No bold for \U/msa/m/n, using \pmb.
Package bm Info: No bold for \U/msb/m/n, using \pmb.
LaTeX Font Info:    Redeclaring math alphabet \mathbf on input line 149.
) (f:/texlive/2025/texmf-dist/tex/latex/physics/physics.sty
Package: physics 
) (f:/texlive/2025/texmf-dist/tex/generic/pgf/frontendlayer/tikz/libraries/tikzlibrarydecorations.pathreplacing.code.tex (f:/texlive/2025/texmf-dist/tex/generic/pgf/frontendlayer/tikz/libraries/tikzlibrarydecorations.code.tex (f:/texlive/2025/texmf-dist/tex/generic/pgf/modules/pgfmoduledecorations.code.tex
\pgfdecoratedcompleteddistance=\dimen317
\pgfdecoratedremainingdistance=\dimen318
\pgfdecoratedinputsegmentcompleteddistance=\dimen319
\pgfdecoratedinputsegmentremainingdistance=\dimen320
\pgf@decorate@distancetomove=\dimen321
\pgf@decorate@repeatstate=\count412
\pgfdecorationsegmentamplitude=\dimen322
\pgfdecorationsegmentlength=\dimen323
)
\tikz@lib@dec@box=\box95
) (f:/texlive/2025/texmf-dist/tex/generic/pgf/libraries/decorations/pgflibrarydecorations.pathreplacing.code.tex)) (f:/texlive/2025/texmf-dist/tex/generic/pgf/libraries/pgflibraryarrows.meta.code.tex
File: pgflibraryarrows.meta.code.tex 2023-01-15 v3.1.10 (3.1.10)
\pgfarrowinset=\dimen324
\pgfarrowlength=\dimen325
\pgfarrowwidth=\dimen326
\pgfarrowlinewidth=\dimen327
) (f:/texlive/2025/texmf-dist/tex/generic/tikz-cd/tikzlibrarycd.code.tex (f:/texlive/2025/texmf-dist/tex/generic/pgf/frontendlayer/tikz/libraries/tikzlibrarymatrix.code.tex
File: tikzlibrarymatrix.code.tex 2023-01-15 v3.1.10 (3.1.10)
) (f:/texlive/2025/texmf-dist/tex/generic/pgf/frontendlayer/tikz/libraries/tikzlibraryquotes.code.tex
File: tikzlibraryquotes.code.tex 2023-01-15 v3.1.10 (3.1.10)
)) (f:/texlive/2025/texmf-dist/tex/generic/pgf/frontendlayer/tikz/libraries/tikzlibrarysvg.path.code.tex
File: tikzlibrarysvg.path.code.tex 2023-01-15 v3.1.10 (3.1.10)
 (f:/texlive/2025/texmf-dist/tex/generic/pgf/libraries/pgflibrarysvg.path.code.tex
File: pgflibrarysvg.path.code.tex 2023-01-15 v3.1.10 (3.1.10)
 (f:/texlive/2025/texmf-dist/tex/generic/pgf/modules/pgfmoduleparser.code.tex
File: pgfmoduleparser.code.tex 2023-01-15 v3.1.10 (3.1.10)
\pgfparserdef@arg@count=\count413
)
\pgf@lib@svg@last@x=\dimen328
\pgf@lib@svg@last@y=\dimen329
\pgf@lib@svg@last@c@x=\dimen330
\pgf@lib@svg@last@c@y=\dimen331
\pgf@lib@svg@count=\count414
\pgf@lib@svg@max@num=\count415
)) (f:/texlive/2025/texmf-dist/tex/latex/float/float.sty
Package: float 2001/11/08 v1.3d Float enhancements (AL)
\c@float@type=\count416
\float@exts=\toks49
\float@box=\box96
\@float@everytoks=\toks50
\@floatcapt=\box97
) (f:/texlive/2025/texmf-dist/tex/latex/wrapfig/wrapfig.sty
\wrapoverhang=\dimen332
\WF@size=\dimen333
\c@WF@wrappedlines=\count417
\WF@box=\box98
\WF@everypar=\toks51
Package: wrapfig 2003/01/31  v 3.6
) (f:/texlive/2025/texmf-dist/tex/latex/caption/caption.sty
Package: caption 2023/08/05 v3.6o Customizing captions (AR)
 (f:/texlive/2025/texmf-dist/tex/latex/caption/caption3.sty
Package: caption3 2023/07/31 v2.4d caption3 kernel (AR)
\caption@tempdima=\dimen334
\captionmargin=\dimen335
\caption@leftmargin=\dimen336
\caption@rightmargin=\dimen337
\caption@width=\dimen338
\caption@indent=\dimen339
\caption@parindent=\dimen340
\caption@hangindent=\dimen341
Package caption Info: Standard document class detected.
)
\c@caption@flags=\count418
\c@continuedfloat=\count419
Package caption Info: changepage package is loaded.
\caption@adjustwidth@hsize=\dimen342
\caption@adjustwidth@linewidth=\dimen343
Package caption Info: float package is loaded.
Package caption Info: hyperref package is loaded.
Package caption Info: wrapfig package is loaded.
) (f:/texlive/2025/texmf-dist/tex/latex/makecell/makecell.sty
Package: makecell 2009/08/03 V0.1e Managing of Tab Column Heads and Cells
 (f:/texlive/2025/texmf-dist/tex/latex/tools/array.sty
Package: array 2024/10/17 v2.6g Tabular extension package (FMi)
\col@sep=\dimen344
\ar@mcellbox=\box99
\extrarowheight=\dimen345
\NC@list=\toks52
\extratabsurround=\skip160
\backup@length=\skip161
\ar@cellbox=\box100
)
\rotheadsize=\dimen346
\c@nlinenum=\count420
\TeXr@lab=\toks53
) (f:/texlive/2025/texmf-dist/tex/latex/psnfss/pifont.sty
Package: pifont 2020/03/25 PSNFSS-v9.3 Pi font support (SPQR) 
LaTeX Font Info:    Trying to load font information for U+pzd on input line 63.
 (f:/texlive/2025/texmf-dist/tex/latex/psnfss/upzd.fd
File: upzd.fd 2001/06/04 font definitions for U/pzd.
)
LaTeX Font Info:    Trying to load font information for U+psy on input line 64.
 (f:/texlive/2025/texmf-dist/tex/latex/psnfss/upsy.fd
File: upsy.fd 2001/06/04 font definitions for U/psy.
)) (f:/texlive/2025/texmf-dist/tex/latex/faktor/faktor.sty
Invalid UTF-8 byte or sequence at line 16 replaced by U+FFFD.
Invalid UTF-8 byte or sequence at line 18 replaced by U+FFFD.
Invalid UTF-8 byte or sequence at line 25 replaced by U+FFFD.
Invalid UTF-8 byte or sequence at line 29 replaced by U+FFFD.
Invalid UTF-8 byte or sequence at line 29 replaced by U+FFFD.
Invalid UTF-8 byte or sequence at line 30 replaced by U+FFFD.
Invalid UTF-8 byte or sequence at line 31 replaced by U+FFFD.
Package: faktor 2006/04/05 v0.1b Faktor-Ringe, -Gruppen, -Raeume (PE)
\faktor@zaehlerhoehe=\skip162
\faktor@nennerhoehe=\skip163
) (f:/texlive/2025/texmf-dist/tex/latex/extarrows/extarrows.sty
Package: extarrows 2020/03/12 v1.2.0 Some extensible arrows
) (./nicematrix.sty
Package: nicematrix 2025/10/23 v7.4 Enhanced arrays with the help of PGF/TikZ
\l__nicematrix_tmpc_dim=\dimen347
\l__nicematrix_tmpd_dim=\dimen348
\l__nicematrix_tmpc_int=\count421
\g__nicematrix_env_int=\count422
\l__nicematrix_the_array_box=\box101
\g__nicematrix_NiceMatrixBlock_int=\count423
\g__nicematrix_notes_caption_int=\count424
\l__nicematrix_columns_width_dim=\dimen349
\l__nicematrix_col_width_dim=\dimen350
\g__nicematrix_row_total_int=\count425
\g__nicematrix_col_total_int=\count426
\g__nicematrix_last_row_node_int=\count427
\l__nicematrix_key_nb_rows_int=\count428
\g__nicematrix_blocks_wd_dim=\dimen351
\g__nicematrix_blocks_ht_dim=\dimen352
\g__nicematrix_blocks_dp_dim=\dimen353
\l__nicematrix_width_dim=\dimen354
\l__nicematrix_tabular_width_dim=\dimen355
\l__nicematrix_rule_width_dim=\dimen356
\l__nicematrix_old_iRow_int=\count429
\l__nicematrix_old_jCol_int=\count430
\l__nicematrix_X_columns_dim=\dimen357
\l__nicematrix_x_initial_dim=\dimen358
\l__nicematrix_y_initial_dim=\dimen359
\l__nicematrix_x_final_dim=\dimen360
\l__nicematrix_y_final_dim=\dimen361
\g__nicematrix_dp_row_zero_dim=\dimen362
\g__nicematrix_ht_row_zero_dim=\dimen363
\g__nicematrix_ht_row_one_dim=\dimen364
\g__nicematrix_dp_ante_last_row_dim=\dimen365
\g__nicematrix_ht_last_row_dim=\dimen366
\g__nicematrix_dp_last_row_dim=\dimen367
\g__nicematrix_width_last_col_dim=\dimen368
\g__nicematrix_width_first_col_dim=\dimen369
\g__nicematrix_ddots_int=\count431
\g__nicematrix_iddots_int=\count432
\g__nicematrix_delta_x_one_dim=\dimen370
\g__nicematrix_delta_y_one_dim=\dimen371
\g__nicematrix_delta_x_two_dim=\dimen372
\g__nicematrix_delta_y_two_dim=\dimen373
\l__nicematrix_row_min_int=\count433
\l__nicematrix_row_max_int=\count434
\l__nicematrix_col_min_int=\count435
\l__nicematrix_col_max_int=\count436
\l__nicematrix_initial_i_int=\count437
\l__nicematrix_initial_j_int=\count438
\l__nicematrix_final_i_int=\count439
\l__nicematrix_final_j_int=\count440
\l__nicematrix_start_int=\count441
\l__nicematrix_end_int=\count442
\l__nicematrix_local_start_int=\count443
\l__nicematrix_local_end_int=\count444
\g__nicematrix_static_num_of_col_int=\count445
\l__nicematrix_rounded_corners_dim=\dimen374
\l__nicematrix_tab_rounded_corners_dim=\dimen375
\l__nicematrix_offset_dim=\dimen376
\l__nicematrix_line_width_dim=\dimen377
\g__nicematrix_block_box_int=\count446
\l__nicematrix_submatrix_extra_height_dim=\dimen378
\l__nicematrix_submatrix_left_xshift_dim=\dimen379
\l__nicematrix_submatrix_right_xshift_dim=\dimen380
\l__nicematrix_first_row_int=\count447
\l__nicematrix_first_col_int=\count448
\l__nicematrix_last_row_int=\count449
\l__nicematrix_last_col_int=\count450
\c@tabularnote=\count451
\g__nicematrix_tabularnote_int=\count452
\c@nicematrix_draft=\count453
\l__nicematrix_cell_space_top_limit_dim=\dimen381
\l__nicematrix_cell_space_bottom_limit_dim=\dimen382
\l__nicematrix_xdots_inter_dim=\dimen383
\l__nicematrix_xdots_shorten_start_dim=\dimen384
\l__nicematrix_xdots_shorten_end_dim=\dimen385
\l__nicematrix_xdots_radius_dim=\dimen386
\l__nicematrix_left_margin_dim=\dimen387
\l__nicematrix_right_margin_dim=\dimen388
\l__nicematrix_extra_left_margin_dim=\dimen389
\l__nicematrix_extra_right_margin_dim=\dimen390
\c__nicematrix_max_l_dim=\dimen391
\l__nicematrix_position_int=\count454
\l__nicematrix_multiplicity_int=\count455
\l__nicematrix_brace_yshift_dim=\dimen392
) (f:/texlive/2025/texmf-dist/tex/latex/mathtools/mathtools.sty
Package: mathtools 2024/10/04 v1.31 mathematical typesetting tools
 (f:/texlive/2025/texmf-dist/tex/latex/mathtools/mhsetup.sty
Package: mhsetup 2021/03/18 v1.4 programming setup (MH)
)
\g_MT_multlinerow_int=\count456
\l_MT_multwidth_dim=\dimen393
\origjot=\skip164
\l_MT_shortvdotswithinadjustabove_dim=\dimen394
\l_MT_shortvdotswithinadjustbelow_dim=\dimen395
\l_MT_above_intertext_sep=\dimen396
\l_MT_below_intertext_sep=\dimen397
\l_MT_above_shortintertext_sep=\dimen398
\l_MT_below_shortintertext_sep=\dimen399
\xmathstrut@box=\box102
\xmathstrut@dim=\dimen400
) (f:/texlive/2025/texmf-dist/tex/latex/cleveref/cleveref.sty
Package: cleveref 2018/03/27 v0.21.4 Intelligent cross-referencing
Package cleveref Info: `hyperref' support loaded on input line 2370.
LaTeX Info: Redefining \cref on input line 2370.
LaTeX Info: Redefining \Cref on input line 2370.
LaTeX Info: Redefining \crefrange on input line 2370.
LaTeX Info: Redefining \Crefrange on input line 2370.
LaTeX Info: Redefining \cpageref on input line 2370.
LaTeX Info: Redefining \Cpageref on input line 2370.
LaTeX Info: Redefining \cpagerefrange on input line 2370.
LaTeX Info: Redefining \Cpagerefrange on input line 2370.
LaTeX Info: Redefining \labelcref on input line 2370.
LaTeX Info: Redefining \labelcpageref on input line 2370.
Package cleveref Info: `amsthm' support loaded on input line 3026.
) (f:/texlive/2025/texmf-dist/tex/latex/esvect/esvect.sty
Package: esvect 
\symesvector=\mathgroup9
LaTeX Font Info:    Redeclaring math symbol \fldr on input line 38.
)
\symugmL=\mathgroup10
 (f:/texlive/2025/texmf-dist/tex/latex/accents/accents.sty
Package: accents 2006/05/12 v1.4 Math Accent Tools
\cc@skew=\dimen401
\cc@wd=\dimen402
\cc@code=\count457
\cc@group=\count458
\cc@skewchar=\count459
) (./动力系统笔记b5.aux

LaTeX Warning: Label `' multiply defined.


LaTeX Warning: Label `@cref' multiply defined.


LaTeX Warning: Label `' multiply defined.


LaTeX Warning: Label `@cref' multiply defined.


LaTeX Warning: Label `' multiply defined.


LaTeX Warning: Label `@cref' multiply defined.


LaTeX Warning: Label `' multiply defined.


LaTeX Warning: Label `@cref' multiply defined.


LaTeX Warning: Label `' multiply defined.


LaTeX Warning: Label `@cref' multiply defined.


LaTeX Warning: Label `' multiply defined.


LaTeX Warning: Label `@cref' multiply defined.


LaTeX Warning: Label `' multiply defined.


LaTeX Warning: Label `@cref' multiply defined.


LaTeX Warning: Label `' multiply defined.


LaTeX Warning: Label `@cref' multiply defined.


LaTeX Warning: Label `' multiply defined.


LaTeX Warning: Label `@cref' multiply defined.


LaTeX Warning: Label `' multiply defined.


LaTeX Warning: Label `@cref' multiply defined.


LaTeX Warning: Label `' multiply defined.


LaTeX Warning: Label `@cref' multiply defined.


LaTeX Warning: Label `' multiply defined.


LaTeX Warning: Label `@cref' multiply defined.


LaTeX Warning: Label `' multiply defined.


LaTeX Warning: Label `@cref' multiply defined.


LaTeX Warning: Label `' multiply defined.


LaTeX Warning: Label `@cref' multiply defined.


LaTeX Warning: Label `' multiply defined.


LaTeX Warning: Label `@cref' multiply defined.


LaTeX Warning: Label `' multiply defined.


LaTeX Warning: Label `@cref' multiply defined.


LaTeX Warning: Label `' multiply defined.


LaTeX Warning: Label `@cref' multiply defined.


LaTeX Warning: Label `' multiply defined.


LaTeX Warning: Label `@cref' multiply defined.


LaTeX Warning: Label `' multiply defined.


LaTeX Warning: Label `@cref' multiply defined.


LaTeX Warning: Label `' multiply defined.


LaTeX Warning: Label `@cref' multiply defined.


LaTeX Warning: Label `' multiply defined.


LaTeX Warning: Label `@cref' multiply defined.


LaTeX Warning: Label `' multiply defined.


LaTeX Warning: Label `@cref' multiply defined.


LaTeX Warning: Label `' multiply defined.


LaTeX Warning: Label `@cref' multiply defined.


LaTeX Warning: Label `' multiply defined.


LaTeX Warning: Label `@cref' multiply defined.


LaTeX Warning: Label `' multiply defined.


LaTeX Warning: Label `@cref' multiply defined.


LaTeX Warning: Label `' multiply defined.


LaTeX Warning: Label `@cref' multiply defined.


LaTeX Warning: Label `' multiply defined.


LaTeX Warning: Label `@cref' multiply defined.


LaTeX Warning: Label `' multiply defined.


LaTeX Warning: Label `@cref' multiply defined.


LaTeX Warning: Label `' multiply defined.


LaTeX Warning: Label `@cref' multiply defined.


LaTeX Warning: Label `' multiply defined.


LaTeX Warning: Label `@cref' multiply defined.


LaTeX Warning: Label `' multiply defined.


LaTeX Warning: Label `@cref' multiply defined.


LaTeX Warning: Label `' multiply defined.


LaTeX Warning: Label `@cref' multiply defined.


LaTeX Warning: Label `' multiply defined.


LaTeX Warning: Label `@cref' multiply defined.


LaTeX Warning: Label `' multiply defined.


LaTeX Warning: Label `@cref' multiply defined.


LaTeX Warning: Label `' multiply defined.


LaTeX Warning: Label `@cref' multiply defined.


LaTeX Warning: Label `' multiply defined.


LaTeX Warning: Label `@cref' multiply defined.


LaTeX Warning: Label `' multiply defined.


LaTeX Warning: Label `@cref' multiply defined.


LaTeX Warning: Label `' multiply defined.


LaTeX Warning: Label `@cref' multiply defined.


LaTeX Warning: Label `' multiply defined.


LaTeX Warning: Label `@cref' multiply defined.


LaTeX Warning: Label `' multiply defined.


LaTeX Warning: Label `@cref' multiply defined.


LaTeX Warning: Label `' multiply defined.


LaTeX Warning: Label `@cref' multiply defined.


LaTeX Warning: Label `' multiply defined.


LaTeX Warning: Label `@cref' multiply defined.


LaTeX Warning: Label `' multiply defined.


LaTeX Warning: Label `@cref' multiply defined.


LaTeX Warning: Label `' multiply defined.


LaTeX Warning: Label `@cref' multiply defined.


LaTeX Warning: Label `' multiply defined.


LaTeX Warning: Label `@cref' multiply defined.


LaTeX Warning: Label `' multiply defined.


LaTeX Warning: Label `@cref' multiply defined.


LaTeX Warning: Label `' multiply defined.


LaTeX Warning: Label `@cref' multiply defined.


LaTeX Warning: Label `' multiply defined.


LaTeX Warning: Label `@cref' multiply defined.


LaTeX Warning: Label `' multiply defined.


LaTeX Warning: Label `@cref' multiply defined.


LaTeX Warning: Label `' multiply defined.


LaTeX Warning: Label `@cref' multiply defined.


LaTeX Warning: Label `' multiply defined.


LaTeX Warning: Label `@cref' multiply defined.


LaTeX Warning: Label `' multiply defined.


LaTeX Warning: Label `@cref' multiply defined.


LaTeX Warning: Label `' multiply defined.


LaTeX Warning: Label `@cref' multiply defined.


LaTeX Warning: Label `' multiply defined.


LaTeX Warning: Label `@cref' multiply defined.


LaTeX Warning: Label `' multiply defined.


LaTeX Warning: Label `@cref' multiply defined.


LaTeX Warning: Label `' multiply defined.


LaTeX Warning: Label `@cref' multiply defined.


LaTeX Warning: Label `' multiply defined.


LaTeX Warning: Label `@cref' multiply defined.


LaTeX Warning: Label `' multiply defined.


LaTeX Warning: Label `@cref' multiply defined.


LaTeX Warning: Label `' multiply defined.


LaTeX Warning: Label `@cref' multiply defined.


LaTeX Warning: Label `' multiply defined.


LaTeX Warning: Label `@cref' multiply defined.


LaTeX Warning: Label `' multiply defined.


LaTeX Warning: Label `@cref' multiply defined.


LaTeX Warning: Label `' multiply defined.


LaTeX Warning: Label `@cref' multiply defined.


LaTeX Warning: Label `' multiply defined.


LaTeX Warning: Label `@cref' multiply defined.


LaTeX Warning: Label `' multiply defined.


LaTeX Warning: Label `@cref' multiply defined.


LaTeX Warning: Label `' multiply defined.


LaTeX Warning: Label `@cref' multiply defined.


LaTeX Warning: Label `' multiply defined.


LaTeX Warning: Label `@cref' multiply defined.


LaTeX Warning: Label `' multiply defined.


LaTeX Warning: Label `@cref' multiply defined.


LaTeX Warning: Label `' multiply defined.


LaTeX Warning: Label `@cref' multiply defined.


LaTeX Warning: Label `' multiply defined.


LaTeX Warning: Label `@cref' multiply defined.


LaTeX Warning: Label `' multiply defined.


LaTeX Warning: Label `@cref' multiply defined.


LaTeX Warning: Label `' multiply defined.


LaTeX Warning: Label `@cref' multiply defined.


LaTeX Warning: Label `' multiply defined.


LaTeX Warning: Label `@cref' multiply defined.


LaTeX Warning: Label `' multiply defined.


LaTeX Warning: Label `@cref' multiply defined.


LaTeX Warning: Label `' multiply defined.


LaTeX Warning: Label `@cref' multiply defined.


LaTeX Warning: Label `' multiply defined.


LaTeX Warning: Label `@cref' multiply defined.


LaTeX Warning: Label `' multiply defined.


LaTeX Warning: Label `@cref' multiply defined.


LaTeX Warning: Label `' multiply defined.


LaTeX Warning: Label `@cref' multiply defined.


LaTeX Warning: Label `' multiply defined.


LaTeX Warning: Label `@cref' multiply defined.


LaTeX Warning: Label `' multiply defined.


LaTeX Warning: Label `@cref' multiply defined.


LaTeX Warning: Label `' multiply defined.


LaTeX Warning: Label `@cref' multiply defined.


LaTeX Warning: Label `' multiply defined.


LaTeX Warning: Label `@cref' multiply defined.


LaTeX Warning: Label `' multiply defined.


LaTeX Warning: Label `@cref' multiply defined.


LaTeX Warning: Label `' multiply defined.


LaTeX Warning: Label `@cref' multiply defined.


LaTeX Warning: Label `' multiply defined.


LaTeX Warning: Label `@cref' multiply defined.


LaTeX Warning: Label `' multiply defined.


LaTeX Warning: Label `@cref' multiply defined.


LaTeX Warning: Label `' multiply defined.


LaTeX Warning: Label `@cref' multiply defined.


LaTeX Warning: Label `' multiply defined.


LaTeX Warning: Label `@cref' multiply defined.


LaTeX Warning: Label `' multiply defined.


LaTeX Warning: Label `@cref' multiply defined.


LaTeX Warning: Label `' multiply defined.


LaTeX Warning: Label `@cref' multiply defined.


LaTeX Warning: Label `' multiply defined.


LaTeX Warning: Label `@cref' multiply defined.


LaTeX Warning: Label `' multiply defined.


LaTeX Warning: Label `@cref' multiply defined.


LaTeX Warning: Label `' multiply defined.


LaTeX Warning: Label `@cref' multiply defined.


LaTeX Warning: Label `' multiply defined.


LaTeX Warning: Label `@cref' multiply defined.


LaTeX Warning: Label `' multiply defined.


LaTeX Warning: Label `@cref' multiply defined.


LaTeX Warning: Label `' multiply defined.


LaTeX Warning: Label `@cref' multiply defined.


LaTeX Warning: Label `' multiply defined.


LaTeX Warning: Label `@cref' multiply defined.


LaTeX Warning: Label `' multiply defined.


LaTeX Warning: Label `@cref' multiply defined.


LaTeX Warning: Label `' multiply defined.


LaTeX Warning: Label `@cref' multiply defined.


LaTeX Warning: Label `' multiply defined.


LaTeX Warning: Label `@cref' multiply defined.


LaTeX Warning: Label `' multiply defined.


LaTeX Warning: Label `@cref' multiply defined.


LaTeX Warning: Label `' multiply defined.


LaTeX Warning: Label `@cref' multiply defined.


LaTeX Warning: Label `' multiply defined.


LaTeX Warning: Label `@cref' multiply defined.


LaTeX Warning: Label `' multiply defined.


LaTeX Warning: Label `@cref' multiply defined.


LaTeX Warning: Label `' multiply defined.


LaTeX Warning: Label `@cref' multiply defined.


LaTeX Warning: Label `' multiply defined.


LaTeX Warning: Label `@cref' multiply defined.


LaTeX Warning: Label `' multiply defined.


LaTeX Warning: Label `@cref' multiply defined.


LaTeX Warning: Label `' multiply defined.


LaTeX Warning: Label `@cref' multiply defined.


LaTeX Warning: Label `' multiply defined.


LaTeX Warning: Label `@cref' multiply defined.


LaTeX Warning: Label `' multiply defined.


LaTeX Warning: Label `@cref' multiply defined.


LaTeX Warning: Label `' multiply defined.


LaTeX Warning: Label `@cref' multiply defined.


LaTeX Warning: Label `' multiply defined.


LaTeX Warning: Label `@cref' multiply defined.


LaTeX Warning: Label `' multiply defined.


LaTeX Warning: Label `@cref' multiply defined.


LaTeX Warning: Label `' multiply defined.


LaTeX Warning: Label `@cref' multiply defined.


LaTeX Warning: Label `' multiply defined.


LaTeX Warning: Label `@cref' multiply defined.


LaTeX Warning: Label `' multiply defined.


LaTeX Warning: Label `@cref' multiply defined.


LaTeX Warning: Label `' multiply defined.


LaTeX Warning: Label `@cref' multiply defined.


LaTeX Warning: Label `' multiply defined.


LaTeX Warning: Label `@cref' multiply defined.


LaTeX Warning: Label `' multiply defined.


LaTeX Warning: Label `@cref' multiply defined.


LaTeX Warning: Label `' multiply defined.


LaTeX Warning: Label `@cref' multiply defined.


LaTeX Warning: Label `' multiply defined.


LaTeX Warning: Label `@cref' multiply defined.


LaTeX Warning: Label `' multiply defined.


LaTeX Warning: Label `@cref' multiply defined.


LaTeX Warning: Label `' multiply defined.


LaTeX Warning: Label `@cref' multiply defined.


LaTeX Warning: Label `' multiply defined.


LaTeX Warning: Label `@cref' multiply defined.


LaTeX Warning: Label `' multiply defined.


LaTeX Warning: Label `@cref' multiply defined.


LaTeX Warning: Label `' multiply defined.


LaTeX Warning: Label `@cref' multiply defined.


LaTeX Warning: Label `' multiply defined.


LaTeX Warning: Label `@cref' multiply defined.

)
\openout1 = `动力系统笔记b5.aux'.

LaTeX Font Info:    Checking defaults for OML/cmm/m/it on input line 146.
LaTeX Font Info:    ... okay on input line 146.
LaTeX Font Info:    Checking defaults for OMS/cmsy/m/n on input line 146.
LaTeX Font Info:    ... okay on input line 146.
LaTeX Font Info:    Checking defaults for OT1/cmr/m/n on input line 146.
LaTeX Font Info:    ... okay on input line 146.
LaTeX Font Info:    Checking defaults for T1/cmr/m/n on input line 146.
LaTeX Font Info:    ... okay on input line 146.
LaTeX Font Info:    Checking defaults for TS1/cmr/m/n on input line 146.
LaTeX Font Info:    ... okay on input line 146.
LaTeX Font Info:    Checking defaults for TU/lmr/m/n on input line 146.
LaTeX Font Info:    ... okay on input line 146.
LaTeX Font Info:    Checking defaults for OMX/cmex/m/n on input line 146.
LaTeX Font Info:    ... okay on input line 146.
LaTeX Font Info:    Checking defaults for U/cmr/m/n on input line 146.
LaTeX Font Info:    ... okay on input line 146.
LaTeX Font Info:    Checking defaults for PD1/pdf/m/n on input line 146.
LaTeX Font Info:    ... okay on input line 146.
LaTeX Font Info:    Checking defaults for PU/pdf/m/n on input line 146.
LaTeX Font Info:    ... okay on input line 146.

Package fontspec Info: 
(fontspec)             Adjusting the maths setup (use [no-math] to avoid
(fontspec)             this).

\symlegacymaths=\mathgroup11
LaTeX Font Info:    Overwriting symbol font `legacymaths' in version `bold'
(Font)                  OT1/cmr/m/n --> OT1/cmr/bx/n on input line 146.
LaTeX Font Info:    Redeclaring math accent \acute on input line 146.
LaTeX Font Info:    Redeclaring math accent \grave on input line 146.
LaTeX Font Info:    Redeclaring math accent \ddot on input line 146.
LaTeX Font Info:    Redeclaring math accent \tilde on input line 146.
LaTeX Font Info:    Redeclaring math accent \bar on input line 146.
LaTeX Font Info:    Redeclaring math accent \breve on input line 146.
LaTeX Font Info:    Redeclaring math accent \check on input line 146.
LaTeX Font Info:    Redeclaring math accent \hat on input line 146.
LaTeX Font Info:    Redeclaring math accent \dot on input line 146.
LaTeX Font Info:    Redeclaring math accent \mathring on input line 146.
LaTeX Font Info:    Redeclaring math symbol \Gamma on input line 146.
LaTeX Font Info:    Redeclaring math symbol \Delta on input line 146.
LaTeX Font Info:    Redeclaring math symbol \Theta on input line 146.
LaTeX Font Info:    Redeclaring math symbol \Lambda on input line 146.
LaTeX Font Info:    Redeclaring math symbol \Xi on input line 146.
LaTeX Font Info:    Redeclaring math symbol \Pi on input line 146.
LaTeX Font Info:    Redeclaring math symbol \Sigma on input line 146.
LaTeX Font Info:    Redeclaring math symbol \Upsilon on input line 146.
LaTeX Font Info:    Redeclaring math symbol \Phi on input line 146.
LaTeX Font Info:    Redeclaring math symbol \Psi on input line 146.
LaTeX Font Info:    Redeclaring math symbol \Omega on input line 146.
LaTeX Font Info:    Redeclaring math symbol \mathdollar on input line 146.
LaTeX Font Info:    Redeclaring symbol font `operators' on input line 146.
LaTeX Font Info:    Encoding `OT1' has changed to `TU' for symbol font
(Font)              `operators' in the math version `normal' on input line 146.
LaTeX Font Info:    Overwriting symbol font `operators' in version `normal'
(Font)                  OT1/cmr/m/n --> TU/lmr/m/n on input line 146.
LaTeX Font Info:    Encoding `OT1' has changed to `TU' for symbol font
(Font)              `operators' in the math version `bold' on input line 146.
LaTeX Font Info:    Overwriting symbol font `operators' in version `bold'
(Font)                  OT1/cmr/bx/n --> TU/lmr/m/n on input line 146.
LaTeX Font Info:    Overwriting symbol font `operators' in version `normal'
(Font)                  TU/lmr/m/n --> TU/lmr/m/n on input line 146.
LaTeX Font Info:    Overwriting math alphabet `\mathit' in version `normal'
(Font)                  OT1/cmr/m/it --> TU/lmr/m/it on input line 146.
LaTeX Font Info:    Overwriting math alphabet `\mathbf' in version `normal'
(Font)                  OT1/cmr/bx/n --> TU/lmr/b/n on input line 146.
LaTeX Font Info:    Overwriting math alphabet `\mathsf' in version `normal'
(Font)                  OT1/cmss/m/n --> TU/lmss/m/n on input line 146.
LaTeX Font Info:    Overwriting math alphabet `\mathtt' in version `normal'
(Font)                  OT1/cmtt/m/n --> TU/lmtt/m/n on input line 146.
LaTeX Font Info:    Overwriting symbol font `operators' in version `bold'
(Font)                  TU/lmr/m/n --> TU/lmr/b/n on input line 146.
LaTeX Font Info:    Overwriting math alphabet `\mathit' in version `bold'
(Font)                  OT1/cmr/bx/it --> TU/lmr/b/it on input line 146.
LaTeX Font Info:    Overwriting math alphabet `\mathsf' in version `bold'
(Font)                  OT1/cmss/bx/n --> TU/lmss/b/n on input line 146.
LaTeX Font Info:    Overwriting math alphabet `\mathtt' in version `bold'
(Font)                  OT1/cmtt/m/n --> TU/lmtt/b/n on input line 146.
Package hyperref Info: Link coloring ON on input line 146.
 (./动力系统笔记b5.out) (./动力系统笔记b5.out)
\@outlinefile=\write4
\openout4 = `动力系统笔记b5.out'.


*geometry* driver: auto-detecting
*geometry* detected driver: xetex
*geometry* verbose mode - [ preamble ] result:
* driver: xetex
* paper: b5paper
* layout: <same size as paper>
* layoutoffset:(h,v)=(0.0pt,0.0pt)
* modes: twoside 
* h-part:(L,W,R)=(65.44142pt, 378.42157pt, 56.9055pt)
* v-part:(T,H,B)=(71.13188pt, 588.97197pt, 51.21504pt)
* \paperwidth=500.7685pt
* \paperheight=711.3189pt
* \textwidth=378.42157pt
* \textheight=588.97197pt
* \oddsidemargin=-6.82857pt
* \evensidemargin=-15.36449pt
* \topmargin=-31.2056pt
* \headheight=12.0pt
* \headsep=18.06749pt
* \topskip=10.0pt
* \footskip=25.29494pt
* \marginparwidth=57.0pt
* \marginparsep=7.0pt
* \columnsep=10.0pt
* \skip\footins=9.0pt plus 4.0pt minus 2.0pt
* \hoffset=0.0pt
* \voffset=0.0pt
* \mag=1000
* \@twocolumnfalse
* \@twosidetrue
* \@mparswitchtrue
* \@reversemarginfalse
* (1in=72.27pt=25.4mm, 1cm=28.453pt)

Package caption Info: Begin \AtBeginDocument code.
Package caption Info: End \AtBeginDocument code.
\c__nicematrix_shift_Ldots_last_row_dim=\dimen403
\c__nicematrix_innersep_middle_dim=\dimen404
\c@tabularnotesi=\count460
\enitdp@tabularnotes=\count461
\c@tabularnotes*i=\count462
\enitdp@tabularnotes*=\count463

Package fontspec Info: 
(fontspec)             Could not resolve font "Microsoft YaHei Bold/I" (it
(fontspec)             probably doesn't exist).


Package fontspec Info: 
(fontspec)             Could not resolve font "Microsoft YaHei/I" (it probably
(fontspec)             doesn't exist).


Package fontspec Info: 
(fontspec)             Font family 'MicrosoftYaHei(0)' created for font
(fontspec)             'Microsoft YaHei' with options
(fontspec)             [Script={CJK},BoldFont={* Bold}].
(fontspec)              
(fontspec)              This font family consists of the following NFSS
(fontspec)             series/shapes:
(fontspec)              
(fontspec)             - 'normal' (m/n) with NFSS spec.: <->"Microsoft
(fontspec)             YaHei/OT:script=hani;language=dflt;"
(fontspec)             - 'bold' (b/n) with NFSS spec.: <->"Microsoft YaHei
(fontspec)             Bold/OT:script=hani;language=dflt;"
(fontspec)             - 'bold italic' (b/it) with NFSS spec.: <->"Microsoft
(fontspec)             YaHei/BI/OT:script=hani;language=dflt;"

LaTeX Font Info:    Calculating math sizes for size <14> on input line 168.
LaTeX Font Info:    Trying to load font information for U+msa on input line 168.
(f:/texlive/2025/texmf-dist/tex/latex/amsfonts/umsa.fd
File: umsa.fd 2013/01/14 v3.01 AMS symbols A
)
LaTeX Font Info:    Trying to load font information for U+msb on input line 168.
 (f:/texlive/2025/texmf-dist/tex/latex/amsfonts/umsb.fd
File: umsb.fd 2013/01/14 v3.01 AMS symbols B
)
LaTeX Font Info:    Trying to load font information for U+esvect on input line 168.
 (f:/texlive/2025/texmf-dist/tex/latex/esvect/uesvect.fd
File: uesvect.fd 
)
LaTeX Font Info:    Trying to load font information for OMX+mdugm on input line 168.
 (f:/texlive/2025/texmf-dist/tex/latex/mathdesign/mdugm/omxmdugm.fd
File: omxmdugm.fd 2013/08/29 Fontinst v1.933 font definitions for OMX/mdugm.
)
LaTeX Font Info:    Calculating math sizes for size <13> on input line 173.


LaTeX Font Warning: Font shape `U/esvect/m/n' in size <13> not available
(Font)              size <12> substituted on input line 173.


LaTeX Font Warning: Font shape `U/esvect/m/n' in size <6.5> not available
(Font)              size <6> substituted on input line 173.

LaTeX Font Info:    Calculating math sizes for size <11> on input line 174.

LaTeX Font Warning: Font shape `U/esvect/m/n' in size <5.5> not available
(Font)              size <5> substituted on input line 174.



[1


]

Package fontspec Info: 
(fontspec)             Could not resolve font "SimHei/I" (it probably doesn't
(fontspec)             exist).


Package fontspec Info: 
(fontspec)             Could not resolve font "SimHei/BI" (it probably doesn't
(fontspec)             exist).


Package fontspec Info: 
(fontspec)             Could not resolve font "SimHei/I" (it probably doesn't
(fontspec)             exist).


Package fontspec Info: 
(fontspec)             Font family 'SimHei(0)' created for font 'SimHei' with
(fontspec)             options [Script={CJK},AutoFakeBold={3}].
(fontspec)              
(fontspec)              This font family consists of the following NFSS
(fontspec)             series/shapes:
(fontspec)              
(fontspec)             - 'normal' (m/n) with NFSS spec.:
(fontspec)             <->"SimHei/OT:script=hani;language=dflt;"
(fontspec)             - 'bold' (b/n) with NFSS spec.:
(fontspec)             <->"SimHei/OT:script=hani;language=dflt;embolden=3;"

 (./动力系统笔记b5.toc

[1



])
\tf@toc=\write5
\openout5 = `动力系统笔记b5.toc'.




Package fontspec Info: 
(fontspec)             Could not resolve font "SimHei/I" (it probably doesn't
(fontspec)             exist).


Package fontspec Info: 
(fontspec)             Could not resolve font "SimHei/BI" (it probably doesn't
(fontspec)             exist).


Package fontspec Info: 
(fontspec)             Could not resolve font "SimHei/I" (it probably doesn't
(fontspec)             exist).


Package fontspec Info: 
(fontspec)             Font family 'SimHei(1)' created for font 'SimHei' with
(fontspec)             options [Script={CJK},AutoFakeBold={2.5}].
(fontspec)              
(fontspec)              This font family consists of the following NFSS
(fontspec)             series/shapes:
(fontspec)              
(fontspec)             - 'normal' (m/n) with NFSS spec.:
(fontspec)             <->"SimHei/OT:script=hani;language=dflt;"
(fontspec)             - 'bold' (b/n) with NFSS spec.:
(fontspec)             <->"SimHei/OT:script=hani;language=dflt;embolden=2.5;"


Package fancyhdr Warning: \headheight is too small (12.0pt): 
(fancyhdr)                Make it at least 12.34525pt, for example:
(fancyhdr)                \setlength{\headheight}{12.34525pt}.
(fancyhdr)                You might also make \topmargin smaller:
(fancyhdr)                \addtolength{\topmargin}{-0.34525pt}.

[2] (./预备知识.tex
1

Package fontspec Info: 
(fontspec)             Could not resolve font "KaiTi/I" (it probably doesn't
(fontspec)             exist).


Package fontspec Info: 
(fontspec)             Could not resolve font "KaiTi/BI" (it probably doesn't
(fontspec)             exist).


Package fontspec Info: 
(fontspec)             Could not resolve font "KaiTi/I" (it probably doesn't
(fontspec)             exist).


Package fontspec Info: 
(fontspec)             Font family 'KaiTi(0)' created for font 'KaiTi' with
(fontspec)             options [Script={CJK},AutoFakeBold={2.5}].
(fontspec)              
(fontspec)              This font family consists of the following NFSS
(fontspec)             series/shapes:
(fontspec)              
(fontspec)             - 'normal' (m/n) with NFSS spec.:
(fontspec)             <->"KaiTi/OT:script=hani;language=dflt;"
(fontspec)             - 'bold' (b/n) with NFSS spec.:
(fontspec)             <->"KaiTi/OT:script=hani;language=dflt;embolden=2.5;"


Package fontspec Info: 
(fontspec)             Could not resolve font "FangSong/I" (it probably
(fontspec)             doesn't exist).


Package fontspec Info: 
(fontspec)             Could not resolve font "FangSong/BI" (it probably
(fontspec)             doesn't exist).


Package fontspec Info: 
(fontspec)             Could not resolve font "FangSong/I" (it probably
(fontspec)             doesn't exist).


Package fontspec Info: 
(fontspec)             Font family 'FangSong(0)' created for font 'FangSong'
(fontspec)             with options [Script={CJK},AutoFakeBold={5}].
(fontspec)              
(fontspec)              This font family consists of the following NFSS
(fontspec)             series/shapes:
(fontspec)              
(fontspec)             - 'normal' (m/n) with NFSS spec.:
(fontspec)             <->"FangSong/OT:script=hani;language=dflt;"
(fontspec)             - 'bold' (b/n) with NFSS spec.:
(fontspec)             <->"FangSong/OT:script=hani;language=dflt;embolden=5;"



[1




]


Package fancyhdr Warning: \headheight is too small (12.0pt): 
(fancyhdr)                Make it at least 12.34525pt, for example:
(fancyhdr)                \setlength{\headheight}{12.34525pt}.
(fancyhdr)                You might also make \topmargin smaller:
(fancyhdr)                \addtolength{\topmargin}{-0.34525pt}.

[2]


Package fancyhdr Warning: \headheight is too small (12.0pt): 
(fancyhdr)                Make it at least 12.34525pt, for example:
(fancyhdr)                \setlength{\headheight}{12.34525pt}.
(fancyhdr)                You might also make \topmargin smaller:
(fancyhdr)                \addtolength{\topmargin}{-0.34525pt}.

[3]


Package fancyhdr Warning: \headheight is too small (12.0pt): 
(fancyhdr)                Make it at least 12.34525pt, for example:
(fancyhdr)                \setlength{\headheight}{12.34525pt}.
(fancyhdr)                You might also make \topmargin smaller:
(fancyhdr)                \addtolength{\topmargin}{-0.34525pt}.

[4]
Missing character: There is no 两 (U+4E24) in font [lmroman10-regular]:mapping=tex-text;!
Missing character: There is no 两 (U+4E24) in font [lmroman10-regular]:mapping=tex-text;!
Missing character: There is no 不 (U+4E0D) in font [lmroman10-regular]:mapping=tex-text;!
Missing character: There is no 交 (U+4EA4) in font [lmroman10-regular]:mapping=tex-text;!



Package fancyhdr Warning: \headheight is too small (12.0pt): 
(fancyhdr)                Make it at least 12.34525pt, for example:
(fancyhdr)                \setlength{\headheight}{12.34525pt}.
(fancyhdr)                You might also make \topmargin smaller:
(fancyhdr)                \addtolength{\topmargin}{-0.34525pt}.

[5]


Package fancyhdr Warning: \headheight is too small (12.0pt): 
(fancyhdr)                Make it at least 12.34525pt, for example:
(fancyhdr)                \setlength{\headheight}{12.34525pt}.
(fancyhdr)                You might also make \topmargin smaller:
(fancyhdr)                \addtolength{\topmargin}{-0.34525pt}.

[6]


Package fancyhdr Warning: \headheight is too small (12.0pt): 
(fancyhdr)                Make it at least 12.34525pt, for example:
(fancyhdr)                \setlength{\headheight}{12.34525pt}.
(fancyhdr)                You might also make \topmargin smaller:
(fancyhdr)                \addtolength{\topmargin}{-0.34525pt}.

[7]


Package fancyhdr Warning: \headheight is too small (12.0pt): 
(fancyhdr)                Make it at least 12.34525pt, for example:
(fancyhdr)                \setlength{\headheight}{12.34525pt}.
(fancyhdr)                You might also make \topmargin smaller:
(fancyhdr)                \addtolength{\topmargin}{-0.34525pt}.

[8]
Overfull \hbox (44.349pt too wide) detected at line 388
[]
 []




Package fancyhdr Warning: \headheight is too small (12.0pt): 
(fancyhdr)                Make it at least 12.34525pt, for example:
(fancyhdr)                \setlength{\headheight}{12.34525pt}.
(fancyhdr)                You might also make \topmargin smaller:
(fancyhdr)                \addtolength{\topmargin}{-0.34525pt}.

[9]


Package fancyhdr Warning: \headheight is too small (12.0pt): 
(fancyhdr)                Make it at least 12.34525pt, for example:
(fancyhdr)                \setlength{\headheight}{12.34525pt}.
(fancyhdr)                You might also make \topmargin smaller:
(fancyhdr)                \addtolength{\topmargin}{-0.34525pt}.

[10]


Package fancyhdr Warning: \headheight is too small (12.0pt): 
(fancyhdr)                Make it at least 12.34525pt, for example:
(fancyhdr)                \setlength{\headheight}{12.34525pt}.
(fancyhdr)                You might also make \topmargin smaller:
(fancyhdr)                \addtolength{\topmargin}{-0.34525pt}.

[11]


Package fancyhdr Warning: \headheight is too small (12.0pt): 
(fancyhdr)                Make it at least 12.34525pt, for example:
(fancyhdr)                \setlength{\headheight}{12.34525pt}.
(fancyhdr)                You might also make \topmargin smaller:
(fancyhdr)                \addtolength{\topmargin}{-0.34525pt}.

[12]


Package fancyhdr Warning: \headheight is too small (12.0pt): 
(fancyhdr)                Make it at least 12.34525pt, for example:
(fancyhdr)                \setlength{\headheight}{12.34525pt}.
(fancyhdr)                You might also make \topmargin smaller:
(fancyhdr)                \addtolength{\topmargin}{-0.34525pt}.

[13]) (./遍历理论.tex


Package fancyhdr Warning: \headheight is too small (12.0pt): 
(fancyhdr)                Make it at least 12.34525pt, for example:
(fancyhdr)                \setlength{\headheight}{12.34525pt}.
(fancyhdr)                You might also make \topmargin smaller:
(fancyhdr)                \addtolength{\topmargin}{-0.34525pt}.

[14]
2

Overfull \hbox (19.43364pt too wide) in paragraph at lines 15--33
 [][] 
 []


Overfull \hbox (15.61008pt too wide) in paragraph at lines 36--41
[]$[][]$ 
 []



[15

]
File: fig/2.1.png Graphic file (type bmp)
<fig/2.1.png>


Package caption Warning: The option `hypcap=true' will be ignored for this
(caption)                particular \caption on input line 89.
See the caption package documentation for explanation.




Package fancyhdr Warning: \headheight is too small (12.0pt): 
(fancyhdr)                Make it at least 12.34525pt, for example:
(fancyhdr)                \setlength{\headheight}{12.34525pt}.
(fancyhdr)                You might also make \topmargin smaller:
(fancyhdr)                \addtolength{\topmargin}{-0.34525pt}.

[16]


Package fancyhdr Warning: \headheight is too small (12.0pt): 
(fancyhdr)                Make it at least 12.34525pt, for example:
(fancyhdr)                \setlength{\headheight}{12.34525pt}.
(fancyhdr)                You might also make \topmargin smaller:
(fancyhdr)                \addtolength{\topmargin}{-0.34525pt}.

[17]


Package fancyhdr Warning: \headheight is too small (12.0pt): 
(fancyhdr)                Make it at least 12.34525pt, for example:
(fancyhdr)                \setlength{\headheight}{12.34525pt}.
(fancyhdr)                You might also make \topmargin smaller:
(fancyhdr)                \addtolength{\topmargin}{-0.34525pt}.

[18]


Package fancyhdr Warning: \headheight is too small (12.0pt): 
(fancyhdr)                Make it at least 12.34525pt, for example:
(fancyhdr)                \setlength{\headheight}{12.34525pt}.
(fancyhdr)                You might also make \topmargin smaller:
(fancyhdr)                \addtolength{\topmargin}{-0.34525pt}.

[19]


Package fancyhdr Warning: \headheight is too small (12.0pt): 
(fancyhdr)                Make it at least 12.34525pt, for example:
(fancyhdr)                \setlength{\headheight}{12.34525pt}.
(fancyhdr)                You might also make \topmargin smaller:
(fancyhdr)                \addtolength{\topmargin}{-0.34525pt}.

[20]
File: fig/2.2.png Graphic file (type bmp)
<fig/2.2.png>


Package caption Warning: The option `hypcap=true' will be ignored for this
(caption)                particular \caption on input line 226.
See the caption package documentation for explanation.

File: fig/2.3.png Graphic file (type bmp)
<fig/2.3.png>

Package caption Warning: The option `hypcap=true' will be ignored for this
(caption)                particular \caption on input line 244.
See the caption package documentation for explanation.


Overfull \hbox (0.7277pt too wide) in paragraph at lines 230--247
[][] [] 
 []


Overfull \hbox (20.74118pt too wide) detected at line 258
[]
 []

File: fig/2.4.png Graphic file (type bmp)
<fig/2.4.png>

Package caption Warning: The option `hypcap=true' will be ignored for this
(caption)                particular \caption on input line 264.
See the caption package documentation for explanation.


Overfull \hbox (21.47466pt too wide) in paragraph at lines 247--269
[][] []
 []




Package fancyhdr Warning: \headheight is too small (12.0pt): 
(fancyhdr)                Make it at least 12.34525pt, for example:
(fancyhdr)                \setlength{\headheight}{12.34525pt}.
(fancyhdr)                You might also make \topmargin smaller:
(fancyhdr)                \addtolength{\topmargin}{-0.34525pt}.

[21]
Overfull \hbox (6.07208pt too wide) detected at line 278
[]
 []




Package fancyhdr Warning: \headheight is too small (12.0pt): 
(fancyhdr)                Make it at least 12.34525pt, for example:
(fancyhdr)                \setlength{\headheight}{12.34525pt}.
(fancyhdr)                You might also make \topmargin smaller:
(fancyhdr)                \addtolength{\topmargin}{-0.34525pt}.

[22]


Package fancyhdr Warning: \headheight is too small (12.0pt): 
(fancyhdr)                Make it at least 12.34525pt, for example:
(fancyhdr)                \setlength{\headheight}{12.34525pt}.
(fancyhdr)                You might also make \topmargin smaller:
(fancyhdr)                \addtolength{\topmargin}{-0.34525pt}.

[23]


Package fancyhdr Warning: \headheight is too small (12.0pt): 
(fancyhdr)                Make it at least 12.34525pt, for example:
(fancyhdr)                \setlength{\headheight}{12.34525pt}.
(fancyhdr)                You might also make \topmargin smaller:
(fancyhdr)                \addtolength{\topmargin}{-0.34525pt}.

[24]


Package fancyhdr Warning: \headheight is too small (12.0pt): 
(fancyhdr)                Make it at least 12.34525pt, for example:
(fancyhdr)                \setlength{\headheight}{12.34525pt}.
(fancyhdr)                You might also make \topmargin smaller:
(fancyhdr)                \addtolength{\topmargin}{-0.34525pt}.

[25]
File: fig/2.5.png Graphic file (type bmp)
<fig/2.5.png>
File: fig/2.6.png Graphic file (type bmp)
<fig/2.6.png>


Package caption Warning: The option `hypcap=true' will be ignored for this
(caption)                particular \caption on input line 445.
See the caption package documentation for explanation.




Package fancyhdr Warning: \headheight is too small (12.0pt): 
(fancyhdr)                Make it at least 12.34525pt, for example:
(fancyhdr)                \setlength{\headheight}{12.34525pt}.
(fancyhdr)                You might also make \topmargin smaller:
(fancyhdr)                \addtolength{\topmargin}{-0.34525pt}.

[26]
Overfull \hbox (15.7053pt too wide) in paragraph at lines 465--465
[]$\OML/cmm/m/it/10 f \OMS/cmsy/m/n/10 ^^N \OML/cmm/m/it/10 R[]\OT1/cmr/m/n/10 (\OML/cmm/m/it/10 x\OT1/cmr/m/n/10 ) = [] [] = [] []$\TU/SimSun(0)/m/n/10 ，|  且 $\OML/cmm/m/it/10 f \OMS/cmsy/m/n/10 ^^N \OML/cmm/m/it/10 R[]\OT1/cmr/m/n/10 (\OML/cmm/m/it/10 x\OT1/cmr/m/n/10 ) \OMS/cmsy/m/n/10 2 \OML/cmm/m/it/10 L[]\OT1/cmr/m/n/10 (\OML/cmm/m/it/10 X; \OMS/cmsy/m/n/10 B[]\OML/cmm/m/it/10 ; m[]\OT1/cmr/m/n/10 )$\TU/lmr/m/n/10 . 
 []




Package fancyhdr Warning: \headheight is too small (12.0pt): 
(fancyhdr)                Make it at least 12.34525pt, for example:
(fancyhdr)                \setlength{\headheight}{12.34525pt}.
(fancyhdr)                You might also make \topmargin smaller:
(fancyhdr)                \addtolength{\topmargin}{-0.34525pt}.

[27]
Overfull \hbox (9.49835pt too wide) in paragraph at lines 473--473
\TU/SimSun(0)/m/n/10 为 \TU/lmr/m/n/10 Bernoulli \TU/SimSun(0)/m/n/10 转 移，| $\OML/cmm/m/it/10 Y [] Y \OT1/cmr/m/n/10 ([]  \OML/cmm/m/it/10 ; x[]; x[]; x[]; x[]; x[]; [] \OT1/cmr/m/n/10 ) \OMS/cmsy/m/n/10 ! \OT1/cmr/m/n/10 ([]  \OML/cmm/m/it/10 ; x[]; x[]; x[]; x[]; x[]; [] \OT1/cmr/m/n/10 )$
 []


Overfull \hbox (30.31006pt too wide) detected at line 485
[]
 []




Package fancyhdr Warning: \headheight is too small (12.0pt): 
(fancyhdr)                Make it at least 12.34525pt, for example:
(fancyhdr)                \setlength{\headheight}{12.34525pt}.
(fancyhdr)                You might also make \topmargin smaller:
(fancyhdr)                \addtolength{\topmargin}{-0.34525pt}.

[28]


Package fancyhdr Warning: \headheight is too small (12.0pt): 
(fancyhdr)                Make it at least 12.34525pt, for example:
(fancyhdr)                \setlength{\headheight}{12.34525pt}.
(fancyhdr)                You might also make \topmargin smaller:
(fancyhdr)                \addtolength{\topmargin}{-0.34525pt}.

[29]

LaTeX Warning: Reference `lem:2.1' on page 1 undefined on input line 542.




Package fancyhdr Warning: \headheight is too small (12.0pt): 
(fancyhdr)                Make it at least 12.34525pt, for example:
(fancyhdr)                \setlength{\headheight}{12.34525pt}.
(fancyhdr)                You might also make \topmargin smaller:
(fancyhdr)                \addtolength{\topmargin}{-0.34525pt}.

[30]
Overfull \hbox (67.72205pt too wide) in paragraph at lines 568--568
[]$\OML/cmm/m/it/10 E[] \OT1/cmr/m/n/10 = [] = []$\TU/lmr/m/n/10 . 
 []


Overfull \hbox (32.08449pt too wide) in paragraph at lines 579--579
[]\TU/FangSong(0)/m/n/10 又 $\OML/cmm/m/it/10 E[] \OT1/cmr/m/n/10 = [] = []$\TU/lmr/m/n/10 . 
 []


Overfull \hbox (2.1423pt too wide) in paragraph at lines 585--585
[]\TU/FangSong(0)/m/n/10 由 \TU/lmr/m/n/10 Fatou \TU/FangSong(0)/m/n/10 引 理 可 知 $[][] [] []  []\OML/cmm/m/it/10 m \U/msa/m/n/10 6 [] [] []  []\OML/cmm/m/it/10 m$\TU/lmr/m/n/10 . 
 []




Package fancyhdr Warning: \headheight is too small (12.0pt): 
(fancyhdr)                Make it at least 12.34525pt, for example:
(fancyhdr)                \setlength{\headheight}{12.34525pt}.
(fancyhdr)                You might also make \topmargin smaller:
(fancyhdr)                \addtolength{\topmargin}{-0.34525pt}.

[31]


Package fancyhdr Warning: \headheight is too small (12.0pt): 
(fancyhdr)                Make it at least 12.34525pt, for example:
(fancyhdr)                \setlength{\headheight}{12.34525pt}.
(fancyhdr)                You might also make \topmargin smaller:
(fancyhdr)                \addtolength{\topmargin}{-0.34525pt}.

[32]


Package fancyhdr Warning: \headheight is too small (12.0pt): 
(fancyhdr)                Make it at least 12.34525pt, for example:
(fancyhdr)                \setlength{\headheight}{12.34525pt}.
(fancyhdr)                You might also make \topmargin smaller:
(fancyhdr)                \addtolength{\topmargin}{-0.34525pt}.

[33]
Underfull \hbox (badness 10000) in paragraph at lines 651--668
[]\TU/KaiTi(0)/m/n/10 连 分 数 分 子 分 母 的 递 推 关 系 $[] [] [] [] \OT1/cmr/m/n/10 =
 []


Overfull \hbox (15.18524pt too wide) in paragraph at lines 730--748
[]\TU/FangSong(0)/m/n/10 那 么 $[] [] [] [] \OT1/cmr/m/n/10 = [] [] = []$\TU/lmr/m/n/10 . 
 []




Package fancyhdr Warning: \headheight is too small (12.0pt): 
(fancyhdr)                Make it at least 12.34525pt, for example:
(fancyhdr)                \setlength{\headheight}{12.34525pt}.
(fancyhdr)                You might also make \topmargin smaller:
(fancyhdr)                \addtolength{\topmargin}{-0.34525pt}.

[34]
Overfull \hbox (47.24338pt too wide) in paragraph at lines 803--804
[]$\OML/cmm/m/it/10 a[]\OT1/cmr/m/n/10 (\OML/cmm/m/it/10 x\OT1/cmr/m/n/10 )\OML/cmm/m/it/10 ; a[]\OT1/cmr/m/n/10 (\OML/cmm/m/it/10 x\OT1/cmr/m/n/10 )\OML/cmm/m/it/10 ; [] $ \TU/SimSun(0)/m/n/10 定 义 了 一 个 连 分 数 $\OT1/cmr/m/n/10 [\OML/cmm/m/it/10 a[]\OT1/cmr/m/n/10 (\OML/cmm/m/it/10 x\OT1/cmr/m/n/10 ); \OML/cmm/m/it/10 a[]\OT1/cmr/m/n/10 (\OML/cmm/m/it/10 x\OT1/cmr/m/n/10 )\OML/cmm/m/it/10 ; a[]\OT1/cmr/m/n/10 (\OML/cmm/m/it/10 x\OT1/cmr/m/n/10 )\OML/cmm/m/it/10 ; [] \OT1/cmr/m/n/10 ]\OML/cmm/m/it/10 ; [] \OT1/cmr/m/n/10 = [\OML/cmm/m/it/10 a[]\OT1/cmr/m/n/10 (\OML/cmm/m/it/10 x\OT1/cmr/m/n/10 ); \OML/cmm/m/it/10 a[]\OT1/cmr/m/n/10 (\OML/cmm/m/it/10 x\OT1/cmr/m/n/10 )\OML/cmm/m/it/10 ; [] a[]\OT1/cmr/m/n/10 (\OML/cmm/m/it/10 x\OT1/cmr/m/n/10 )]$\TU/lmr/m/n/10 . 
 []




Package fancyhdr Warning: \headheight is too small (12.0pt): 
(fancyhdr)                Make it at least 12.34525pt, for example:
(fancyhdr)                \setlength{\headheight}{12.34525pt}.
(fancyhdr)                You might also make \topmargin smaller:
(fancyhdr)                \addtolength{\topmargin}{-0.34525pt}.

[35]


Package fancyhdr Warning: \headheight is too small (12.0pt): 
(fancyhdr)                Make it at least 12.34525pt, for example:
(fancyhdr)                \setlength{\headheight}{12.34525pt}.
(fancyhdr)                You might also make \topmargin smaller:
(fancyhdr)                \addtolength{\topmargin}{-0.34525pt}.

[36]
Overfull \hbox (4.27928pt too wide) in paragraph at lines 844--856
[]$\OMS/cmsy/m/n/10 ) [] [] [] [] \OT1/cmr/m/n/10 = []$ 
 []


Overfull \hbox (75.90787pt too wide) in paragraph at lines 857--872
[]$\OMS/cmsy/m/n/10 , [] [] [] [] [] \OT1/cmr/m/n/10 = []$ 
 []


Overfull \hbox (4.29442pt too wide) in paragraph at lines 873--885
[]$\OMS/cmsy/m/n/10 ) [] [] [] \OT1/cmr/m/n/10 = []$ 
 []


Overfull \hbox (13.51843pt too wide) in paragraph at lines 917--917
[]\TU/FangSong(0)/m/n/10 设 $\OML/cmm/m/it/10 I \OT1/cmr/m/n/10 = (\OML/cmm/m/it/10 c; d\OT1/cmr/m/n/10 ) \OMS/cmsy/m/n/10 ^^Z \OT1/cmr/m/n/10 (0\OML/cmm/m/it/10 ; \OT1/cmr/m/n/10 1)$ \TU/FangSong(0)/m/n/10 是 $\OT1/cmr/m/n/10 (0\OML/cmm/m/it/10 ; \OT1/cmr/m/n/10 1)$ \TU/FangSong(0)/m/n/10 的 一 个 子 区 间，|  现 在 计 算 $\OML/cmm/m/it/10 m[] []$\TU/lmr/m/n/10 . 
 []


Overfull \hbox (14.62411pt too wide) in paragraph at lines 921--921
[]\TU/FangSong(0)/m/n/10 因 为 $\OML/cmm/m/it/10 T[]x \OMS/cmsy/m/n/10 2 \OT1/cmr/m/n/10 (\OML/cmm/m/it/10 c; d\OT1/cmr/m/n/10 )$\TU/FangSong(0)/m/n/10 ，|  所 以 $\OML/cmm/m/it/10 x \OT1/cmr/m/n/10 = []$ \TU/FangSong(0)/m/n/10 介 于 $[]$ 与 $[]$
 []




Package fancyhdr Warning: \headheight is too small (12.0pt): 
(fancyhdr)                Make it at least 12.34525pt, for example:
(fancyhdr)                \setlength{\headheight}{12.34525pt}.
(fancyhdr)                You might also make \topmargin smaller:
(fancyhdr)                \addtolength{\topmargin}{-0.34525pt}.

[37]
Overfull \hbox (68.4543pt too wide) in paragraph at lines 924--930
$[][]$ 
 []


Overfull \hbox (47.76698pt too wide) in paragraph at lines 932--932
[] $\OMS/cmsy/m/n/10 ) []\OML/cmm/m/it/10 m[]\OT1/cmr/m/n/10 (\OML/cmm/m/it/10 I\OT1/cmr/m/n/10 )\OML/cmm/m/it/10 m[]\OT1/cmr/m/n/10 (\OML/cmm/m/it/10 I\OT1/cmr/m/n/10 (\OML/cmm/m/it/10 b[]; []  ; b[]\OT1/cmr/m/n/10 )) \U/msa/m/n/10 6 \OML/cmm/m/it/10 m[] [] \U/msa/m/n/10 6 \OT1/cmr/m/n/10 2\OML/cmm/m/it/10 m[]\OT1/cmr/m/n/10 (\OML/cmm/m/it/10 I\OT1/cmr/m/n/10 )\OML/cmm/m/it/10 m[]\OT1/cmr/m/n/10 (\OML/cmm/m/it/10 I\OT1/cmr/m/n/10 (\OML/cmm/m/it/10 b[] []  ; b[]\OT1/cmr/m/n/10 ))$\TU/lmr/m/n/10 . 
 []


Overfull \hbox (11.62025pt too wide) in paragraph at lines 935--935
[]\TU/FangSong(0)/m/n/10 故 $\OML/cmm/m/it/10 m$ \TU/FangSong(0)/m/n/10 绝 对 连 续 于 $\OML/cmm/m/it/10 m[]$\TU/FangSong(0)/m/n/10 ，|  且 存 在 绝 对 常 数 $\OT1/cmr/m/n/10 0 \OML/cmm/m/it/10 < c[] < c[]$\TU/FangSong(0)/m/n/10 ，| $[] \OMS/cmsy/m/n/10 8 \OML/cmm/m/it/10 I \OMS/cmsy/m/n/10 ^^Z \OT1/cmr/m/n/10 (0\OML/cmm/m/it/10 ; \OT1/cmr/m/n/10 1)$\TU/FangSong(0)/m/n/10 ，| $\OMS/cmsy/m/n/10 8 \OML/cmm/m/it/10 b[]; b[]; [] b[] \OMS/cmsy/m/n/10 2
 []


Overfull \hbox (71.20015pt too wide) in paragraph at lines 935--935
\U/msb/m/n/10 N[]$\TU/FangSong(0)/m/n/10 ，|  都 有 $\OML/cmm/m/it/10 c[]m\OT1/cmr/m/n/10 (\OML/cmm/m/it/10 I\OT1/cmr/m/n/10 )\OML/cmm/m/it/10 m\OT1/cmr/m/n/10 (\OML/cmm/m/it/10 I\OT1/cmr/m/n/10 (\OML/cmm/m/it/10 b[]; b[]; []  ; b[]\OT1/cmr/m/n/10 )) \U/msa/m/n/10 6 \OML/cmm/m/it/10 m [] \U/msa/m/n/10 6 \OML/cmm/m/it/10 c[]m\OT1/cmr/m/n/10 (\OML/cmm/m/it/10 I\OT1/cmr/m/n/10 )\OML/cmm/m/it/10 m\OT1/cmr/m/n/10 (\OML/cmm/m/it/10 I\OT1/cmr/m/n/10 (\OML/cmm/m/it/10 b[]; b[]; []  ; b[]\OT1/cmr/m/n/10 ))$\TU/lmr/m/n/10 . 
 []


Overfull \hbox (78.14189pt too wide) in paragraph at lines 937--937
[]\TU/FangSong(0)/m/n/10 令 $\OMS/cmsy/m/n/10 F \OT1/cmr/m/n/10 = []$\TU/lmr/m/n/10 . 
 []

Missing character: There is no 有 (U+6709) in font [lmroman10-regular]:mapping=tex-text;!

Overfull \hbox (46.22238pt too wide) in paragraph at lines 940--940
[]\TU/FangSong(0)/m/n/10 令 $\OML/cmm/m/it/10 E \OT1/cmr/m/n/10 = \OML/cmm/m/it/10 A$\TU/FangSong(0)/m/n/10 ，| $[]\OML/cmm/m/it/10 c[]m\OT1/cmr/m/n/10 (\OML/cmm/m/it/10 A\OT1/cmr/m/n/10 )\OML/cmm/m/it/10 m\OT1/cmr/m/n/10 (\OML/cmm/m/it/10 I\OT1/cmr/m/n/10 (\OML/cmm/m/it/10 b[]; []  ; b[]\OT1/cmr/m/n/10 )) \U/msa/m/n/10 6 \OML/cmm/m/it/10 m [] \U/msa/m/n/10 6 \OML/cmm/m/it/10 c[]m\OT1/cmr/m/n/10 (\OML/cmm/m/it/10 A\OT1/cmr/m/n/10 )\OML/cmm/m/it/10 m\OT1/cmr/m/n/10 (\OML/cmm/m/it/10 I\OT1/cmr/m/n/10 (\OML/cmm/m/it/10 b[]; []  ; b[]\OT1/cmr/m/n/10 ))$\TU/lmr/m/n/10 . 
 []


Overfull \hbox (33.38354pt too wide) in paragraph at lines 941--941
[]\TU/FangSong(0)/m/n/10 其 中 $\OML/cmm/m/it/10 I\OT1/cmr/m/n/10 (\OML/cmm/m/it/10 b[]; b[]; []  ; b[]\OT1/cmr/m/n/10 ) = []$ \TU/FangSong(0)/m/n/10 且 $\OML/cmm/m/it/10 m\OT1/cmr/m/n/10 (\OML/cmm/m/it/10 I\OT1/cmr/m/n/10 (\OML/cmm/m/it/10 b[]; []  ; b[]\OT1/cmr/m/n/10 )) =
 []




Package fancyhdr Warning: \headheight is too small (12.0pt): 
(fancyhdr)                Make it at least 12.34525pt, for example:
(fancyhdr)                \setlength{\headheight}{12.34525pt}.
(fancyhdr)                You might also make \topmargin smaller:
(fancyhdr)                \addtolength{\topmargin}{-0.34525pt}.

[38]
Overfull \hbox (7.95172pt too wide) in paragraph at lines 956--961
[]\TU/SimSun(0)/m/n/10 所 以 $[][]$ 
 []




Package fancyhdr Warning: \headheight is too small (12.0pt): 
(fancyhdr)                Make it at least 12.34525pt, for example:
(fancyhdr)                \setlength{\headheight}{12.34525pt}.
(fancyhdr)                You might also make \topmargin smaller:
(fancyhdr)                \addtolength{\topmargin}{-0.34525pt}.

[39]
Overfull \hbox (9.78024pt too wide) detected at line 997
[]
 []




Package fancyhdr Warning: \headheight is too small (12.0pt): 
(fancyhdr)                Make it at least 12.34525pt, for example:
(fancyhdr)                \setlength{\headheight}{12.34525pt}.
(fancyhdr)                You might also make \topmargin smaller:
(fancyhdr)                \addtolength{\topmargin}{-0.34525pt}.

[40]
Overfull \hbox (32.62238pt too wide) in paragraph at lines 1016--1016
[]\TU/FangSong(0)/m/n/10 使 用 简 单 函 数 逼 近，| $\OML/cmm/m/it/10 '[]\OT1/cmr/m/n/10 (\OML/cmm/m/it/10 x\OT1/cmr/m/n/10 ) \OMS/cmsy/m/n/10 ! \OML/cmm/m/it/10 f\OT1/cmr/m/n/10 (\OML/cmm/m/it/10 x\OT1/cmr/m/n/10 )$\TU/FangSong(0)/m/n/10 ，|  可 得 $[][] [] []  []\OML/cmm/m/it/10 ^^V\OT1/cmr/m/n/10 (\OML/cmm/m/it/10 m\OT1/cmr/m/n/10 ) = [] [] =
 []


Overfull \hbox (46.02963pt too wide) in paragraph at lines 1022--1022
[]$\OMS/cmsy/m/n/10 8 \OML/cmm/m/it/10 ! \OMS/cmsy/m/n/10 2 \OT1/cmr/m/n/10 
\OML/cmm/m/it/10 ;  []\OT1/cmr/m/n/10 (\OML/cmm/m/it/10 !\OT1/cmr/m/n/10 ) = [] [] = [] [] = \OML/cmm/m/it/10 '[]\OT1/cmr/m/n/10 (\OML/cmm/m/it/10 X[]\OT1/cmr/m/n/10 (\OML/cmm/m/it/10 !\OT1/cmr/m/n/10 )\OML/cmm/m/it/10 ; \OT1/cmr/m/n/10 0\OML/cmm/m/it/10 ; [] \OT1/cmr/m/n/10 ) \OMS/cmsy/m/n/10 !
 []




Package fancyhdr Warning: \headheight is too small (12.0pt): 
(fancyhdr)                Make it at least 12.34525pt, for example:
(fancyhdr)                \setlength{\headheight}{12.34525pt}.
(fancyhdr)                You might also make \topmargin smaller:
(fancyhdr)                \addtolength{\topmargin}{-0.34525pt}.

[41]
Overfull \hbox (25.90999pt too wide) in paragraph at lines 1028--1033
[]$[][]$ 
 []


Underfull \hbox (badness 10000) in paragraph at lines 1045--1046
[]$\U/msb/m/n/10 R[] \OT1/cmr/m/n/10 = []$\TU/KaiTi(0)/m/n/10 ，| $\U/msb/m/n/10 Z[] \OT1/cmr/m/n/10 =
 []


Underfull \hbox (badness 1292) in paragraph at lines 1045--1046
[]$ \TU/KaiTi(0)/m/n/10 是 其 格 点 子 群，|  则 把 $\U/msb/m/n/10 Z[]$ \TU/KaiTi(0)/m/n/10 的 左 陪 集 构 成 的
 []

File: fig/2.7.png Graphic file (type bmp)
<fig/2.7.png>



Package fancyhdr Warning: \headheight is too small (12.0pt): 
(fancyhdr)                Make it at least 12.34525pt, for example:
(fancyhdr)                \setlength{\headheight}{12.34525pt}.
(fancyhdr)                You might also make \topmargin smaller:
(fancyhdr)                \addtolength{\topmargin}{-0.34525pt}.

[42]
File: fig/2.8.png Graphic file (type bmp)
<fig/2.8.png>

Underfull \hbox (badness 7116) in paragraph at lines 1065--1066
[]$\OMS/cmsy/m/n/10 8 \OML/cmm/m/it/10 x \OT1/cmr/m/n/10 + \U/msb/m/n/10 Z[]\OML/cmm/m/it/10 ; y \OT1/cmr/m/n/10 + \U/msb/m/n/10 Z[] \OMS/cmsy/m/n/10 2 \OML/cmm/m/it/10 X[]$\TU/KaiTi(0)/m/n/10 ，|  定 义 映 射 $\OML/cmm/m/it/10 d[]$ \TU/KaiTi(0)/m/n/10 为 $\OML/cmm/m/it/10 d[]\OT1/cmr/m/n/10 (\OML/cmm/m/it/10 x \OT1/cmr/m/n/10 + \U/msb/m/n/10 Z[]\OML/cmm/m/it/10 ; y \OT1/cmr/m/n/10 + \U/msb/m/n/10 Z[]\OT1/cmr/m/n/10 ) =
 []


Overfull \hbox (23.4951pt too wide) in paragraph at lines 1072--1073
[]$\OML/cmm/m/it/10 d[]\OT1/cmr/m/n/10 (\OML/cmm/m/it/10 x \OT1/cmr/m/n/10 + \U/msb/m/n/10 Z[]\OML/cmm/m/it/10 ; y \OT1/cmr/m/n/10 + \U/msb/m/n/10 Z[]\OT1/cmr/m/n/10 ) = [] [] = [] [] =
 []


Overfull \hbox (18.29572pt too wide) in paragraph at lines 1075--1081
[]\TU/FangSong(0)/m/n/10 则 $[][]$\TU/lmr/m/n/10 . 
 []




Package fancyhdr Warning: \headheight is too small (12.0pt): 
(fancyhdr)                Make it at least 12.34525pt, for example:
(fancyhdr)                \setlength{\headheight}{12.34525pt}.
(fancyhdr)                You might also make \topmargin smaller:
(fancyhdr)                \addtolength{\topmargin}{-0.34525pt}.

[43]
Overfull \hbox (75.89455pt too wide) in paragraph at lines 1099--1099
[]\TU/SimSun(0)/m/n/10 下 面 考 虑 所 有 的 可 逆 整 系 数 $\OML/cmm/m/it/10 n$ \TU/SimSun(0)/m/n/10 阶 方 阵 组 成 的 集 合，|  记 为 $\OML/cmm/m/it/10 M[]\OT1/cmr/m/n/10 (\U/msb/m/n/10 Z\OT1/cmr/m/n/10 ) = []$\TU/lmr/m/n/10 . 
 []


Overfull \hbox (17.04535pt too wide) in paragraph at lines 1100--1103
[]$\OMS/cmsy/m/n/10 8 \OML/cmm/m/it/10 A \OMS/cmsy/m/n/10 2 \OML/cmm/m/it/10 M[]\OT1/cmr/m/n/10 (\U/msb/m/n/10 Z\OT1/cmr/m/n/10 )$\TU/SimSun(0)/m/n/10 ，|  可 以 定 义 $\OML/cmm/m/it/10 X[]$ \TU/SimSun(0)/m/n/10 上 的 映 射 $[][]$ 
 []




Package fancyhdr Warning: \headheight is too small (12.0pt): 
(fancyhdr)                Make it at least 12.34525pt, for example:
(fancyhdr)                \setlength{\headheight}{12.34525pt}.
(fancyhdr)                You might also make \topmargin smaller:
(fancyhdr)                \addtolength{\topmargin}{-0.34525pt}.

[44]
File: fig/2.9.png Graphic file (type bmp)
<fig/2.9.png>

Underfull \hbox (badness 3138) in paragraph at lines 1126--1126
[][]\TU/SimSun(0)/m/n/10 基 于 这 两 个 性 质，|  可 以 证 明 $\OMS/cmsy/m/n/10 8 \OML/cmm/m/it/10 A \OMS/cmsy/m/n/10 2
 []


Underfull \hbox (badness 3098) in paragraph at lines 1126--1126
\OML/cmm/m/it/10 M[]\OT1/cmr/m/n/10 (\U/msb/m/n/10 Z\OT1/cmr/m/n/10 )$\TU/SimSun(0)/m/n/10 ，| $\OML/cmm/m/it/10 T[] \OT1/cmr/m/n/10 : \OML/cmm/m/it/10 X[] \OMS/cmsy/m/n/10 ! \OML/cmm/m/it/10 X[]$ \TU/SimSun(0)/m/n/10 是 一 个 保
 []


Underfull \hbox (badness 1448) in paragraph at lines 1126--1126
\TU/SimSun(0)/m/n/10 测 映 射\TU/lmr/m/n/10 . \TU/SimSun(0)/m/n/10 为 了 证 明 这 一 点，|  只 需 要 验 证 对
 []


Overfull \hbox (77.1647pt too wide) in paragraph at lines 1142--1151
[]\TU/FangSong(0)/m/n/10 设 $\OML/cmm/m/it/10 A \OT1/cmr/m/n/10 = []$\TU/FangSong(0)/m/n/10 ，|  记 $\OML/cmm/m/it/10 a \OT1/cmr/m/n/10 = [] []$\TU/lmr/m/n/10 . 
 []

\g__nicematrix_max_cell_width_dim=\dimen405
\c@iRow=\count464
\c@jCol=\count465
\l__nicematrix_cell_box=\box103
\l__nicematrix_left_delim_dim=\dimen406
\l__nicematrix_right_delim_dim=\dimen407
\g__nicematrix_block_box_1_box=\box104
\g__nicematrix_block_box_2_box=\box105



Package fancyhdr Warning: \headheight is too small (12.0pt): 
(fancyhdr)                Make it at least 12.34525pt, for example:
(fancyhdr)                \setlength{\headheight}{12.34525pt}.
(fancyhdr)                You might also make \topmargin smaller:
(fancyhdr)                \addtolength{\topmargin}{-0.34525pt}.

[45]
Overfull \hbox (9.24362pt too wide) in paragraph at lines 1190--1195
[]\TU/FangSong(0)/m/n/10 由 此，|  通 过 初 等 行 列 变 换，| $\OMS/cmsy/m/n/10 9 [][]\OML/cmm/m/it/10 ; [][] \OMS/cmsy/m/n/10 2 \OML/cmm/m/it/10 M[]\OT1/cmr/m/n/10 (\U/msb/m/n/10 Z\OT1/cmr/m/n/10 )$\TU/FangSong(0)/m/n/10 ，|  使 得 $[][]\OML/cmm/m/it/10 P[]AQ[][][] \OT1/cmr/m/n/10 = []$ 
 []




Package fancyhdr Warning: \headheight is too small (12.0pt): 
(fancyhdr)                Make it at least 12.34525pt, for example:
(fancyhdr)                \setlength{\headheight}{12.34525pt}.
(fancyhdr)                You might also make \topmargin smaller:
(fancyhdr)                \addtolength{\topmargin}{-0.34525pt}.

[46]
Overfull \hbox (42.2547pt too wide) in paragraph at lines 1239--1249
[]$[][]$\TU/FangSong(0)/m/n/10 ，|  因 此 $\OML/cmm/m/it/10 T[] [] S[] \OMS/cmsy/m/n/10 ^^B \OML/cmm/m/it/10 S[] \OMS/cmsy/m/n/10 ^^B [] ^^B \OML/cmm/m/it/10 S[]$\TU/FangSong(0)/m/n/10 ，|  其 中 $[][]$\TU/lmr/m/n/10 . 
 []


Overfull \hbox (16.06853pt too wide) in paragraph at lines 1252--1252
[]$\OMS/cmsy/m/n/10 8 \OML/cmm/m/it/10 B \OMS/cmsy/m/n/10 ^^R \OML/cmm/m/it/10 X[]$ \TU/FangSong(0)/m/n/10 为 可 测 集，| $\OML/cmm/m/it/10 m[] [] \OT1/cmr/m/n/10 = \OML/cmm/m/it/10 m[]\OT1/cmr/m/n/10 (\OML/cmm/m/it/10 T[]T[]T[]\OT1/cmr/m/n/10 (\OML/cmm/m/it/10 B\OT1/cmr/m/n/10 )) = \OML/cmm/m/it/10 m[]\OT1/cmr/m/n/10 (\OML/cmm/m/it/10 T[]T[]\OT1/cmr/m/n/10 (\OML/cmm/m/it/10 B\OT1/cmr/m/n/10 )) =
 []

File: fig/2.10.png Graphic file (type bmp)
<fig/2.10.png>

Overfull \hbox (24.30391pt too wide) in paragraph at lines 1265--1275
[][]\TU/SimSun(0)/m/n/10 若 $\OML/cmm/m/it/10 A \OT1/cmr/m/n/10 = []$\TU/SimSun(0)/m/n/10 ，|  那 么 $[][]$
 []




Package fancyhdr Warning: \headheight is too small (12.0pt): 
(fancyhdr)                Make it at least 12.34525pt, for example:
(fancyhdr)                \setlength{\headheight}{12.34525pt}.
(fancyhdr)                You might also make \topmargin smaller:
(fancyhdr)                \addtolength{\topmargin}{-0.34525pt}.

[47]
Overfull \hbox (3.13344pt too wide) in paragraph at lines 1301--1301
\TU/SimSun(0)/m/n/10 等 的 元 素，|  不 妨 设 $[][] [] \OT1/cmr/m/n/10 = [] \OMS/cmsy/m/n/10 2 \U/msb/m/n/10 Z[]$ \TU/SimSun(0)/m/n/10 且 $[][] [] \OT1/cmr/m/n/10 = [][] [] \OMS/cmsy/m/n/10 ) [][] [] \OT1/cmr/m/n/10 =
 []




Package fancyhdr Warning: \headheight is too small (12.0pt): 
(fancyhdr)                Make it at least 12.34525pt, for example:
(fancyhdr)                \setlength{\headheight}{12.34525pt}.
(fancyhdr)                You might also make \topmargin smaller:
(fancyhdr)                \addtolength{\topmargin}{-0.34525pt}.

[48]) (./遍历理论2.tex
Overfull \hbox (29.17516pt too wide) in paragraph at lines 20--20
[]$\OMS/cmsy/m/n/10 8 \OML/cmm/m/it/10 f \OMS/cmsy/m/n/10 2 \OML/cmm/m/it/10 C\OT1/cmr/m/n/10 (\OML/cmm/m/it/10 X[]\OT1/cmr/m/n/10 )\OML/cmm/m/it/10 ; \OMS/cmsy/m/n/10 8 \OML/cmm/m/it/10 " > \OT1/cmr/m/n/10 0$\TU/SimSun(0)/m/n/10 ，|  由 $\OMS/cmsy/m/n/10 f\OML/cmm/m/it/10 f[]\OMS/cmsy/m/n/10 g[]$ \TU/SimSun(0)/m/n/10 稠 密 知 $\OMS/cmsy/m/n/10 9 \OML/cmm/m/it/10 k \OMS/cmsy/m/n/10 2 \U/msb/m/n/10 N\OML/cmm/m/it/10 ; [] d\OT1/cmr/m/n/10 (\OML/cmm/m/it/10 f[]; f\OT1/cmr/m/n/10 ) \OML/cmm/m/it/10 < " \OMS/cmsy/m/n/10 , [] [] \OML/cmm/m/it/10 <
 []


Overfull \hbox (21.33118pt too wide) in paragraph at lines 21--21
[]$\OMS/cmsy/m/n/10 8 \OML/cmm/m/it/10 x \OMS/cmsy/m/n/10 2 \OML/cmm/m/it/10 Q$\TU/SimSun(0)/m/n/10 ，| $[] [] [] \OMS/cmsy/m/n/10 ! [][] [] []  []\OML/cmm/m/it/10 m[]$$\OMS/cmsy/m/n/10 ) [] [] \U/msa/m/n/10 6
 []




Package fancyhdr Warning: \headheight is too small (12.0pt): 
(fancyhdr)                Make it at least 12.34525pt, for example:
(fancyhdr)                \setlength{\headheight}{12.34525pt}.
(fancyhdr)                You might also make \topmargin smaller:
(fancyhdr)                \addtolength{\topmargin}{-0.34525pt}.

[49]
Overfull \hbox (5.4297pt too wide) in paragraph at lines 59--62
[]\TU/SimSun(0)/m/n/10 则 $\OMS/cmsy/m/n/10 8 \OML/cmm/m/it/10 x \OMS/cmsy/m/n/10 2 [] 2 \OML/cmm/m/it/10 Q; [] [] [] \OMS/cmsy/m/n/10 ! \OT1/cmr/m/n/10 ([][] \OML/cmm/m/it/10 g []  []x\OT1/cmr/m/n/10 )([][] \OML/cmm/m/it/10 h []  []x\OT1/cmr/m/n/10 )$\TU/lmr/m/n/10 . 
 []


Overfull \hbox (51.51714pt too wide) in paragraph at lines 73--77
[]\TU/SimSun(0)/m/n/10 那 么 $[][]$ 
 []


Overfull \hbox (11.2833pt too wide) in paragraph at lines 80--80
[]\TU/SimSun(0)/m/n/10 又 $\OML/cmm/m/it/10 h$ \TU/SimSun(0)/m/n/10 是 连 续 函 数，|  因 此 $\OMS/cmsy/m/n/10 8 \OML/cmm/m/it/10 " > \OT1/cmr/m/n/10 0$\TU/SimSun(0)/m/n/10 ，| $\OMS/cmsy/m/n/10 9 \OML/cmm/m/it/10 M \OMS/cmsy/m/n/10 2 \U/msb/m/n/10 N$\TU/SimSun(0)/m/n/10 ，|  使 得 $\OMS/cmsy/m/n/10 8 \OML/cmm/m/it/10 n > M$\TU/SimSun(0)/m/n/10 ，| $[] \OML/cmm/m/it/10 <
 []


Overfull \hbox (14.14362pt too wide) in paragraph at lines 81--85
[]\TU/SimSun(0)/m/n/10 所 以 $[][]$ 
 []




Package fancyhdr Warning: \headheight is too small (12.0pt): 
(fancyhdr)                Make it at least 12.34525pt, for example:
(fancyhdr)                \setlength{\headheight}{12.34525pt}.
(fancyhdr)                You might also make \topmargin smaller:
(fancyhdr)                \addtolength{\topmargin}{-0.34525pt}.

[50]
Overfull \hbox (29.4191pt too wide) in paragraph at lines 88--92
[]\TU/SimSun(0)/m/n/10 最 后 只 需 证 明 上 述 $[]\OML/cmm/m/it/10 ^^K$ \TU/SimSun(0)/m/n/10 的 全 体 构 成 一 个 全 测 集，|  即 $\OML/cmm/m/it/10 m[] [] \OT1/cmr/m/n/10 =
 []


Overfull \hbox (9.25388pt too wide) in paragraph at lines 110--110
[]\TU/SimSun(0)/m/n/10 根 据 均 匀 分 布 的 等 价 条 件，|  我 们 实 际 上 只 需 要 证 明 $\OMS/cmsy/m/n/10 8 \OML/cmm/m/it/10 k \OMS/cmsy/m/n/10 2 \U/msb/m/n/10 Z \OMS/cmsy/m/n/10 n f\OT1/cmr/m/n/10 0\OMS/cmsy/m/n/10 g\OML/cmm/m/it/10 ; [] [] [] \OMS/cmsy/m/n/10 !
 []




Package fancyhdr Warning: \headheight is too small (12.0pt): 
(fancyhdr)                Make it at least 12.34525pt, for example:
(fancyhdr)                \setlength{\headheight}{12.34525pt}.
(fancyhdr)                You might also make \topmargin smaller:
(fancyhdr)                \addtolength{\topmargin}{-0.34525pt}.

[51]
Overfull \hbox (21.91663pt too wide) in paragraph at lines 112--112
[]\TU/SimSun(0)/m/n/10 对 于 上 面 的 定 理，|  如 果 $\OML/cmm/m/it/10 p\OT1/cmr/m/n/10 (\OML/cmm/m/it/10 n\OT1/cmr/m/n/10 ) = \OML/cmm/m/it/10 ^^Kn \OT1/cmr/m/n/10 + \OML/cmm/m/it/10 a[]$\TU/SimSun(0)/m/n/10 ，|  它 在 $\OT1/cmr/m/n/10 [0\OML/cmm/m/it/10 ; \OT1/cmr/m/n/10 1)$ \TU/SimSun(0)/m/n/10 上 均 匀 分 布，|  因 而 $[] [] [] \OMS/cmsy/m/n/10 !
 []


Overfull \hbox (19.91844pt too wide) in paragraph at lines 118--121
[]$[][]$ 
 []


Overfull \hbox (38.1088pt too wide) in paragraph at lines 124--128
[]\TU/FangSong(0)/m/n/10 而 $[][]$ 
 []


Overfull \hbox (6.50551pt too wide) in paragraph at lines 131--134
[]\TU/FangSong(0)/m/n/10 令 $\OML/cmm/m/it/10 H \OMS/cmsy/m/n/10 ! 1$\TU/FangSong(0)/m/n/10 ，|  得 $[][]$ 
 []




Package fancyhdr Warning: \headheight is too small (12.0pt): 
(fancyhdr)                Make it at least 12.34525pt, for example:
(fancyhdr)                \setlength{\headheight}{12.34525pt}.
(fancyhdr)                You might also make \topmargin smaller:
(fancyhdr)                \addtolength{\topmargin}{-0.34525pt}.

[52]
Overfull \hbox (9.19908pt too wide) in paragraph at lines 143--143
[]$[]\OML/cmm/m/it/10 b[] \OT1/cmr/m/n/10 = [][]$\TU/SimSun(0)/m/n/10 ，|  这 是 关 于 $\OML/cmm/m/it/10 n$ \TU/SimSun(0)/m/n/10 的 一 次 多 项 式，|  因 此 $[] [] [] \OMS/cmsy/m/n/10 !
 []




Package fancyhdr Warning: \headheight is too small (12.0pt): 
(fancyhdr)                Make it at least 12.34525pt, for example:
(fancyhdr)                \setlength{\headheight}{12.34525pt}.
(fancyhdr)                You might also make \topmargin smaller:
(fancyhdr)                \addtolength{\topmargin}{-0.34525pt}.

[53]


Package fancyhdr Warning: \headheight is too small (12.0pt): 
(fancyhdr)                Make it at least 12.34525pt, for example:
(fancyhdr)                \setlength{\headheight}{12.34525pt}.
(fancyhdr)                You might also make \topmargin smaller:
(fancyhdr)                \addtolength{\topmargin}{-0.34525pt}.

[54]
Overfull \hbox (0.37502pt too wide) in paragraph at lines 212--212
[]$\OMS/cmsy/m/n/10 8 \OML/cmm/m/it/10 y \OMS/cmsy/m/n/10 2 \OML/cmm/m/it/10 !\OT1/cmr/m/n/10 (\OML/cmm/m/it/10 x\OT1/cmr/m/n/10 )$\TU/FangSong(0)/m/n/10 ，| $\OMS/cmsy/m/n/10 9 \OML/cmm/m/it/10 n[] < n[] < [] < n[] < [] $\TU/FangSong(0)/m/n/10 ，|  使 得 $[] [] \OT1/cmr/m/n/10 = \OML/cmm/m/it/10 y$\TU/FangSong(0)/m/n/10 ，|  则 $[] \OML/cmm/m/it/10 T [] \OT1/cmr/m/n/10 =
 []




Package fancyhdr Warning: \headheight is too small (12.0pt): 
(fancyhdr)                Make it at least 12.34525pt, for example:
(fancyhdr)                \setlength{\headheight}{12.34525pt}.
(fancyhdr)                You might also make \topmargin smaller:
(fancyhdr)                \addtolength{\topmargin}{-0.34525pt}.

[55]


Package fancyhdr Warning: \headheight is too small (12.0pt): 
(fancyhdr)                Make it at least 12.34525pt, for example:
(fancyhdr)                \setlength{\headheight}{12.34525pt}.
(fancyhdr)                You might also make \topmargin smaller:
(fancyhdr)                \addtolength{\topmargin}{-0.34525pt}.

[56]


Package fancyhdr Warning: \headheight is too small (12.0pt): 
(fancyhdr)                Make it at least 12.34525pt, for example:
(fancyhdr)                \setlength{\headheight}{12.34525pt}.
(fancyhdr)                You might also make \topmargin smaller:
(fancyhdr)                \addtolength{\topmargin}{-0.34525pt}.

[57]
Overfull \hbox (42.34784pt too wide) in paragraph at lines 324--324
[]\TU/FangSong(0)/m/n/10 又 $[]$ 是 $\OML/cmm/m/it/10 A$ \TU/FangSong(0)/m/n/10 的 开 覆 盖 $\OMS/cmsy/m/n/10 ) 9 \OML/cmm/m/it/10 k \OMS/cmsy/m/n/10 2 f^^@\OML/cmm/m/it/10 L; []  ; L\OMS/cmsy/m/n/10 g\OML/cmm/m/it/10 ; [] y \OMS/cmsy/m/n/10 2
 []




Package fancyhdr Warning: \headheight is too small (12.0pt): 
(fancyhdr)                Make it at least 12.34525pt, for example:
(fancyhdr)                \setlength{\headheight}{12.34525pt}.
(fancyhdr)                You might also make \topmargin smaller:
(fancyhdr)                \addtolength{\topmargin}{-0.34525pt}.

[58]
Overfull \hbox (17.09566pt too wide) in paragraph at lines 328--328
[]$\OMS/cmsy/m/n/10 ) \OML/cmm/m/it/10 d [] \U/msa/m/n/10 6 \OML/cmm/m/it/10 " [] d [] \U/msa/m/n/10 6 \OML/cmm/m/it/10 " [] d [] \U/msa/m/n/10 6
 []


LaTeX Warning: Reference `lem:2.10' on page 59 undefined on input line 363.




Package fancyhdr Warning: \headheight is too small (12.0pt): 
(fancyhdr)                Make it at least 12.34525pt, for example:
(fancyhdr)                \setlength{\headheight}{12.34525pt}.
(fancyhdr)                You might also make \topmargin smaller:
(fancyhdr)                \addtolength{\topmargin}{-0.34525pt}.

[59]
Overfull \hbox (7.57794pt too wide) in paragraph at lines 372--372
[]\TU/FangSong(0)/m/n/10 由 $\OML/cmm/m/it/10 A$ \TU/FangSong(0)/m/n/10 是 闭 集 可 知 $\OML/cmm/m/it/10 A$ \TU/FangSong(0)/m/n/10 是 紧 集，|  因 此 $\OMS/cmsy/m/n/10 9 \OML/cmm/m/it/10 L \OMS/cmsy/m/n/10 2 \U/msb/m/n/10 N$\TU/FangSong(0)/m/n/10 ，|  使 得 $\OML/cmm/m/it/10 S[] [] \OMS/cmsy/m/n/10 [ \OML/cmm/m/it/10 S[] [] \OMS/cmsy/m/n/10 [
 []


LaTeX Warning: Reference `lem:2.8' on page 60 undefined on input line 382.




Package fancyhdr Warning: \headheight is too small (12.0pt): 
(fancyhdr)                Make it at least 12.34525pt, for example:
(fancyhdr)                \setlength{\headheight}{12.34525pt}.
(fancyhdr)                You might also make \topmargin smaller:
(fancyhdr)                \addtolength{\topmargin}{-0.34525pt}.

[60]
Overfull \hbox (32.74031pt too wide) in paragraph at lines 395--401
[]\TU/FangSong(0)/m/n/10 定 义 映 射 $[][]$，| $[][]$ 
 []


LaTeX Warning: Reference `lem:2.9' on page 61 undefined on input line 410.




Package fancyhdr Warning: \headheight is too small (12.0pt): 
(fancyhdr)                Make it at least 12.34525pt, for example:
(fancyhdr)                \setlength{\headheight}{12.34525pt}.
(fancyhdr)                You might also make \topmargin smaller:
(fancyhdr)                \addtolength{\topmargin}{-0.34525pt}.

[61]
Overfull \hbox (52.36711pt too wide) in paragraph at lines 445--445
[][]\TU/FangSong(0)/b/n/10 证 明[] $\OMS/cmsy/m/n/10 8 \OML/cmm/m/it/10 x \OT1/cmr/m/n/10 = ([]  \OML/cmm/m/it/10 ; x[]; x[]; x[]; [] \OT1/cmr/m/n/10 )\OML/cmm/m/it/10 ; y \OT1/cmr/m/n/10 = ([]  \OML/cmm/m/it/10 ; y[]; y[]; y[]; [] \OT1/cmr/m/n/10 )\OML/cmm/m/it/10 ; d [] \OT1/cmr/m/n/10 = [] [] \U/msa/m/n/10 6
 []


Overfull \hbox (4.59679pt too wide) in paragraph at lines 451--451
[]\TU/FangSong(0)/m/n/10 故 $\OMS/cmsy/m/n/10 9 \OML/cmm/m/it/10 m \OMS/cmsy/m/n/10 2 \U/msb/m/n/10 Z$\TU/FangSong(0)/m/n/10 ，|  使 得 $\OML/cmm/m/it/10 d [] < \OT1/cmr/m/n/10 1\OML/cmm/m/it/10 ; d\OT1/cmr/m/n/10 (\OML/cmm/m/it/10 T[]\OT1/cmr/m/n/10 (\OML/cmm/m/it/10 T[]p\OT1/cmr/m/n/10 )\OML/cmm/m/it/10 ; T[]p\OT1/cmr/m/n/10 ) \U/msa/m/n/10 6 \OT1/cmr/m/n/10 1 []  \OML/cmm/m/it/10 ; T[] \U/msa/m/n/10 6
 []




Package fancyhdr Warning: \headheight is too small (12.0pt): 
(fancyhdr)                Make it at least 12.34525pt, for example:
(fancyhdr)                \setlength{\headheight}{12.34525pt}.
(fancyhdr)                You might also make \topmargin smaller:
(fancyhdr)                \addtolength{\topmargin}{-0.34525pt}.

[62]) (./测度熵.tex


Package fancyhdr Warning: \headheight is too small (12.0pt): 
(fancyhdr)                Make it at least 12.34525pt, for example:
(fancyhdr)                \setlength{\headheight}{12.34525pt}.
(fancyhdr)                You might also make \topmargin smaller:
(fancyhdr)                \addtolength{\topmargin}{-0.34525pt}.

[63]
3


[64

]


Package fancyhdr Warning: \headheight is too small (12.0pt): 
(fancyhdr)                Make it at least 12.34525pt, for example:
(fancyhdr)                \setlength{\headheight}{12.34525pt}.
(fancyhdr)                You might also make \topmargin smaller:
(fancyhdr)                \addtolength{\topmargin}{-0.34525pt}.

[65]
Overfull \hbox (67.68742pt too wide) in paragraph at lines 80--84
[]$[][]$ 
 []




Package fancyhdr Warning: \headheight is too small (12.0pt): 
(fancyhdr)                Make it at least 12.34525pt, for example:
(fancyhdr)                \setlength{\headheight}{12.34525pt}.
(fancyhdr)                You might also make \topmargin smaller:
(fancyhdr)                \addtolength{\topmargin}{-0.34525pt}.

[66]

LaTeX Warning: Reference `lem:3.2' on page 67 undefined on input line 111.




Package fancyhdr Warning: \headheight is too small (12.0pt): 
(fancyhdr)                Make it at least 12.34525pt, for example:
(fancyhdr)                \setlength{\headheight}{12.34525pt}.
(fancyhdr)                You might also make \topmargin smaller:
(fancyhdr)                \addtolength{\topmargin}{-0.34525pt}.

[67]

LaTeX Warning: Reference `lem:3.1' on page 68 undefined on input line 115.


LaTeX Warning: Reference `lem:3.1' on page 68 undefined on input line 121.

Package mdframed Info: mdframed works in twoside mode on input line 129.
Package mdframed Info: mdframed detected package amsthm 
 changed the theorem header of amsthm
(mdframed)              on input line 129.



Package fancyhdr Warning: \headheight is too small (12.0pt): 
(fancyhdr)                Make it at least 12.34525pt, for example:
(fancyhdr)                \setlength{\headheight}{12.34525pt}.
(fancyhdr)                You might also make \topmargin smaller:
(fancyhdr)                \addtolength{\topmargin}{-0.34525pt}.

[68]
Overfull \hbox (52.45653pt too wide) in paragraph at lines 161--169
[]$[][]$ 
 []




Package fancyhdr Warning: \headheight is too small (12.0pt): 
(fancyhdr)                Make it at least 12.34525pt, for example:
(fancyhdr)                \setlength{\headheight}{12.34525pt}.
(fancyhdr)                You might also make \topmargin smaller:
(fancyhdr)                \addtolength{\topmargin}{-0.34525pt}.

[69]


Package fancyhdr Warning: \headheight is too small (12.0pt): 
(fancyhdr)                Make it at least 12.34525pt, for example:
(fancyhdr)                \setlength{\headheight}{12.34525pt}.
(fancyhdr)                You might also make \topmargin smaller:
(fancyhdr)                \addtolength{\topmargin}{-0.34525pt}.

[70]


Package fancyhdr Warning: \headheight is too small (12.0pt): 
(fancyhdr)                Make it at least 12.34525pt, for example:
(fancyhdr)                \setlength{\headheight}{12.34525pt}.
(fancyhdr)                You might also make \topmargin smaller:
(fancyhdr)                \addtolength{\topmargin}{-0.34525pt}.

[71]


Package fancyhdr Warning: \headheight is too small (12.0pt): 
(fancyhdr)                Make it at least 12.34525pt, for example:
(fancyhdr)                \setlength{\headheight}{12.34525pt}.
(fancyhdr)                You might also make \topmargin smaller:
(fancyhdr)                \addtolength{\topmargin}{-0.34525pt}.

[72]
Overfull \hbox (31.49005pt too wide) in paragraph at lines 270--270
[]$\OML/cmm/m/it/10 H [] \OT1/cmr/m/n/10 = \OMS/cmsy/m/n/10 ^^@ [] []  []$ 
 []




Package fancyhdr Warning: \headheight is too small (12.0pt): 
(fancyhdr)                Make it at least 12.34525pt, for example:
(fancyhdr)                \setlength{\headheight}{12.34525pt}.
(fancyhdr)                You might also make \topmargin smaller:
(fancyhdr)                \addtolength{\topmargin}{-0.34525pt}.

[73]
Overfull \hbox (39.14523pt too wide) in paragraph at lines 292--293
[]\TU/FangSong(0)/m/n/10 因 此 $\OMS/cmsy/m/n/10 ^^@ [] [] \U/msa/m/n/10 6 \OML/cmm/m/it/10 k []$ 
 []


Overfull \hbox (2.15727pt too wide) in paragraph at lines 302--303
$\OMS/cmsy/m/n/10 ^^@ [] [] \U/msa/m/n/10 6 [] [] 6
 []

Package mdframed Info: mdframed works in twoside mode on input line 318.
Package mdframed Info: mdframed detected package amsthm 
 changed the theorem header of amsthm
(mdframed)              on input line 318.



Package fancyhdr Warning: \headheight is too small (12.0pt): 
(fancyhdr)                Make it at least 12.34525pt, for example:
(fancyhdr)                \setlength{\headheight}{12.34525pt}.
(fancyhdr)                You might also make \topmargin smaller:
(fancyhdr)                \addtolength{\topmargin}{-0.34525pt}.

[74]
Package mdframed Info: Not enough space on this page on input line 331.
Package mdframed Info: mdframed works in twoside mode on input line 341.
Package mdframed Info: mdframed detected package amsthm 
 changed the theorem header of amsthm
(mdframed)              on input line 341.



Package fancyhdr Warning: \headheight is too small (12.0pt): 
(fancyhdr)                Make it at least 12.34525pt, for example:
(fancyhdr)                \setlength{\headheight}{12.34525pt}.
(fancyhdr)                You might also make \topmargin smaller:
(fancyhdr)                \addtolength{\topmargin}{-0.34525pt}.

[75]
Overfull \hbox (13.16243pt too wide) in paragraph at lines 382--383
[][] 
 []

) (./拓扑熵.tex


Package fancyhdr Warning: \headheight is too small (12.0pt): 
(fancyhdr)                Make it at least 12.34525pt, for example:
(fancyhdr)                \setlength{\headheight}{12.34525pt}.
(fancyhdr)                You might also make \topmargin smaller:
(fancyhdr)                \addtolength{\topmargin}{-0.34525pt}.

[76]
4


[77

]


Package fancyhdr Warning: \headheight is too small (12.0pt): 
(fancyhdr)                Make it at least 12.34525pt, for example:
(fancyhdr)                \setlength{\headheight}{12.34525pt}.
(fancyhdr)                You might also make \topmargin smaller:
(fancyhdr)                \addtolength{\topmargin}{-0.34525pt}.

[78]

LaTeX Warning: Reference `lem:3.2' on page 79 undefined on input line 63.


Overfull \hbox (9.0015pt too wide) in paragraph at lines 85--88
[]\TU/FangSong(0)/m/n/10 则 $[][]$ 
 []




Package fancyhdr Warning: \headheight is too small (12.0pt): 
(fancyhdr)                Make it at least 12.34525pt, for example:
(fancyhdr)                \setlength{\headheight}{12.34525pt}.
(fancyhdr)                You might also make \topmargin smaller:
(fancyhdr)                \addtolength{\topmargin}{-0.34525pt}.

[79]
Overfull \hbox (20.50816pt too wide) in paragraph at lines 125--125
[]\TU/FangSong(0)/m/n/10 否 则，|  一 定 存 在 $\OML/cmm/m/it/10 w \OMS/cmsy/m/n/10 2 \OML/cmm/m/it/10 B[] [] \OMS/cmsy/m/n/10 \ \OML/cmm/m/it/10 B[] []$\TU/FangSong(0)/m/n/10 ，|  那 么 $\OML/cmm/m/it/10 d\OT1/cmr/m/n/10 (\OML/cmm/m/it/10 x; w\OT1/cmr/m/n/10 ) \OML/cmm/m/it/10 < []; d\OT1/cmr/m/n/10 (\OML/cmm/m/it/10 y; w\OT1/cmr/m/n/10 ) \OML/cmm/m/it/10 < []; d\OT1/cmr/m/n/10 (\OML/cmm/m/it/10 Tx; Tw\OT1/cmr/m/n/10 ) \OML/cmm/m/it/10 <
 []




Package fancyhdr Warning: \headheight is too small (12.0pt): 
(fancyhdr)                Make it at least 12.34525pt, for example:
(fancyhdr)                \setlength{\headheight}{12.34525pt}.
(fancyhdr)                You might also make \topmargin smaller:
(fancyhdr)                \addtolength{\topmargin}{-0.34525pt}.

[80]
Overfull \hbox (17.62912pt too wide) in paragraph at lines 154--154
[][]\TU/FangSong(0)/b/n/10 证 明[] \TU/FangSong(0)/m/n/10 如 果 $\OML/cmm/m/it/10 y[]; y[] \OMS/cmsy/m/n/10 2 \OML/cmm/m/it/10 B[] [] \OMS/cmsy/m/n/10 \ \OML/cmm/m/it/10 E$\TU/FangSong(0)/m/n/10 ，|  那 么 $\OML/cmm/m/it/10 d\OT1/cmr/m/n/10 (\OML/cmm/m/it/10 y[]; y[]\OT1/cmr/m/n/10 ) \U/msa/m/n/10 6 \OML/cmm/m/it/10 d\OT1/cmr/m/n/10 (\OML/cmm/m/it/10 y[]; x\OT1/cmr/m/n/10 ) + \OML/cmm/m/it/10 d\OT1/cmr/m/n/10 (\OML/cmm/m/it/10 x; y[]\OT1/cmr/m/n/10 ) \OML/cmm/m/it/10 < "; d\OT1/cmr/m/n/10 (\OML/cmm/m/it/10 Ty[]; Ty[]\OT1/cmr/m/n/10 ) \U/msa/m/n/10 6
 []




Package fancyhdr Warning: \headheight is too small (12.0pt): 
(fancyhdr)                Make it at least 12.34525pt, for example:
(fancyhdr)                \setlength{\headheight}{12.34525pt}.
(fancyhdr)                You might also make \topmargin smaller:
(fancyhdr)                \addtolength{\topmargin}{-0.34525pt}.

[81]
Overfull \hbox (13.8874pt too wide) in paragraph at lines 168--168
[]\TU/FangSong(0)/m/n/10 则 $\OMS/cmsy/m/n/10 9 \OML/cmm/m/it/10 A[]; A[]; []  ; A[] \OMS/cmsy/m/n/10 2 \OML/cmm/m/it/10 ^^K$\TU/FangSong(0)/m/n/10 ，|  使 得 $\OML/cmm/m/it/10 B [] \OMS/cmsy/m/n/10 2 \OML/cmm/m/it/10 A[]; B [] \OMS/cmsy/m/n/10 2 \OML/cmm/m/it/10 A[]; []  ; B [] \OMS/cmsy/m/n/10 2
 []




Package fancyhdr Warning: \headheight is too small (12.0pt): 
(fancyhdr)                Make it at least 12.34525pt, for example:
(fancyhdr)                \setlength{\headheight}{12.34525pt}.
(fancyhdr)                You might also make \topmargin smaller:
(fancyhdr)                \addtolength{\topmargin}{-0.34525pt}.

[82]


Package fancyhdr Warning: \headheight is too small (12.0pt): 
(fancyhdr)                Make it at least 12.34525pt, for example:
(fancyhdr)                \setlength{\headheight}{12.34525pt}.
(fancyhdr)                You might also make \topmargin smaller:
(fancyhdr)                \addtolength{\topmargin}{-0.34525pt}.

[83]
Overfull \hbox (27.31949pt too wide) in paragraph at lines 234--234
[]\TU/FangSong(0)/m/n/10 记 $\OML/cmm/m/it/10 q \OT1/cmr/m/n/10 = (\OML/cmm/m/it/10 y[]; y[]\OT1/cmr/m/n/10 ) \OMS/cmsy/m/n/10 2 \OML/cmm/m/it/10 F[] \OMS/cmsy/m/n/10 ^^B \OML/cmm/m/it/10 F[]$\TU/FangSong(0)/m/n/10 ，|  则 $\OML/cmm/m/it/10 d\OT1/cmr/m/n/10 (\OML/cmm/m/it/10 p; q\OT1/cmr/m/n/10 ) \OML/cmm/m/it/10 < "; d\OT1/cmr/m/n/10 (\OML/cmm/m/it/10 Tp; Tq\OT1/cmr/m/n/10 ) \OML/cmm/m/it/10 < "; []  ; d\OT1/cmr/m/n/10 (\OML/cmm/m/it/10 T[]p; T[]q\OT1/cmr/m/n/10 ) \OML/cmm/m/it/10 <
 []




Package fancyhdr Warning: \headheight is too small (12.0pt): 
(fancyhdr)                Make it at least 12.34525pt, for example:
(fancyhdr)                \setlength{\headheight}{12.34525pt}.
(fancyhdr)                You might also make \topmargin smaller:
(fancyhdr)                \addtolength{\topmargin}{-0.34525pt}.

[84]
Overfull \hbox (25.46797pt too wide) in paragraph at lines 277--277
[]$\OT1/cmr/m/n/10 (3) \OMS/cmsy/m/n/10 ) \OT1/cmr/m/n/10 (1)$\TU/FangSong(0)/m/n/10 ：|  设 $\OML/cmm/m/it/10 ^^K$ \TU/FangSong(0)/m/n/10 是 $\OML/cmm/m/it/10 T$ \TU/FangSong(0)/m/n/10 的 生 成 子 覆 盖，|  即 有 限 开 覆 盖 满 足 $\OMS/cmsy/m/n/10 8 f\OML/cmm/m/it/10 A[]\OMS/cmsy/m/n/10 g[]\OT1/cmr/m/n/10 (\OML/cmm/m/it/10 A[] \OMS/cmsy/m/n/10 2 \OML/cmm/m/it/10 ^^K\OT1/cmr/m/n/10 )\OML/cmm/m/it/10 ; [] \U/msa/m/n/10 6
 []




Package fancyhdr Warning: \headheight is too small (12.0pt): 
(fancyhdr)                Make it at least 12.34525pt, for example:
(fancyhdr)                \setlength{\headheight}{12.34525pt}.
(fancyhdr)                You might also make \topmargin smaller:
(fancyhdr)                \addtolength{\topmargin}{-0.34525pt}.

[85]


Package fancyhdr Warning: \headheight is too small (12.0pt): 
(fancyhdr)                Make it at least 12.34525pt, for example:
(fancyhdr)                \setlength{\headheight}{12.34525pt}.
(fancyhdr)                You might also make \topmargin smaller:
(fancyhdr)                \addtolength{\topmargin}{-0.34525pt}.

[86]
Overfull \hbox (21.07005pt too wide) in paragraph at lines 331--331
[]\TU/SimSun(0)/m/n/10 取 $\OML/cmm/m/it/10 A[] \OMS/cmsy/m/n/10 2 \OML/cmm/m/it/10 ^^K\OT1/cmr/m/n/10 (\OMS/cmsy/m/n/10 8 \OML/cmm/m/it/10 i \OMS/cmsy/m/n/10 2 \U/msb/m/n/10 Z\OT1/cmr/m/n/10 )$\TU/SimSun(0)/m/n/10 ，| $[] \OML/cmm/m/it/10 T[][] [] [] T[]A[] \OT1/cmr/m/n/10 = []$ 
 []




Package fancyhdr Warning: \headheight is too small (12.0pt): 
(fancyhdr)                Make it at least 12.34525pt, for example:
(fancyhdr)                \setlength{\headheight}{12.34525pt}.
(fancyhdr)                You might also make \topmargin smaller:
(fancyhdr)                \addtolength{\topmargin}{-0.34525pt}.

[87]
Overfull \hbox (0.57062pt too wide) in paragraph at lines 334--334
[]\TU/SimSun(0)/m/n/10 其 中 $[] \OML/cmm/m/it/10 T[]^^K \OT1/cmr/m/n/10 = []$ \TU/SimSun(0)/m/n/10 为
 []


Overfull \hbox (26.21368pt too wide) in paragraph at lines 348--348
[]$\OMS/cmsy/m/n/10 ) 9 \OML/cmm/m/it/10 T[]F[] \OT1/cmr/m/n/10 = \OML/cmm/m/it/10 T[]F[] \OMS/cmsy/m/n/10 [ \OML/cmm/m/it/10 F[]$ \TU/FangSong(0)/m/n/10 中 相 邻 的 两 个 点 $\OMS/cmsy/m/n/10 f\OML/cmm/m/it/10 p[]; p[]\OMS/cmsy/m/n/10 g$\TU/FangSong(0)/m/n/10 ，|  使 得 $\OML/cmm/m/it/10 T[]x \OMS/cmsy/m/n/10 2 \OT1/cmr/m/n/10 [\OML/cmm/m/it/10 p[]; p[]\OT1/cmr/m/n/10 ]\OML/cmm/m/it/10 ; [] <
 []

) (./变分原理.tex


Package fancyhdr Warning: \headheight is too small (12.0pt): 
(fancyhdr)                Make it at least 12.34525pt, for example:
(fancyhdr)                \setlength{\headheight}{12.34525pt}.
(fancyhdr)                You might also make \topmargin smaller:
(fancyhdr)                \addtolength{\topmargin}{-0.34525pt}.

[88]
5

Overfull \hbox (48.82314pt too wide) in paragraph at lines 8--12
[]\TU/SimSun(0)/m/n/10 上 述 定 理 需 要 应 用 多 种 工 具，|  下 面 依 次 介 绍\TU/lmr/m/n/10 . \TU/SimSun(0)/m/n/10 我 们 记 $\OML/cmm/m/it/10 M\OT1/cmr/m/n/10 (\OML/cmm/m/it/10 X\OT1/cmr/m/n/10 ) = []$\TU/SimSun(0)/m/n/10 ，|
 []



[89

]
Overfull \hbox (41.7809pt too wide) in paragraph at lines 37--37
[]\TU/SimSun(0)/m/n/10 基 于 以 上，|  可 以 定 义 $\OML/cmm/m/it/10 M\OT1/cmr/m/n/10 (\OML/cmm/m/it/10 X\OT1/cmr/m/n/10 )$ \TU/SimSun(0)/m/n/10 上 的 度 量 $\OML/cmm/m/it/10 D \OT1/cmr/m/n/10 : \OMS/cmsy/m/n/10 8 \OML/cmm/m/it/10 ^^V; m \OMS/cmsy/m/n/10 2 \OML/cmm/m/it/10 M\OT1/cmr/m/n/10 (\OML/cmm/m/it/10 X\OT1/cmr/m/n/10 )\OML/cmm/m/it/10 ; D\OT1/cmr/m/n/10 (\OML/cmm/m/it/10 ^^V; m\OT1/cmr/m/n/10 ) := [] []$\TU/lmr/m/n/10 . 
 []


Overfull \hbox (21.40466pt too wide) in paragraph at lines 46--50
[]\TU/FangSong(0)/m/n/10 因 此 $[][]$ 
 []




Package fancyhdr Warning: \headheight is too small (12.0pt): 
(fancyhdr)                Make it at least 12.34525pt, for example:
(fancyhdr)                \setlength{\headheight}{12.34525pt}.
(fancyhdr)                You might also make \topmargin smaller:
(fancyhdr)                \addtolength{\topmargin}{-0.34525pt}.

[90]


Package fancyhdr Warning: \headheight is too small (12.0pt): 
(fancyhdr)                Make it at least 12.34525pt, for example:
(fancyhdr)                \setlength{\headheight}{12.34525pt}.
(fancyhdr)                You might also make \topmargin smaller:
(fancyhdr)                \addtolength{\topmargin}{-0.34525pt}.

[91]

LaTeX Warning: Reference `lem:5.2' on page 92 undefined on input line 131.




Package fancyhdr Warning: \headheight is too small (12.0pt): 
(fancyhdr)                Make it at least 12.34525pt, for example:
(fancyhdr)                \setlength{\headheight}{12.34525pt}.
(fancyhdr)                You might also make \topmargin smaller:
(fancyhdr)                \addtolength{\topmargin}{-0.34525pt}.

[92]
Overfull \hbox (4.92036pt too wide) in paragraph at lines 146--153
[]$[][]$
 []




Package fancyhdr Warning: \headheight is too small (12.0pt): 
(fancyhdr)                Make it at least 12.34525pt, for example:
(fancyhdr)                \setlength{\headheight}{12.34525pt}.
(fancyhdr)                You might also make \topmargin smaller:
(fancyhdr)                \addtolength{\topmargin}{-0.34525pt}.

[93]
Overfull \hbox (41.30173pt too wide) in paragraph at lines 177--181
[]\TU/SimSun(0)/m/n/10 如 果 $\OML/cmm/m/it/10 X$ \TU/SimSun(0)/m/n/10 是 一 个 紧 致 度 量 空 间，| $\OML/cmm/m/it/10 T \OT1/cmr/m/n/10 : \OML/cmm/m/it/10 X \OMS/cmsy/m/n/10 ! \OML/cmm/m/it/10 X$ \TU/SimSun(0)/m/n/10 是 连 续 映 射，|  则 定 义 熵 映 射 为 $[][]$ 
 []


Overfull \hbox (66.82pt too wide) detected at line 193
[]
 []


Overfull \hbox (52.02295pt too wide) in paragraph at lines 195--195
[]\TU/FangSong(0)/m/n/10 设 $\OML/cmm/m/it/10 ^^Q \OT1/cmr/m/n/10 = \OMS/cmsy/m/n/10 f\OML/cmm/m/it/10 A[]; A[]; []  ; A[]\OMS/cmsy/m/n/10 g$ \TU/FangSong(0)/m/n/10 是 有 限 可 测 分 解，|  则 $\OML/cmm/m/it/10 H[]\OT1/cmr/m/n/10 (\OML/cmm/m/it/10 ^^Q\OT1/cmr/m/n/10 ) = \OMS/cmsy/m/n/10 ^^@ [] \OML/cmm/m/it/10 ^^^ []$ 
 []


Overfull \hbox (45.38065pt too wide) in paragraph at lines 196--196
[]$\OML/cmm/m/it/10 p \OMS/cmsy/m/n/10 ^^A \OML/cmm/m/it/10 H[]\OT1/cmr/m/n/10 (\OML/cmm/m/it/10 ^^Q\OT1/cmr/m/n/10 ) + (1 \OMS/cmsy/m/n/10 ^^@ \OML/cmm/m/it/10 p\OT1/cmr/m/n/10 )\OML/cmm/m/it/10 H[]\OT1/cmr/m/n/10 (\OML/cmm/m/it/10 ^^Q\OT1/cmr/m/n/10 ) \U/msa/m/n/10 6 \OML/cmm/m/it/10 H[]\OT1/cmr/m/n/10 (\OML/cmm/m/it/10 ^^Q\OT1/cmr/m/n/10 ) \U/msa/m/n/10 6 \OML/cmm/m/it/10 pH[]\OT1/cmr/m/n/10 (\OML/cmm/m/it/10 ^^Q\OT1/cmr/m/n/10 ) + (1 \OMS/cmsy/m/n/10 ^^@ \OML/cmm/m/it/10 p\OT1/cmr/m/n/10 )\OML/cmm/m/it/10 H[]\OT1/cmr/m/n/10 (\OML/cmm/m/it/10 ^^Q\OT1/cmr/m/n/10 ) \OMS/cmsy/m/n/10 ^^@ []$ 
 []


Overfull \hbox (66.38295pt too wide) in paragraph at lines 198--202
[]$[][]$
 []




Package fancyhdr Warning: \headheight is too small (12.0pt): 
(fancyhdr)                Make it at least 12.34525pt, for example:
(fancyhdr)                \setlength{\headheight}{12.34525pt}.
(fancyhdr)                You might also make \topmargin smaller:
(fancyhdr)                \addtolength{\topmargin}{-0.34525pt}.

[94]
Overfull \hbox (45.13103pt too wide) in paragraph at lines 230--230
[]$\OMS/cmsy/m/n/10 ) j\OML/cmm/m/it/10 ^^M[]\OMS/cmsy/m/n/10 j ^^A \OT1/cmr/m/n/10 2[] \U/msa/m/n/10 > \OMS/cmsy/m/n/10 j [] \OML/cmm/m/it/10 T[]^^X\OMS/cmsy/m/n/10 j ) [] [] [] \U/msa/m/n/10 > [] [] [] > []\OML/cmm/m/it/10 H[] []$\TU/lmr/m/n/10 . 
 []




Package fancyhdr Warning: \headheight is too small (12.0pt): 
(fancyhdr)                Make it at least 12.34525pt, for example:
(fancyhdr)                \setlength{\headheight}{12.34525pt}.
(fancyhdr)                You might also make \topmargin smaller:
(fancyhdr)                \addtolength{\topmargin}{-0.34525pt}.

[95]


Package fancyhdr Warning: \headheight is too small (12.0pt): 
(fancyhdr)                Make it at least 12.34525pt, for example:
(fancyhdr)                \setlength{\headheight}{12.34525pt}.
(fancyhdr)                You might also make \topmargin smaller:
(fancyhdr)                \addtolength{\topmargin}{-0.34525pt}.

[96]
Overfull \hbox (42.17915pt too wide) in paragraph at lines 312--312
[]\TU/lmr/m/n/10 (2)$[][]$ 
 []




Package fancyhdr Warning: \headheight is too small (12.0pt): 
(fancyhdr)                Make it at least 12.34525pt, for example:
(fancyhdr)                \setlength{\headheight}{12.34525pt}.
(fancyhdr)                You might also make \topmargin smaller:
(fancyhdr)                \addtolength{\topmargin}{-0.34525pt}.

[97]
Overfull \hbox (5.88422pt too wide) in paragraph at lines 312--312
[]$\OT1/cmr/m/n/10 (\OML/cmm/m/it/10 q\OT1/cmr/m/n/10 )$$[][]$ 
 []


Overfull \hbox (6.74031pt too wide) in paragraph at lines 312--312
[]\TU/FangSong(0)/m/n/10 由 于 熵 映 射 是 仿 射 映 射，|  故 $[][]$ 
 []




Package fancyhdr Warning: \headheight is too small (12.0pt): 
(fancyhdr)                Make it at least 12.34525pt, for example:
(fancyhdr)                \setlength{\headheight}{12.34525pt}.
(fancyhdr)                You might also make \topmargin smaller:
(fancyhdr)                \addtolength{\topmargin}{-0.34525pt}.

[98]
Overfull \hbox (12.19016pt too wide) in paragraph at lines 312--312
[]\TU/FangSong(0)/m/n/10 两 边 同 除 $\OML/cmm/m/it/10 q$ \TU/FangSong(0)/m/n/10 并 取 极 限，|  得 $[] [] [] [] \U/msa/m/n/10 6 [] []\OML/cmm/m/it/10 H[] [] \OT1/cmr/m/n/10 = \OML/cmm/m/it/10 h[]\OT1/cmr/m/n/10 (\OML/cmm/m/it/10 T; ^^Q\OT1/cmr/m/n/10 ) \U/msa/m/n/10 6
 []




Package fancyhdr Warning: \headheight is too small (12.0pt): 
(fancyhdr)                Make it at least 12.34525pt, for example:
(fancyhdr)                \setlength{\headheight}{12.34525pt}.
(fancyhdr)                You might also make \topmargin smaller:
(fancyhdr)                \addtolength{\topmargin}{-0.34525pt}.

[99])


Package fancyhdr Warning: \headheight is too small (12.0pt): 
(fancyhdr)                Make it at least 12.34525pt, for example:
(fancyhdr)                \setlength{\headheight}{12.34525pt}.
(fancyhdr)                You might also make \topmargin smaller:
(fancyhdr)                \addtolength{\topmargin}{-0.34525pt}.

[100] (./动力系统笔记b5.aux)
 ***********
LaTeX2e <2024-11-01> patch level 2
L3 programming layer <2022/07/14>
 ***********


LaTeX Font Warning: Size substitutions with differences
(Font)              up to 1.0pt have occurred.


LaTeX Warning: There were undefined references.


LaTeX Warning: There were multiply-defined labels.

Package rerunfilecheck Info: File `动力系统笔记b5.out' has not changed.
(rerunfilecheck)             Checksum: C6D82F84CE5191460DD8D7EEEFF18854;3139.
 ) 
Here is how much of TeX's memory you used:
 47916 strings out of 473832
 1089513 string characters out of 5733157
 1674212 words of memory out of 5000000
 70147 multiletter control sequences out of 15000+600000
 612252 words of font info for 309 fonts, out of 8000000 for 9000
 1348 hyphenation exceptions out of 8191
 131i,23n,135p,3237b,1302s stack positions out of 10000i,1000n,20000p,200000b,200000s

Output written on 动力系统笔记b5.pdf (103 pages).
