This is XeTeX, Version 3.141592653-2.6-0.999997 (TeX Live 2025) (preloaded format=xelatex 2025.10.9)  13 APR 2026 16:10
entering extended mode
 restricted \write18 enabled.
 %&-line parsing enabled.
**特征标理论.tex
(./特征标理论.tex
LaTeX2e <2024-11-01> patch level 2
L3 programming layer <2025-01-18>
! Undefined control sequence.
l.1 \chapter
            {特征标理论}
? 

! LaTeX Error: Missing \begin{document}.

See the LaTeX manual or LaTeX Companion for explanation.
Type  H <return>  for immediate help.
 ...                                              
                                                  
l.1 \chapter{特
              征标理论}
? 
Missing character: There is no 特 ("7279) in font nullfont!
Missing character: There is no 征 ("5F81) in font nullfont!
Missing character: There is no 标 ("6807) in font nullfont!
Missing character: There is no 理 ("7406) in font nullfont!
Missing character: There is no 论 ("8BBA) in font nullfont!

Overfull \hbox (20.0pt too wide) in paragraph at lines 1--2
[] 
 []

! Undefined control sequence.
l.3 \section
            {特征标}
? 

! LaTeX Error: Missing \begin{document}.

See the LaTeX manual or LaTeX Companion for explanation.
Type  H <return>  for immediate help.
 ...                                              
                                                  
l.3 \section{特
              征标}
? 
Missing character: There is no 特 ("7279) in font nullfont!
Missing character: There is no 征 ("5F81) in font nullfont!
Missing character: There is no 标 ("6807) in font nullfont!

Overfull \hbox (20.0pt too wide) in paragraph at lines 3--4
[] 
 []


! LaTeX Error: Environment definition undefined.

See the LaTeX manual or LaTeX Companion for explanation.
Type  H <return>  for immediate help.
 ...                                              
                                                  
l.6 \begin{definition}
                      [特征标]
? 

! LaTeX Error: Missing \begin{document}.

See the LaTeX manual or LaTeX Companion for explanation.
Type  H <return>  for immediate help.
 ...                                              
                                                  
l.6 \begin{definition}[
                       特征标]
? 
Missing character: There is no [ ("5B) in font nullfont!
Missing character: There is no 特 ("7279) in font nullfont!
Missing character: There is no 征 ("5F81) in font nullfont!
Missing character: There is no 标 ("6807) in font nullfont!
Missing character: There is no ] ("5D) in font nullfont!
Missing character: There is no 设 ("8BBE) in font nullfont!
LaTeX Font Info:    External font `cmex10' loaded for size
(Font)              <7> on input line 7.
LaTeX Font Info:    External font `cmex10' loaded for size
(Font)              <5> on input line 7.
Missing character: There is no 是 ("662F) in font nullfont!
Missing character: There is no 群 ("7FA4) in font nullfont!
Missing character: There is no 的 ("7684) in font nullfont!
Missing character: There is no 表 ("8868) in font nullfont!
Missing character: There is no 示 ("793A) in font nullfont!
Missing character: There is no ， ("FF0C) in font nullfont!
Missing character: There is no 则 ("5219) in font nullfont!
Missing character: There is no 其 ("5176) in font nullfont!
! Undefined control sequence.
l.7     设$(\rho,V)$是群$G$的表示，则其\greenbf
                                      {特征标}为函数
? 
Missing character: There is no 特 ("7279) in font nullfont!
Missing character: There is no 征 ("5F81) in font nullfont!
Missing character: There is no 标 ("6807) in font nullfont!
Missing character: There is no 为 ("4E3A) in font nullfont!
Missing character: There is no 函 ("51FD) in font nullfont!
Missing character: There is no 数 ("6570) in font nullfont!
! Undefined control sequence.
<recently read> \setjot 
                        
l.8     $\setjot
                [-2]\begin{aligned}[t]
? 

! LaTeX Error: Environment aligned undefined.

See the LaTeX manual or LaTeX Companion for explanation.
Type  H <return>  for immediate help.
 ...                                              
                                                  
l.8     $\setjot[-2]\begin{aligned}
                                   [t]
? 
! Misplaced alignment tab character &.
l.9         \chi_\rho:G&
                        \to \mathbb{F} \\
? 
! Undefined control sequence.
l.9         \chi_\rho:G&\to \mathbb
                                   {F} \\
? 
! Misplaced alignment tab character &.
l.10         g&
               \mapsto \chi_\rho(g)\triangleq \tr(\rho(g))=\tr(R_g)
? 
! Undefined control sequence.
l.10         g&\mapsto \chi_\rho(g)\triangleq
                                              \tr(\rho(g))=\tr(R_g)
? 
! Undefined control sequence.
l.10         g&\mapsto \chi_\rho(g)\triangleq \tr
                                                 (\rho(g))=\tr(R_g)
? 
! Undefined control sequence.
l.10 ...to \chi_\rho(g)\triangleq \tr(\rho(g))=\tr
                                                  (R_g)
? 

! LaTeX Error: \begin{document} ended by \end{aligned}.

See the LaTeX manual or LaTeX Companion for explanation.
Type  H <return>  for immediate help.
 ...                                              
                                                  
l.11     \end{aligned}
                      $\par
? 

Overfull \hbox (20.0pt too wide) in paragraph at lines 6--11
[]
 []


Overfull \hbox (33.31041pt too wide) in paragraph at lines 6--11
\OT1/cmr/m/n/10 (\OML/cmm/m/it/10 ^^Z; V\OT1/cmr/m/n/10 )$$\OML/cmm/m/it/10 G$
 []


Overfull \hbox (43.96147pt too wide) in paragraph at lines 6--11
\OT1/cmr/m/n/10 [\OMS/cmsy/m/n/10 ^^@\OT1/cmr/m/n/10 2][\OML/cmm/m/it/10 t\OT1/
cmr/m/n/10 ]\OML/cmm/m/it/10 ^^_[] \OT1/cmr/m/n/10 :
 []


Overfull \hbox (20.64021pt too wide) in paragraph at lines 6--11
\OML/cmm/m/it/10 G \OMS/cmsy/m/n/10 !
 []


Overfull \hbox (7.81946pt too wide) in paragraph at lines 6--11
\OML/cmm/m/it/10 F[] 
 []


Overfull \hbox (17.90619pt too wide) in paragraph at lines 6--11
\OML/cmm/m/it/10 g \OMS/cmsy/m/n/10 7!
 []


Overfull \hbox (60.2219pt too wide) in paragraph at lines 6--11
\OML/cmm/m/it/10 ^^_[]\OT1/cmr/m/n/10 (\OML/cmm/m/it/10 g\OT1/cmr/m/n/10 )(\OML
/cmm/m/it/10 ^^Z\OT1/cmr/m/n/10 (\OML/cmm/m/it/10 g\OT1/cmr/m/n/10 )) =
 []


Overfull \hbox (20.02315pt too wide) in paragraph at lines 6--11
\OT1/cmr/m/n/10 (\OML/cmm/m/it/10 R[]\OT1/cmr/m/n/10 )$ 
 []


! LaTeX Error: Missing \begin{document}.

See the LaTeX manual or LaTeX Companion for explanation.
Type  H <return>  for immediate help.
 ...                                              
                                                  
l.12     定
          义特征标的\greenbf{次数}为$\mathrm{deg}\,\chi\triangleq\dim V=\mathrm{deg}...

? 
Missing character: There is no 定 ("5B9A) in font nullfont!
Missing character: There is no 义 ("4E49) in font nullfont!
Missing character: There is no 特 ("7279) in font nullfont!
Missing character: There is no 征 ("5F81) in font nullfont!
Missing character: There is no 标 ("6807) in font nullfont!
Missing character: There is no 的 ("7684) in font nullfont!
! Undefined control sequence.
l.12     定义特征标的\greenbf
                       {次数}为$\mathrm{deg}\,\chi\triangleq\dim V=\mathrm{deg}...

? 
Missing character: There is no 次 ("6B21) in font nullfont!
Missing character: There is no 数 ("6570) in font nullfont!
Missing character: There is no 为 ("4E3A) in font nullfont!
! Undefined control sequence.
l.12 ...\greenbf{次数}为$\mathrm{deg}\,\chi\triangleq
                                                  \dim V=\mathrm{deg}\,\rho$...

? 
Missing character: There is no . ("2E) in font nullfont!

Overfull \hbox (81.67348pt too wide) in paragraph at lines 12--12
[]$[] \OML/cmm/m/it/10 ^^_ [] V \OT1/cmr/m/n/10 =
 []


Overfull \hbox (21.97568pt too wide) in paragraph at lines 12--12
[] \OML/cmm/m/it/10 ^^Z$ 
 []


! LaTeX Error: Missing \begin{document}.

See the LaTeX manual or LaTeX Companion for explanation.
Type  H <return>  for immediate help.
 ...                                              
                                                  
l.13     若
          $\rho$不可约，其称其特征标为\greenbf{不可约特征标}.
? 
Missing character: There is no 若 ("82E5) in font nullfont!
Missing character: There is no 不 ("4E0D) in font nullfont!
Missing character: There is no 可 ("53EF) in font nullfont!
Missing character: There is no 约 ("7EA6) in font nullfont!
Missing character: There is no ， ("FF0C) in font nullfont!
Missing character: There is no 其 ("5176) in font nullfont!
Missing character: There is no 称 ("79F0) in font nullfont!
Missing character: There is no 其 ("5176) in font nullfont!
Missing character: There is no 特 ("7279) in font nullfont!
Missing character: There is no 征 ("5F81) in font nullfont!
Missing character: There is no 标 ("6807) in font nullfont!
Missing character: There is no 为 ("4E3A) in font nullfont!
! Undefined control sequence.
l.13     若$\rho$不可约，其称其特征标为\greenbf
                                   {不可约特征标}.
? 
Missing character: There is no 不 ("4E0D) in font nullfont!
Missing character: There is no 可 ("53EF) in font nullfont!
Missing character: There is no 约 ("7EA6) in font nullfont!
Missing character: There is no 特 ("7279) in font nullfont!
Missing character: There is no 征 ("5F81) in font nullfont!
Missing character: There is no 标 ("6807) in font nullfont!
Missing character: There is no . ("2E) in font nullfont!

! LaTeX Error: \begin{document} ended by \end{definition}.

See the LaTeX manual or LaTeX Companion for explanation.
Type  H <return>  for immediate help.
 ...                                              
                                                  
l.14 \end{definition}
                     
? 

Overfull \hbox (25.17015pt too wide) in paragraph at lines 13--15
[]$\OML/cmm/m/it/10 ^^Z$
 []


! LaTeX Error: Missing \begin{document}.

See the LaTeX manual or LaTeX Companion for explanation.
Type  H <return>  for immediate help.
 ...                                              
                                                  
l.16 下
      面看一些特征标的例子.\par
? 
Missing character: There is no 下 ("4E0B) in font nullfont!
Missing character: There is no 面 ("9762) in font nullfont!
Missing character: There is no 看 ("770B) in font nullfont!
Missing character: There is no 一 ("4E00) in font nullfont!
Missing character: There is no 些 ("4E9B) in font nullfont!
Missing character: There is no 特 ("7279) in font nullfont!
Missing character: There is no 征 ("5F81) in font nullfont!
Missing character: There is no 标 ("6807) in font nullfont!
Missing character: There is no 的 ("7684) in font nullfont!
Missing character: There is no 例 ("4F8B) in font nullfont!
Missing character: There is no 子 ("5B50) in font nullfont!
Missing character: There is no . ("2E) in font nullfont!

Overfull \hbox (20.0pt too wide) in paragraph at lines 16--16
[] 
 []


! LaTeX Error: Environment instance undefined.

See the LaTeX manual or LaTeX Companion for explanation.
Type  H <return>  for immediate help.
 ...                                              
                                                  
l.17 \begin{instance}
                     
? 

! LaTeX Error: Missing \begin{document}.

See the LaTeX manual or LaTeX Companion for explanation.
Type  H <return>  for immediate help.
 ...                                              
                                                  
l.18     (
          1) 考虑单位表示$\setjot[-6]\begin{aligned}[t]
? 
Missing character: There is no ( ("28) in font nullfont!
Missing character: There is no 1 ("31) in font nullfont!
Missing character: There is no ) ("29) in font nullfont!
Missing character: There is no 考 ("8003) in font nullfont!
Missing character: There is no 虑 ("8651) in font nullfont!
Missing character: There is no 单 ("5355) in font nullfont!
Missing character: There is no 位 ("4F4D) in font nullfont!
Missing character: There is no 表 ("8868) in font nullfont!
Missing character: There is no 示 ("793A) in font nullfont!
! Undefined control sequence.
<recently read> \setjot 
                        
l.18     (1) 考虑单位表示$\setjot
                           [-6]\begin{aligned}[t]
? 

! LaTeX Error: Environment aligned undefined.

See the LaTeX manual or LaTeX Companion for explanation.
Type  H <return>  for immediate help.
 ...                                              
                                                  
l.18     (1) 考虑单位表示$\setjot[-6]\begin{aligned}
                                              [t]
? 
! Misplaced alignment tab character &.
l.19         \rho:G&
                    \to GL(V)\cong \mathbb{F}^* \\
? 
! Undefined control sequence.
l.19         \rho:G&\to GL(V)\cong \mathbb
                                          {F}^* \\
? 
! Misplaced alignment tab character &.
l.20         g&
               \mapsto 1_V
? 

! LaTeX Error: \begin{document} ended by \end{aligned}.

See the LaTeX manual or LaTeX Companion for explanation.
Type  H <return>  for immediate help.
 ...                                              
                                                  
l.21     \end{aligned}
                      $，则$\chi_\rho(g)=\tr(1_V)=1$\par
? 
Missing character: There is no ， ("FF0C) in font nullfont!
Missing character: There is no 则 ("5219) in font nullfont!
! Undefined control sequence.
l.21     \end{aligned}$，则$\chi_\rho(g)=\tr
                                          (1_V)=1$\par
? 

Overfull \hbox (20.0pt too wide) in paragraph at lines 18--21
[]
 []


Overfull \hbox (38.22572pt too wide) in paragraph at lines 18--21
\OT1/cmr/m/n/10 [\OMS/cmsy/m/n/10 ^^@\OT1/cmr/m/n/10 6][\OML/cmm/m/it/10 t\OT1/
cmr/m/n/10 ]\OML/cmm/m/it/10 ^^Z \OT1/cmr/m/n/10 :
 []


Overfull \hbox (20.64021pt too wide) in paragraph at lines 18--21
\OML/cmm/m/it/10 G \OMS/cmsy/m/n/10 !
 []


Overfull \hbox (41.05693pt too wide) in paragraph at lines 18--21
\OML/cmm/m/it/10 GL\OT1/cmr/m/n/10 (\OML/cmm/m/it/10 V\OT1/cmr/m/n/10 ) []
 []


Overfull \hbox (12.41669pt too wide) in paragraph at lines 18--21
\OML/cmm/m/it/10 F[][] 
 []


Overfull \hbox (17.90619pt too wide) in paragraph at lines 18--21
\OML/cmm/m/it/10 g \OMS/cmsy/m/n/10 7!
 []


Overfull \hbox (46.31216pt too wide) in paragraph at lines 18--21
\OT1/cmr/m/n/10 1[]$$\OML/cmm/m/it/10 ^^_[]\OT1/cmr/m/n/10 (\OML/cmm/m/it/10 g\
OT1/cmr/m/n/10 ) =
 []


Overfull \hbox (30.2778pt too wide) in paragraph at lines 18--21
\OT1/cmr/m/n/10 (1[]) =
 []


Overfull \hbox (5.00002pt too wide) in paragraph at lines 18--21
\OT1/cmr/m/n/10 1$ 
 []


! LaTeX Error: Missing \begin{document}.

See the LaTeX manual or LaTeX Companion for explanation.
Type  H <return>  for immediate help.
 ...                                              
                                                  
l.22     (
          2) 对于正则表示，$\mathbb{F}G=V$，则$g=1$时，$\rho(g)$为单位矩阵，$g\neq 1$时，$\rho(...

? 
Missing character: There is no ( ("28) in font nullfont!
Missing character: There is no 2 ("32) in font nullfont!
Missing character: There is no ) ("29) in font nullfont!
Missing character: There is no 对 ("5BF9) in font nullfont!
Missing character: There is no 于 ("4E8E) in font nullfont!
Missing character: There is no 正 ("6B63) in font nullfont!
Missing character: There is no 则 ("5219) in font nullfont!
Missing character: There is no 表 ("8868) in font nullfont!
Missing character: There is no 示 ("793A) in font nullfont!
Missing character: There is no ， ("FF0C) in font nullfont!
! Undefined control sequence.
<recently read> \mathbb 
                        
l.22     (2) 对于正则表示，$\mathbb
                            {F}G=V$，则$g=1$时，$\rho(g)$为单位矩阵，$g\neq 1$时，$\rho(...

? 
Missing character: There is no ， ("FF0C) in font nullfont!
Missing character: There is no 则 ("5219) in font nullfont!
Missing character: There is no 时 ("65F6) in font nullfont!
Missing character: There is no ， ("FF0C) in font nullfont!
Missing character: There is no 为 ("4E3A) in font nullfont!
Missing character: There is no 单 ("5355) in font nullfont!
Missing character: There is no 位 ("4F4D) in font nullfont!
Missing character: There is no 矩 ("77E9) in font nullfont!
Missing character: There is no 阵 ("9635) in font nullfont!
Missing character: There is no ， ("FF0C) in font nullfont!
Missing character: There is no 时 ("65F6) in font nullfont!
Missing character: There is no ， ("FF0C) in font nullfont!
Missing character: There is no 为 ("4E3A) in font nullfont!
Missing character: There is no 置 ("7F6E) in font nullfont!
Missing character: There is no 换 ("6362) in font nullfont!
Missing character: There is no 矩 ("77E9) in font nullfont!
Missing character: There is no 阵 ("9635) in font nullfont!
Missing character: There is no . ("2E) in font nullfont!

Overfull \hbox (20.0pt too wide) in paragraph at lines 22--22
[]
 []


Overfull \hbox (26.23746pt too wide) in paragraph at lines 22--22
\OML/cmm/m/it/10 FG \OT1/cmr/m/n/10 =
 []


Overfull \hbox (23.73953pt too wide) in paragraph at lines 22--22
\OML/cmm/m/it/10 V$$g \OT1/cmr/m/n/10 =
 []


Overfull \hbox (38.7604pt too wide) in paragraph at lines 22--22
\OT1/cmr/m/n/10 1$$\OML/cmm/m/it/10 ^^Z\OT1/cmr/m/n/10 (\OML/cmm/m/it/10 g\OT1/
cmr/m/n/10 )$$\OML/cmm/m/it/10 g \OMS/cmsy/m/n/10 6\OT1/cmr/m/n/10 =
 []


Overfull \hbox (23.07643pt too wide) in paragraph at lines 22--22
\OT1/cmr/m/n/10 1$$\OML/cmm/m/it/10 ^^Z\OT1/cmr/m/n/10 (\OML/cmm/m/it/10 g\OT1/
cmr/m/n/10 )$ 
 []


! LaTeX Error: Missing \begin{document}.

See the LaTeX manual or LaTeX Companion for explanation.
Type  H <return>  for immediate help.
 ...                                              
                                                  
l.23     因
          此$\chi(g)=\begin{cases}
? 
Missing character: There is no 因 ("56E0) in font nullfont!
Missing character: There is no 此 ("6B64) in font nullfont!
! Misplaced alignment tab character &.
l.24     n,&
             g=1 \\
? 
! Misplaced alignment tab character &.
l.25     0,&
             g\neq 1
? 

Overfull \hbox (49.71869pt too wide) in paragraph at lines 23--26
[]$\OML/cmm/m/it/10 ^^_\OT1/cmr/m/n/10 (\OML/cmm/m/it/10 g\OT1/cmr/m/n/10 ) =
 []


Overfull \hbox (35.664pt too wide) in paragraph at lines 23--26
[] \OML/cmm/m/it/10 ; g \OT1/cmr/m/n/10 =
 []


Overfull \hbox (5.00002pt too wide) in paragraph at lines 23--26
\OT1/cmr/m/n/10 1[] 
 []


Overfull \hbox (25.1284pt too wide) in paragraph at lines 23--26
\OT1/cmr/m/n/10 0\OML/cmm/m/it/10 ; g \OMS/cmsy/m/n/10 6\OT1/cmr/m/n/10 =
 []


Overfull \hbox (5.00002pt too wide) in paragraph at lines 23--26
\OT1/cmr/m/n/10 1$ 
 []


! LaTeX Error: Missing \begin{document}.

See the LaTeX manual or LaTeX Companion for explanation.
Type  H <return>  for immediate help.
 ...                                              
                                                  
l.27     (
          3) 设$G=\langle g\rangle, o(g)=p$，则$\mathbb{Q}G=(\mathbb{Q}\sum g^i...

? 
Missing character: There is no ( ("28) in font nullfont!
Missing character: There is no 3 ("33) in font nullfont!
Missing character: There is no ) ("29) in font nullfont!
Missing character: There is no 设 ("8BBE) in font nullfont!
Missing character: There is no ， ("FF0C) in font nullfont!
Missing character: There is no 则 ("5219) in font nullfont!
! Undefined control sequence.
<recently read> \mathbb 
                        
l.27 ...3) 设$G=\langle g\rangle, o(g)=p$，则$\mathbb
                                                  {Q}G=(\mathbb{Q}\sum g^i)\...

? 
! Undefined control sequence.
l.27 ...e g\rangle, o(g)=p$，则$\mathbb{Q}G=(\mathbb
                                                  {Q}\sum g^i)\oplus U$，其中$U...

? 
Missing character: There is no ， ("FF0C) in font nullfont!
Missing character: There is no 其 ("5176) in font nullfont!
Missing character: There is no 中 ("4E2D) in font nullfont!
! Undefined control sequence.
l.27 ...(\mathbb{Q}\sum g^i)\oplus U$，其中$U=\mathbb
                                                  {Q}(g-1)+\mathbb{Q}(g^2-g)...

? 
! Undefined control sequence.
l.27 ...g^i)\oplus U$，其中$U=\mathbb{Q}(g-1)+\mathbb
                                                  {Q}(g^2-g)+\cdots+\mathbb{...

? 
! Undefined control sequence.
l.27 ...b{Q}(g-1)+\mathbb{Q}(g^2-g)+\cdots+\mathbb
                                                  {Q}(g^{p-1}-g^{p-2})$\par
? 

Overfull \hbox (20.0pt too wide) in paragraph at lines 27--27
[]
 []


Overfull \hbox (18.418pt too wide) in paragraph at lines 27--27
\OML/cmm/m/it/10 G \OT1/cmr/m/n/10 =
 []


Overfull \hbox (45.65968pt too wide) in paragraph at lines 27--27
\OMS/cmsy/m/n/10 h\OML/cmm/m/it/10 g\OMS/cmsy/m/n/10 i\OML/cmm/m/it/10 ; o\OT1/
cmr/m/n/10 (\OML/cmm/m/it/10 g\OT1/cmr/m/n/10 ) =
 []


Overfull \hbox (31.3548pt too wide) in paragraph at lines 27--27
\OML/cmm/m/it/10 p$$QG \OT1/cmr/m/n/10 =
 []


Overfull \hbox (45.80774pt too wide) in paragraph at lines 27--27
\OT1/cmr/m/n/10 (\OML/cmm/m/it/10 Q [] g[]\OT1/cmr/m/n/10 ) \OMS/cmsy/m/n/10 ^^
H
 []


Overfull \hbox (26.39157pt too wide) in paragraph at lines 27--27
\OML/cmm/m/it/10 U$$U \OT1/cmr/m/n/10 =
 []


Overfull \hbox (24.70071pt too wide) in paragraph at lines 27--27
\OML/cmm/m/it/10 Q\OT1/cmr/m/n/10 (\OML/cmm/m/it/10 g \OMS/cmsy/m/n/10 ^^@
 []


Overfull \hbox (16.66672pt too wide) in paragraph at lines 27--27
\OT1/cmr/m/n/10 1) +
 []


Overfull \hbox (29.18684pt too wide) in paragraph at lines 27--27
\OML/cmm/m/it/10 Q\OT1/cmr/m/n/10 (\OML/cmm/m/it/10 g[] \OMS/cmsy/m/n/10 ^^@
 []


Overfull \hbox (16.79517pt too wide) in paragraph at lines 27--27
\OML/cmm/m/it/10 g\OT1/cmr/m/n/10 ) +
 []


Overfull \hbox (19.44441pt too wide) in paragraph at lines 27--27
[] \OT1/cmr/m/n/10 +
 []


Overfull \hbox (39.5592pt too wide) in paragraph at lines 27--27
\OML/cmm/m/it/10 Q\OT1/cmr/m/n/10 (\OML/cmm/m/it/10 g[] \OMS/cmsy/m/n/10 ^^@
 []


Overfull \hbox (23.87585pt too wide) in paragraph at lines 27--27
\OML/cmm/m/it/10 g[]\OT1/cmr/m/n/10 )$ 
 []


! LaTeX Error: Missing \begin{document}.

See the LaTeX manual or LaTeX Companion for explanation.
Type  H <return>  for immediate help.
 ...                                              
                                                  
l.28     考
          虑$U$的特征标$\chi_U(g)$.\par
? 
Missing character: There is no 考 ("8003) in font nullfont!
Missing character: There is no 虑 ("8651) in font nullfont!
Missing character: There is no 的 ("7684) in font nullfont!
Missing character: There is no 特 ("7279) in font nullfont!
Missing character: There is no 征 ("5F81) in font nullfont!
Missing character: There is no 标 ("6807) in font nullfont!
Missing character: There is no . ("2E) in font nullfont!

Overfull \hbox (53.7794pt too wide) in paragraph at lines 28--28
[]$\OML/cmm/m/it/10 U$$^^_[]\OT1/cmr/m/n/10 (\OML/cmm/m/it/10 g\OT1/cmr/m/n/10 
)$ 
 []


! LaTeX Error: Missing \begin{document}.

See the LaTeX manual or LaTeX Companion for explanation.
Type  H <return>  for immediate help.
 ...                                              
                                                  
l.29     若
          $g=1$，$1(g-1,g^2-g,\cdots,g^{p-1}-g^{p-2})=(g-1,\cdots,g^{p-1}-g^{...

? 
Missing character: There is no 若 ("82E5) in font nullfont!
Missing character: There is no ， ("FF0C) in font nullfont!
Missing character: There is no . ("2E) in font nullfont!

Overfull \hbox (35.68398pt too wide) in paragraph at lines 29--29
[]$\OML/cmm/m/it/10 g \OT1/cmr/m/n/10 =
 []


Overfull \hbox (26.7952pt too wide) in paragraph at lines 29--29
\OT1/cmr/m/n/10 1$$1(\OML/cmm/m/it/10 g \OMS/cmsy/m/n/10 ^^@
 []


Overfull \hbox (26.83682pt too wide) in paragraph at lines 29--29
\OT1/cmr/m/n/10 1\OML/cmm/m/it/10 ; g[] \OMS/cmsy/m/n/10 ^^@
 []


Overfull \hbox (55.11528pt too wide) in paragraph at lines 29--29
\OML/cmm/m/it/10 g; [] ; g[] \OMS/cmsy/m/n/10 ^^@
 []


Overfull \hbox (34.43137pt too wide) in paragraph at lines 29--29
\OML/cmm/m/it/10 g[]\OT1/cmr/m/n/10 ) =
 []


Overfull \hbox (16.79517pt too wide) in paragraph at lines 29--29
\OT1/cmr/m/n/10 (\OML/cmm/m/it/10 g \OMS/cmsy/m/n/10 ^^@
 []


Overfull \hbox (54.98683pt too wide) in paragraph at lines 29--29
\OT1/cmr/m/n/10 1\OML/cmm/m/it/10 ; [] ; g[] \OMS/cmsy/m/n/10 ^^@
 []


Overfull \hbox (26.65364pt too wide) in paragraph at lines 29--29
\OML/cmm/m/it/10 g[]\OT1/cmr/m/n/10 ) \OMS/cmsy/m/n/10 ^^A
 []


Overfull \hbox (19.25433pt too wide) in paragraph at lines 29--29
\OML/cmm/m/it/10 I[]$ 
 []


! LaTeX Error: Missing \begin{document}.

See the LaTeX manual or LaTeX Companion for explanation.
Type  H <return>  for immediate help.
 ...                                              
                                                  
l.30     若
          $g\neq 1$，$g(g-1,\cdots,g^{p-1}-g^{p-2})=(g-1,\cdots,g^{p-1}-g^{p-...

? 
Missing character: There is no 若 ("82E5) in font nullfont!
Missing character: There is no ， ("FF0C) in font nullfont!
! Misplaced alignment tab character &.
l.31     0 &
             0 & \cdots & -1 \\
? 
! Misplaced alignment tab character &.
l.31     0 & 0 &
                 \cdots & -1 \\
? 
! Misplaced alignment tab character &.
l.31     0 & 0 & \cdots &
                          -1 \\
? 
! Misplaced alignment tab character &.
l.32     1 &
             0 & \cdots & -1 \\
? 
! Misplaced alignment tab character &.
l.32     1 & 0 &
                 \cdots & -1 \\
? 
! Misplaced alignment tab character &.
l.32     1 & 0 & \cdots &
                          -1 \\
? 
Missing character: There is no . ("2E) in font nullfont!
Missing character: There is no . ("2E) in font nullfont!
Missing character: There is no . ("2E) in font nullfont!
! Misplaced alignment tab character &.
l.33     \vdots &
                  \ddots & \ddots & \vdots \\
? 
Missing character: There is no . ("2E) in font nullfont!
Missing character: There is no . ("2E) in font nullfont!
Missing character: There is no . ("2E) in font nullfont!
! Misplaced alignment tab character &.
l.33     \vdots & \ddots &
                           \ddots & \vdots \\
? 
Missing character: There is no . ("2E) in font nullfont!
Missing character: There is no . ("2E) in font nullfont!
Missing character: There is no . ("2E) in font nullfont!
! Misplaced alignment tab character &.
l.33     \vdots & \ddots & \ddots &
                                    \vdots \\
? 
Missing character: There is no . ("2E) in font nullfont!
Missing character: There is no . ("2E) in font nullfont!
Missing character: There is no . ("2E) in font nullfont!
! Misplaced alignment tab character &.
l.34     0 &
             \cdots & 1 & -1
? 
! Misplaced alignment tab character &.
l.34     0 & \cdots &
                      1 & -1
? 
! Misplaced alignment tab character &.
l.34     0 & \cdots & 1 &
                          -1
? 

Overfull \hbox (35.68398pt too wide) in paragraph at lines 30--35
[]$\OML/cmm/m/it/10 g \OMS/cmsy/m/n/10 6\OT1/cmr/m/n/10 =
 []


Overfull \hbox (26.92365pt too wide) in paragraph at lines 30--35
\OT1/cmr/m/n/10 1$$\OML/cmm/m/it/10 g\OT1/cmr/m/n/10 (\OML/cmm/m/it/10 g \OMS/c
msy/m/n/10 ^^@
 []


Overfull \hbox (54.98683pt too wide) in paragraph at lines 30--35
\OT1/cmr/m/n/10 1\OML/cmm/m/it/10 ; [] ; g[] \OMS/cmsy/m/n/10 ^^@
 []


Overfull \hbox (34.43137pt too wide) in paragraph at lines 30--35
\OML/cmm/m/it/10 g[]\OT1/cmr/m/n/10 ) =
 []


Overfull \hbox (16.79517pt too wide) in paragraph at lines 30--35
\OT1/cmr/m/n/10 (\OML/cmm/m/it/10 g \OMS/cmsy/m/n/10 ^^@
 []


Overfull \hbox (54.98683pt too wide) in paragraph at lines 30--35
\OT1/cmr/m/n/10 1\OML/cmm/m/it/10 ; [] ; g[] \OMS/cmsy/m/n/10 ^^@
 []


Overfull \hbox (69.43123pt too wide) in paragraph at lines 30--35
\OML/cmm/m/it/10 g[]\OT1/cmr/m/n/10 ) [] 0 [] \OMS/cmsy/m/n/10 ^^@
 []


Overfull \hbox (5.00002pt too wide) in paragraph at lines 30--35
\OT1/cmr/m/n/10 1[] 
 []


Overfull \hbox (31.11107pt too wide) in paragraph at lines 30--35
\OT1/cmr/m/n/10 10 [] \OMS/cmsy/m/n/10 ^^@
 []


Overfull \hbox (5.00002pt too wide) in paragraph at lines 30--35
\OT1/cmr/m/n/10 1[] 
 []


Overfull \hbox (11.66638pt too wide) in paragraph at lines 30--35
[] [] [] [][] 
 []


Overfull \hbox (32.7777pt too wide) in paragraph at lines 30--35
\OT1/cmr/m/n/10 0 [] 1 \OMS/cmsy/m/n/10 ^^@
 []


Overfull \hbox (5.00002pt too wide) in paragraph at lines 30--35
\OT1/cmr/m/n/10 1$ 
 []


! LaTeX Error: Missing \begin{document}.

See the LaTeX manual or LaTeX Companion for explanation.
Type  H <return>  for immediate help.
 ...                                              
                                                  
l.36     因
          此$\chi_U(g)=\begin{cases}
? 
Missing character: There is no 因 ("56E0) in font nullfont!
Missing character: There is no 此 ("6B64) in font nullfont!
! Misplaced alignment tab character &.
l.37     p-1,&
               g=1 \\
? 
! Misplaced alignment tab character &.
l.38     -1,&
              g\neq 1
? 

! LaTeX Error: \begin{document} ended by \end{instance}.

See the LaTeX manual or LaTeX Companion for explanation.
Type  H <return>  for immediate help.
 ...                                              
                                                  
l.40 \end{instance}
                   
? 

Overfull \hbox (56.41689pt too wide) in paragraph at lines 36--41
[]$\OML/cmm/m/it/10 ^^_[]\OT1/cmr/m/n/10 (\OML/cmm/m/it/10 g\OT1/cmr/m/n/10 ) =

 []


Overfull \hbox (20.67569pt too wide) in paragraph at lines 36--41
[] \OMS/cmsy/m/n/10 ^^@
 []


Overfull \hbox (25.1284pt too wide) in paragraph at lines 36--41
\OT1/cmr/m/n/10 1\OML/cmm/m/it/10 ; g \OT1/cmr/m/n/10 =
 []


Overfull \hbox (5.00002pt too wide) in paragraph at lines 36--41
\OT1/cmr/m/n/10 1[] 
 []


Overfull \hbox (7.7778pt too wide) in paragraph at lines 36--41
\OMS/cmsy/m/n/10 ^^@
 []


Overfull \hbox (25.1284pt too wide) in paragraph at lines 36--41
\OT1/cmr/m/n/10 1\OML/cmm/m/it/10 ; g \OMS/cmsy/m/n/10 6\OT1/cmr/m/n/10 =
 []


Overfull \hbox (5.00002pt too wide) in paragraph at lines 36--41
\OT1/cmr/m/n/10 1$
 []


! LaTeX Error: Missing \begin{document}.

See the LaTeX manual or LaTeX Companion for explanation.
Type  H <return>  for immediate help.
 ...                                              
                                                  
l.42 下
      面看特征标所满足的一些性质.\par
? 
Missing character: There is no 下 ("4E0B) in font nullfont!
Missing character: There is no 面 ("9762) in font nullfont!
Missing character: There is no 看 ("770B) in font nullfont!
Missing character: There is no 特 ("7279) in font nullfont!
Missing character: There is no 征 ("5F81) in font nullfont!
Missing character: There is no 标 ("6807) in font nullfont!
Missing character: There is no 所 ("6240) in font nullfont!
Missing character: There is no 满 ("6EE1) in font nullfont!
Missing character: There is no 足 ("8DB3) in font nullfont!
Missing character: There is no 的 ("7684) in font nullfont!
Missing character: There is no 一 ("4E00) in font nullfont!
Missing character: There is no 些 ("4E9B) in font nullfont!
Missing character: There is no 性 ("6027) in font nullfont!
Missing character: There is no 质 ("8D28) in font nullfont!
Missing character: There is no . ("2E) in font nullfont!

Overfull \hbox (20.0pt too wide) in paragraph at lines 42--42
[] 
 []


! LaTeX Error: Environment property undefined.

See the LaTeX manual or LaTeX Companion for explanation.
Type  H <return>  for immediate help.
 ...                                              
                                                  
l.44 \begin{property}
                     []
? 

! LaTeX Error: Missing \begin{document}.

See the LaTeX manual or LaTeX Companion for explanation.
Type  H <return>  for immediate help.
 ...                                              
                                                  
l.44 \begin{property}[
                      ]
? 
Missing character: There is no [ ("5B) in font nullfont!
Missing character: There is no ] ("5D) in font nullfont!

Overfull \hbox (20.0pt too wide) in paragraph at lines 44--45
[] 
 []


Overfull \hbox (29.59024pt too wide) in paragraph at lines 46--47
\OML/cmm/m/it/10 ^^_\OT1/cmr/m/n/10 (1) =
 []


Overfull \hbox (21.97568pt too wide) in paragraph at lines 46--47
[] \OML/cmm/m/it/10 ^^Z$ 
 []


Overfull \hbox (42.75346pt too wide) in paragraph at lines 47--48
\OT1/cmr/m/n/10 (\OML/cmm/m/it/10 ^^Z[]; V[]\OT1/cmr/m/n/10 ) []
 []


Overfull \hbox (44.97568pt too wide) in paragraph at lines 47--48
\OT1/cmr/m/n/10 (\OML/cmm/m/it/10 ^^Z[]; V[]\OT1/cmr/m/n/10 ) \OMS/cmsy/m/n/10 
)
 []


Overfull \hbox (21.29855pt too wide) in paragraph at lines 47--48
\OML/cmm/m/it/10 ^^_[] \OT1/cmr/m/n/10 =
 []


Overfull \hbox (10.74304pt too wide) in paragraph at lines 47--48
\OML/cmm/m/it/10 ^^_[]$ 
 []

Missing character: There is no ， ("FF0C) in font nullfont!
Missing character: There is no 特 ("7279) in font nullfont!
Missing character: There is no 别 ("522B) in font nullfont!
Missing character: There is no 地 ("5730) in font nullfont!
Missing character: There is no ， ("FF0C) in font nullfont!
Missing character: There is no 即 ("5373) in font nullfont!
Missing character: There is no 是 ("662F) in font nullfont!
Missing character: There is no 上 ("4E0A) in font nullfont!
Missing character: There is no 的 ("7684) in font nullfont!
Missing character: There is no 类 ("7C7B) in font nullfont!
Missing character: There is no 函 ("51FD) in font nullfont!
Missing character: There is no 数 ("6570) in font nullfont!
Missing character: There is no . ("2E) in font nullfont!

Overfull \hbox (29.71869pt too wide) in paragraph at lines 48--49
\OML/cmm/m/it/10 ^^_\OT1/cmr/m/n/10 (\OML/cmm/m/it/10 g\OT1/cmr/m/n/10 ) =
 []


Overfull \hbox (79.80441pt too wide) in paragraph at lines 48--49
\OML/cmm/m/it/10 ^^_\OT1/cmr/m/n/10 (\OML/cmm/m/it/10 g[]gg[]\OT1/cmr/m/n/10 )$
$\OML/cmm/m/it/10 ^^_\OT1/cmr/m/n/10 (\OML/cmm/m/it/10 uv\OT1/cmr/m/n/10 ) =
 []


Overfull \hbox (39.0847pt too wide) in paragraph at lines 48--49
\OML/cmm/m/it/10 ^^_\OT1/cmr/m/n/10 (\OML/cmm/m/it/10 vu\OT1/cmr/m/n/10 )$$\OML
/cmm/m/it/10 ^^_$$G$ 
 []


! LaTeX Error: \begin{document} ended by \end{property}.

See the LaTeX manual or LaTeX Companion for explanation.
Type  H <return>  for immediate help.
 ...                                              
                                                  
l.50 \end{property}
                   
? 

! LaTeX Error: Environment proof undefined.

See the LaTeX manual or LaTeX Companion for explanation.
Type  H <return>  for immediate help.
 ...                                              
                                                  
l.52 \begin{proof}
                  
? 

Overfull \hbox (20.0pt too wide) in paragraph at lines 53--53
[] 
 []

! Undefined control sequence.
l.54         \item[$1^\circ$] $\chi(1)=\tr
                                          (\rho(1))=\tr(1_V)=\dim V=\mathrm{...

? 
! Undefined control sequence.
l.54 ...\item[$1^\circ$] $\chi(1)=\tr(\rho(1))=\tr
                                                  (1_V)=\dim V=\mathrm{deg}\...

? 

Overfull \hbox (29.59024pt too wide) in paragraph at lines 54--55
\OML/cmm/m/it/10 ^^_\OT1/cmr/m/n/10 (1) =
 []


Overfull \hbox (36.28128pt too wide) in paragraph at lines 54--55
\OT1/cmr/m/n/10 (\OML/cmm/m/it/10 ^^Z\OT1/cmr/m/n/10 (1)) =
 []


Overfull \hbox (30.2778pt too wide) in paragraph at lines 54--55
\OT1/cmr/m/n/10 (1[]) =
 []


Overfull \hbox (36.94441pt too wide) in paragraph at lines 54--55
[] \OML/cmm/m/it/10 V \OT1/cmr/m/n/10 =
 []


Overfull \hbox (21.97568pt too wide) in paragraph at lines 54--55
[] \OML/cmm/m/it/10 ^^Z$ 
 []

Missing character: There is no 由 ("7531) in font nullfont!
Missing character: There is no 于 ("4E8E) in font nullfont!
Missing character: There is no ， ("FF0C) in font nullfont!
Missing character: There is no 则 ("5219) in font nullfont!
Missing character: There is no 存 ("5B58) in font nullfont!
Missing character: There is no 在 ("5728) in font nullfont!
Missing character: There is no 模 ("6A21) in font nullfont!
Missing character: There is no 同 ("540C) in font nullfont!
Missing character: There is no 态 ("6001) in font nullfont!
Missing character: There is no ， ("FF0C) in font nullfont!
Missing character: There is no 使 ("4F7F) in font nullfont!
Missing character: There is no 得 ("5F97) in font nullfont!

Overfull \hbox (42.75346pt too wide) in paragraph at lines 55--55
\OT1/cmr/m/n/10 (\OML/cmm/m/it/10 ^^Z[]; V[]\OT1/cmr/m/n/10 ) []
 []


Overfull \hbox (91.23419pt too wide) in paragraph at lines 55--55
\OT1/cmr/m/n/10 (\OML/cmm/m/it/10 ^^Z[]; V[]\OT1/cmr/m/n/10 )$$\OML/cmm/m/it/10
 G\OMS/cmsy/m/n/10 ^^@ $$\OML/cmm/m/it/10 f$$^^Z[]\OT1/cmr/m/n/10 (\OML/cmm/m/i
t/10 g\OT1/cmr/m/n/10 )\OML/cmm/m/it/10 f \OT1/cmr/m/n/10 =
 []


Overfull \hbox (41.31253pt too wide) in paragraph at lines 55--55
\OML/cmm/m/it/10 f^^Z[]\OT1/cmr/m/n/10 (\OML/cmm/m/it/10 g\OT1/cmr/m/n/10 ) \OM
S/cmsy/m/n/10 )
 []


Overfull \hbox (33.11806pt too wide) in paragraph at lines 55--55
\OML/cmm/m/it/10 ^^Z[]\OT1/cmr/m/n/10 (\OML/cmm/m/it/10 g\OT1/cmr/m/n/10 ) =
 []


Overfull \hbox (45.24321pt too wide) in paragraph at lines 55--55
\OML/cmm/m/it/10 f[]^^Z[]\OT1/cmr/m/n/10 (\OML/cmm/m/it/10 g\OT1/cmr/m/n/10 )\O
ML/cmm/m/it/10 f$ 
 []

Missing character: There is no 故 ("6545) in font nullfont!
! Undefined control sequence.
l.56         故$\chi_1(g)=\tr
                            (\rho_1(g))=\tr(f^{-1}\rho_2(g)f)=\tr(\rho_2(g))...

? 
! Undefined control sequence.
l.56         故$\chi_1(g)=\tr(\rho_1(g))=\tr
                                           (f^{-1}\rho_2(g)f)=\tr(\rho_2(g))...

? 
! Undefined control sequence.
l.56 ...)=\tr(\rho_1(g))=\tr(f^{-1}\rho_2(g)f)=\tr
                                                  (\rho_2(g))=\chi_2(g)$.
? 
Missing character: There is no . ("2E) in font nullfont!

Overfull \hbox (34.20482pt too wide) in paragraph at lines 56--57
[]$\OML/cmm/m/it/10 ^^_[]\OT1/cmr/m/n/10 (\OML/cmm/m/it/10 g\OT1/cmr/m/n/10 ) =

 []


Overfull \hbox (40.89586pt too wide) in paragraph at lines 56--57
\OT1/cmr/m/n/10 (\OML/cmm/m/it/10 ^^Z[]\OT1/cmr/m/n/10 (\OML/cmm/m/it/10 g\OT1/
cmr/m/n/10 )) =
 []


Overfull \hbox (63.57652pt too wide) in paragraph at lines 56--57
\OT1/cmr/m/n/10 (\OML/cmm/m/it/10 f[]^^Z[]\OT1/cmr/m/n/10 (\OML/cmm/m/it/10 g\O
T1/cmr/m/n/10 )\OML/cmm/m/it/10 f\OT1/cmr/m/n/10 ) =
 []


Overfull \hbox (40.89586pt too wide) in paragraph at lines 56--57
\OT1/cmr/m/n/10 (\OML/cmm/m/it/10 ^^Z[]\OT1/cmr/m/n/10 (\OML/cmm/m/it/10 g\OT1/
cmr/m/n/10 )) =
 []


Overfull \hbox (23.6493pt too wide) in paragraph at lines 56--57
\OML/cmm/m/it/10 ^^_[]\OT1/cmr/m/n/10 (\OML/cmm/m/it/10 g\OT1/cmr/m/n/10 )$ 
 []

! Undefined control sequence.
l.57 ...  \item[$3^\circ$] $\chi(g_1^{-1}gg_1)=\tr
                                                  (\rho(g_1^{-1}gg_1))=\tr(\...

? 
! Undefined control sequence.
l.57 ...(g_1^{-1}gg_1)=\tr(\rho(g_1^{-1}gg_1))=\tr
                                                  (\rho(g_1)^{-1}\rho(g)\rho...

? 
! Undefined control sequence.
l.57 ...))=\tr(\rho(g_1)^{-1}\rho(g)\rho(g_1))=\tr
                                                  (\rho(g))=\chi(g)$.
? 
Missing character: There is no . ("2E) in font nullfont!

Overfull \hbox (54.83911pt too wide) in paragraph at lines 57--58
\OML/cmm/m/it/10 ^^_\OT1/cmr/m/n/10 (\OML/cmm/m/it/10 g[]gg[]\OT1/cmr/m/n/10 ) 
=
 []


Overfull \hbox (61.53015pt too wide) in paragraph at lines 57--58
\OT1/cmr/m/n/10 (\OML/cmm/m/it/10 ^^Z\OT1/cmr/m/n/10 (\OML/cmm/m/it/10 g[]gg[]\
OT1/cmr/m/n/10 )) =
 []


Overfull \hbox (91.5534pt too wide) in paragraph at lines 57--58
\OT1/cmr/m/n/10 (\OML/cmm/m/it/10 ^^Z\OT1/cmr/m/n/10 (\OML/cmm/m/it/10 g[]\OT1/
cmr/m/n/10 )[]\OML/cmm/m/it/10 ^^Z\OT1/cmr/m/n/10 (\OML/cmm/m/it/10 g\OT1/cmr/m
/n/10 )\OML/cmm/m/it/10 ^^Z\OT1/cmr/m/n/10 (\OML/cmm/m/it/10 g[]\OT1/cmr/m/n/10
 )) =
 []


Overfull \hbox (36.40973pt too wide) in paragraph at lines 57--58
\OT1/cmr/m/n/10 (\OML/cmm/m/it/10 ^^Z\OT1/cmr/m/n/10 (\OML/cmm/m/it/10 g\OT1/cm
r/m/n/10 )) =
 []


Overfull \hbox (19.16318pt too wide) in paragraph at lines 57--58
\OML/cmm/m/it/10 ^^_\OT1/cmr/m/n/10 (\OML/cmm/m/it/10 g\OT1/cmr/m/n/10 )$ 
 []


! LaTeX Error: \begin{document} ended by \end{proof}.

See the LaTeX manual or LaTeX Companion for explanation.
Type  H <return>  for immediate help.
 ...                                              
                                                  
l.59 \end{proof}
                
? 
Missing character: There is no 在 ("5728) in font nullfont!
Missing character: There is no 上 ("4E0A) in font nullfont!
Missing character: There is no 述 ("8FF0) in font nullfont!
Missing character: There is no 性 ("6027) in font nullfont!
Missing character: There is no 质 ("8D28) in font nullfont!
Missing character: There is no 中 ("4E2D) in font nullfont!
Missing character: There is no ， ("FF0C) in font nullfont!
Missing character: There is no 引 ("5F15) in font nullfont!
Missing character: There is no 入 ("5165) in font nullfont!
Missing character: There is no 了 ("4E86) in font nullfont!
Missing character: There is no 类 ("7C7B) in font nullfont!
Missing character: There is no 函 ("51FD) in font nullfont!
Missing character: There is no 数 ("6570) in font nullfont!
Missing character: There is no 的 ("7684) in font nullfont!
Missing character: There is no 概 ("6982) in font nullfont!
Missing character: There is no 念 ("5FF5) in font nullfont!
Missing character: There is no ， ("FF0C) in font nullfont!
Missing character: There is no 现 ("73B0) in font nullfont!
Missing character: There is no 在 ("5728) in font nullfont!
Missing character: There is no 正 ("6B63) in font nullfont!
Missing character: There is no 式 ("5F0F) in font nullfont!
Missing character: There is no 定 ("5B9A) in font nullfont!
Missing character: There is no 义 ("4E49) in font nullfont!
Missing character: There is no 类 ("7C7B) in font nullfont!
Missing character: There is no 函 ("51FD) in font nullfont!
Missing character: There is no 数 ("6570) in font nullfont!
Missing character: There is no . ("2E) in font nullfont!

! LaTeX Error: Environment definition undefined.

See the LaTeX manual or LaTeX Companion for explanation.
Type  H <return>  for immediate help.
 ...                                              
                                                  
l.62 \begin{definition}
                       [类函数]
? 
Missing character: There is no [ ("5B) in font nullfont!
Missing character: There is no 类 ("7C7B) in font nullfont!
Missing character: There is no 函 ("51FD) in font nullfont!
Missing character: There is no 数 ("6570) in font nullfont!
Missing character: There is no ] ("5D) in font nullfont!
Missing character: There is no 设 ("8BBE) in font nullfont!
! Undefined control sequence.
l.63     设$f:G\to \mathbb
                         {F}$，若$f$在$G$的同一共轭类上取值相等，或等价地，$\forall\, g,h\in G, ...

? 
Missing character: There is no ， ("FF0C) in font nullfont!
Missing character: There is no 若 ("82E5) in font nullfont!
Missing character: There is no 在 ("5728) in font nullfont!
Missing character: There is no 的 ("7684) in font nullfont!
Missing character: There is no 同 ("540C) in font nullfont!
Missing character: There is no 一 ("4E00) in font nullfont!
Missing character: There is no 共 ("5171) in font nullfont!
Missing character: There is no 轭 ("8F6D) in font nullfont!
Missing character: There is no 类 ("7C7B) in font nullfont!
Missing character: There is no 上 ("4E0A) in font nullfont!
Missing character: There is no 取 ("53D6) in font nullfont!
Missing character: There is no 值 ("503C) in font nullfont!
Missing character: There is no 相 ("76F8) in font nullfont!
Missing character: There is no 等 ("7B49) in font nullfont!
Missing character: There is no ， ("FF0C) in font nullfont!
Missing character: There is no 或 ("6216) in font nullfont!
Missing character: There is no 等 ("7B49) in font nullfont!
Missing character: There is no 价 ("4EF7) in font nullfont!
Missing character: There is no 地 ("5730) in font nullfont!
Missing character: There is no ， ("FF0C) in font nullfont!
Missing character: There is no ， ("FF0C) in font nullfont!
Missing character: There is no 则 ("5219) in font nullfont!
Missing character: There is no 称 ("79F0) in font nullfont!
Missing character: There is no 是 ("662F) in font nullfont!
! Undefined control sequence.
l.63 ...ll\, g,h\in G, f(gh)=f(hg)$，则称$f$是\greenbf
                                                  {类函数}.
? 
Missing character: There is no 类 ("7C7B) in font nullfont!
Missing character: There is no 函 ("51FD) in font nullfont!
Missing character: There is no 数 ("6570) in font nullfont!
Missing character: There is no . ("2E) in font nullfont!

! LaTeX Error: \begin{document} ended by \end{definition}.

See the LaTeX manual or LaTeX Companion for explanation.
Type  H <return>  for immediate help.
 ...                                              
                                                  
l.64 \end{definition}
                     
? 
Missing character: There is no 特 ("7279) in font nullfont!
Missing character: There is no 征 ("5F81) in font nullfont!
Missing character: There is no 标 ("6807) in font nullfont!
Missing character: There is no 无 ("65E0) in font nullfont!
Missing character: There is no 疑 ("7591) in font nullfont!
Missing character: There is no 是 ("662F) in font nullfont!
Missing character: There is no 一 ("4E00) in font nullfont!
Missing character: There is no 种 ("79CD) in font nullfont!
Missing character: There is no 特 ("7279) in font nullfont!
Missing character: There is no 殊 ("6B8A) in font nullfont!
Missing character: There is no 的 ("7684) in font nullfont!
Missing character: There is no 类 ("7C7B) in font nullfont!
Missing character: There is no 函 ("51FD) in font nullfont!
Missing character: There is no 数 ("6570) in font nullfont!
Missing character: There is no ， ("FF0C) in font nullfont!
Missing character: There is no 问 ("95EE) in font nullfont!
Missing character: There is no 题 ("9898) in font nullfont!
Missing character: There is no 是 ("662F) in font nullfont!
Missing character: There is no 其 ("5176) in font nullfont!
Missing character: There is no 他 ("4ED6) in font nullfont!
Missing character: There is no 的 ("7684) in font nullfont!
Missing character: There is no 类 ("7C7B) in font nullfont!
Missing character: There is no 函 ("51FD) in font nullfont!
Missing character: There is no 数 ("6570) in font nullfont!
Missing character: There is no 和 ("548C) in font nullfont!
Missing character: There is no 特 ("7279) in font nullfont!
Missing character: There is no 征 ("5F81) in font nullfont!
Missing character: There is no 标 ("6807) in font nullfont!
Missing character: There is no 之 ("4E4B) in font nullfont!
Missing character: There is no 间 ("95F4) in font nullfont!
Missing character: There is no 是 ("662F) in font nullfont!
Missing character: There is no 否 ("5426) in font nullfont!
Missing character: There is no 存 ("5B58) in font nullfont!
Missing character: There is no 在 ("5728) in font nullfont!
Missing character: There is no 某 ("67D0) in font nullfont!
Missing character: There is no 种 ("79CD) in font nullfont!
Missing character: There is no 关 ("5173) in font nullfont!
Missing character: There is no 系 ("7CFB) in font nullfont!
Missing character: There is no ， ("FF0C) in font nullfont!
Missing character: There is no 或 ("6216) in font nullfont!
Missing character: There is no 者 ("8005) in font nullfont!
Missing character: There is no 更 ("66F4) in font nullfont!
Missing character: There is no 直 ("76F4) in font nullfont!
Missing character: There is no 接 ("63A5) in font nullfont!
Missing character: There is no 地 ("5730) in font nullfont!
Missing character: There is no 说 ("8BF4) in font nullfont!
Missing character: There is no ， ("FF0C) in font nullfont!
Missing character: There is no 能 ("80FD) in font nullfont!
Missing character: There is no 否 ("5426) in font nullfont!
Missing character: There is no 使 ("4F7F) in font nullfont!
Missing character: There is no 用 ("7528) in font nullfont!
Missing character: There is no 特 ("7279) in font nullfont!
Missing character: There is no 征 ("5F81) in font nullfont!
Missing character: There is no 标 ("6807) in font nullfont!
Missing character: There is no 函 ("51FD) in font nullfont!
Missing character: There is no 数 ("6570) in font nullfont!
Missing character: There is no 表 ("8868) in font nullfont!
Missing character: There is no 示 ("793A) in font nullfont!
Missing character: There is no 其 ("5176) in font nullfont!
Missing character: There is no 余 ("4F59) in font nullfont!
Missing character: There is no 类 ("7C7B) in font nullfont!
Missing character: There is no 函 ("51FD) in font nullfont!
Missing character: There is no 数 ("6570) in font nullfont!
Missing character: There is no . ("2E) in font nullfont!
Missing character: There is no 这 ("8FD9) in font nullfont!
Missing character: There is no 一 ("4E00) in font nullfont!
Missing character: There is no 问 ("95EE) in font nullfont!
Missing character: There is no 题 ("9898) in font nullfont!
Missing character: There is no 留 ("7559) in font nullfont!
Missing character: There is no 待 ("5F85) in font nullfont!
Missing character: There is no 后 ("540E) in font nullfont!
Missing character: There is no 续 ("7EED) in font nullfont!
Missing character: There is no 进 ("8FDB) in font nullfont!
Missing character: There is no 一 ("4E00) in font nullfont!
Missing character: There is no 步 ("6B65) in font nullfont!
Missing character: There is no 讨 ("8BA8) in font nullfont!
Missing character: There is no 论 ("8BBA) in font nullfont!
Missing character: There is no . ("2E) in font nullfont!

Overfull \hbox (20.0pt too wide) in paragraph at lines 61--65
[]
 []


Overfull \hbox (11.52776pt too wide) in paragraph at lines 61--65
\OML/cmm/m/it/10 f \OT1/cmr/m/n/10 :
 []


Overfull \hbox (20.64021pt too wide) in paragraph at lines 61--65
\OML/cmm/m/it/10 G \OMS/cmsy/m/n/10 !
 []


Overfull \hbox (53.65526pt too wide) in paragraph at lines 61--65
\OML/cmm/m/it/10 F$$f$$G$$\OMS/cmsy/m/n/10 8 \OML/cmm/m/it/10 g; h \OMS/cmsy/m/
n/10 2
 []


Overfull \hbox (47.50252pt too wide) in paragraph at lines 61--65
\OML/cmm/m/it/10 G; f\OT1/cmr/m/n/10 (\OML/cmm/m/it/10 gh\OT1/cmr/m/n/10 ) =
 []


Overfull \hbox (30.61237pt too wide) in paragraph at lines 61--65
\OML/cmm/m/it/10 f\OT1/cmr/m/n/10 (\OML/cmm/m/it/10 hg\OT1/cmr/m/n/10 )$$\OML/c
mm/m/it/10 f$
 []


! LaTeX Error: Environment property undefined.

See the LaTeX manual or LaTeX Companion for explanation.
Type  H <return>  for immediate help.
 ...                                              
                                                  
l.67 \begin{property}
                     []
? 
Missing character: There is no [ ("5B) in font nullfont!
Missing character: There is no ] ("5D) in font nullfont!

Overfull \hbox (20.0pt too wide) in paragraph at lines 67--68
[] 
 []

Missing character: There is no 设 ("8BBE) in font nullfont!
Missing character: There is no 为 ("4E3A) in font nullfont!
Missing character: There is no 子 ("5B50) in font nullfont!
Missing character: There is no 表 ("8868) in font nullfont!
Missing character: There is no 示 ("793A) in font nullfont!
Missing character: There is no ， ("FF0C) in font nullfont!
Missing character: There is no 为 ("4E3A) in font nullfont!
Missing character: There is no 商 ("5546) in font nullfont!
Missing character: There is no 表 ("8868) in font nullfont!
Missing character: There is no 示 ("793A) in font nullfont!
Missing character: There is no ， ("FF0C) in font nullfont!
Missing character: There is no 则 ("5219) in font nullfont!
Missing character: There is no . ("2E) in font nullfont!

Overfull \hbox (124.01363pt too wide) in paragraph at lines 69--69
\OT1/cmr/m/n/10 (\OML/cmm/m/it/10 U; ^^Z[]\OT1/cmr/m/n/10 )$$(\OML/cmm/m/it/10 
V; ^^Z\OT1/cmr/m/n/10 )$$(\OML/cmm/m/it/10 V=U; ^^Z[]\OT1/cmr/m/n/10 )$$\OML/cm
m/m/it/10 ^^_ \OT1/cmr/m/n/10 =
 []


Overfull \hbox (20.73291pt too wide) in paragraph at lines 69--69
\OML/cmm/m/it/10 ^^_[] \OT1/cmr/m/n/10 +
 []


Overfull \hbox (22.6357pt too wide) in paragraph at lines 69--69
\OML/cmm/m/it/10 ^^_[]$ 
 []




! LaTeX Error: The font size command \normalsize is not defined:
               there is probably something wrong with the class file.

See the LaTeX manual or LaTeX Companion for explanation.
Type  H <return>  for immediate help.
 ...                                              
                                                  
l.69 ...{V/U})$为商表示，则$\chi=\chi_U+\chi_{V/U}$.\par
                                                  
? 
[1]
Missing character: There is no 特 ("7279) in font nullfont!
Missing character: There is no 别 ("522B) in font nullfont!
Missing character: There is no 地 ("5730) in font nullfont!
Missing character: There is no ， ("FF0C) in font nullfont!
Missing character: There is no 若 ("82E5) in font nullfont!
Missing character: There is no ， ("FF0C) in font nullfont!
Missing character: There is no 则 ("5219) in font nullfont!
Missing character: There is no . ("2E) in font nullfont!

Overfull \hbox (34.33676pt too wide) in paragraph at lines 70--71
[]$\OT1/cmr/m/n/10 (\OML/cmm/m/it/10 V; ^^Z\OT1/cmr/m/n/10 ) =
 []


Overfull \hbox (39.97575pt too wide) in paragraph at lines 70--71
\OT1/cmr/m/n/10 (\OML/cmm/m/it/10 V[]; ^^Z[]\OT1/cmr/m/n/10 ) \OMS/cmsy/m/n/10 
^^H
 []


Overfull \hbox (49.01038pt too wide) in paragraph at lines 70--71
\OT1/cmr/m/n/10 (\OML/cmm/m/it/10 V[]; ^^Z[]\OT1/cmr/m/n/10 )$$\OML/cmm/m/it/10
 ^^_ \OT1/cmr/m/n/10 =
 []


Overfull \hbox (18.52084pt too wide) in paragraph at lines 70--71
\OML/cmm/m/it/10 ^^_[] \OT1/cmr/m/n/10 +
 []


Overfull \hbox (10.74304pt too wide) in paragraph at lines 70--71
\OML/cmm/m/it/10 ^^_[]$ 
 []


Overfull \hbox (39.66608pt too wide) in paragraph at lines 71--72
\OML/cmm/m/it/10 ^^_[] \OT1/cmr/m/n/10 =
 []


Overfull \hbox (17.58652pt too wide) in paragraph at lines 71--72
\OML/cmm/m/it/10 ^^_[] \OMS/cmsy/m/n/10 ^^A
 []


Overfull \hbox (14.80873pt too wide) in paragraph at lines 71--72
\OML/cmm/m/it/10 ^^_[]$ 
 []


Overfull \hbox (70.71938pt too wide) in paragraph at lines 72--73
\OML/cmm/m/it/10 ^^_[]\OT1/cmr/m/n/10 (\OML/cmm/m/it/10 g[]; g[]\OT1/cmr/m/n/10
 ) =
 []


Overfull \hbox (30.55444pt too wide) in paragraph at lines 72--73
\OML/cmm/m/it/10 ^^_[]\OT1/cmr/m/n/10 (\OML/cmm/m/it/10 g[]\OT1/cmr/m/n/10 ) \O
MS/cmsy/m/n/10 ^^A
 []


Overfull \hbox (27.77666pt too wide) in paragraph at lines 72--73
\OML/cmm/m/it/10 ^^_[]\OT1/cmr/m/n/10 (\OML/cmm/m/it/10 g[]\OT1/cmr/m/n/10 )$ 
 []


Overfull \hbox (38.54826pt too wide) in paragraph at lines 73--74
\OML/cmm/m/it/10 ^^_[]\OT1/cmr/m/n/10 (\OML/cmm/m/it/10 g\OT1/cmr/m/n/10 ) =
 []


Overfull \hbox (34.54831pt too wide) in paragraph at lines 73--74
\OML/cmm/m/it/10 ^^_[]\OT1/cmr/m/n/10 (\OML/cmm/m/it/10 g[]\OT1/cmr/m/n/10 )$ 
 []


! LaTeX Error: \begin{document} ended by \end{property}.

See the LaTeX manual or LaTeX Companion for explanation.
Type  H <return>  for immediate help.
 ...                                              
                                                  
l.75 \end{property}
                   
? 

! LaTeX Error: Environment proof undefined.

See the LaTeX manual or LaTeX Companion for explanation.
Type  H <return>  for immediate help.
 ...                                              
                                                  
l.77 \begin{proof}
                  
? 

Overfull \hbox (20.0pt too wide) in paragraph at lines 78--78
[] 
 []

Missing character: There is no 取 ("53D6) in font nullfont!
Missing character: There is no 的 ("7684) in font nullfont!
Missing character: There is no 基 ("57FA) in font nullfont!
Missing character: There is no 并 ("5E76) in font nullfont!
Missing character: There is no 扩 ("6269) in font nullfont!
Missing character: There is no 充 ("5145) in font nullfont!
Missing character: There is no 为 ("4E3A) in font nullfont!
Missing character: There is no 的 ("7684) in font nullfont!
Missing character: There is no 基 ("57FA) in font nullfont!
Missing character: There is no . ("2E) in font nullfont!

Overfull \hbox (191.69574pt too wide) in paragraph at lines 79--79
\OML/cmm/m/it/10 U$$\OMS/cmsy/m/n/10 f\OML/cmm/m/it/10 u[]; u[]; [] ; u[]\OMS/c
msy/m/n/10 g$$\OML/cmm/m/it/10 V$$\OMS/cmsy/m/n/10 f\OML/cmm/m/it/10 u[]; [] ; 
u[]; v[]; [] ; v[]\OMS/cmsy/m/n/10 g$ 
 []

Missing character: There is no 则 ("5219) in font nullfont!
! Misplaced alignment tab character &.
l.81         \rho_U(g) &
                         * \\
? 
! Misplaced alignment tab character &.
l.82         0 &
                 \rho_{V/U}(g)
? 
Missing character: There is no . ("2E) in font nullfont!

Overfull \hbox (28.63193pt too wide) in paragraph at lines 80--84
[]$\OML/cmm/m/it/10 ^^Z\OT1/cmr/m/n/10 (\OML/cmm/m/it/10 g\OT1/cmr/m/n/10 ) =
 []


Overfull \hbox (42.5523pt too wide) in paragraph at lines 80--84
[][] \OT1/cmr/m/n/10 (\OML/cmm/m/it/10 g\OT1/cmr/m/n/10 ) \OMS/cmsy/m/n/10 ^^C
 []


Overfull \hbox (52.23294pt too wide) in paragraph at lines 80--84
\OT1/cmr/m/n/10 0\OML/cmm/m/it/10 ^^Z[]\OT1/cmr/m/n/10 (\OML/cmm/m/it/10 g\OT1/
cmr/m/n/10 ) \OMS/cmsy/m/n/10 )
 []


Overfull \hbox (16.81242pt too wide) in paragraph at lines 80--84
\OML/cmm/m/it/10 ^^_ \OT1/cmr/m/n/10 =
 []


Overfull \hbox (20.73291pt too wide) in paragraph at lines 80--84
\OML/cmm/m/it/10 ^^_[] \OT1/cmr/m/n/10 +
 []


Overfull \hbox (22.6357pt too wide) in paragraph at lines 80--84
\OML/cmm/m/it/10 ^^_[]$ 
 []

Missing character: There is no 取 ("53D6) in font nullfont!
Missing character: There is no 的 ("7684) in font nullfont!
Missing character: There is no 基 ("57FA) in font nullfont!
Missing character: There is no ， ("FF0C) in font nullfont!
Missing character: There is no 则 ("5219) in font nullfont!
Missing character: There is no 为 ("4E3A) in font nullfont!
Missing character: There is no 的 ("7684) in font nullfont!
Missing character: There is no 基 ("57FA) in font nullfont!
Missing character: There is no . ("2E) in font nullfont!

Overfull \hbox (117.26707pt too wide) in paragraph at lines 84--84
\OML/cmm/m/it/10 V[]; V[]$$\OMS/cmsy/m/n/10 f\OML/cmm/m/it/10 u[]\OMS/cmsy/m/n/
10 g[]\OML/cmm/m/it/10 ; \OMS/cmsy/m/n/10 f\OML/cmm/m/it/10 v[]\OMS/cmsy/m/n/10
 g[]$$f\OML/cmm/m/it/10 u[] \OMS/cmsy/m/n/10 

 []


Overfull \hbox (31.49489pt too wide) in paragraph at lines 84--84
\OML/cmm/m/it/10 v[]\OMS/cmsy/m/n/10 g$$\OML/cmm/m/it/10 ^^Z[] \OMS/cmsy/m/n/10
 

 []


Overfull \hbox (9.65628pt too wide) in paragraph at lines 84--84
\OML/cmm/m/it/10 ^^Z[]$ 
 []

Missing character: There is no 设 ("8BBE) in font nullfont!

Overfull \hbox (33.11806pt too wide) in paragraph at lines 85--85
[]$\OML/cmm/m/it/10 ^^Z[]\OT1/cmr/m/n/10 (\OML/cmm/m/it/10 g\OT1/cmr/m/n/10 ) =

 []


Overfull \hbox (71.96767pt too wide) in paragraph at lines 85--85
\OT1/cmr/m/n/10 (\OML/cmm/m/it/10 a[]\OT1/cmr/m/n/10 )[]\OML/cmm/m/it/10 ; ^^Z[
]\OT1/cmr/m/n/10 (\OML/cmm/m/it/10 g\OT1/cmr/m/n/10 ) =
 []


Overfull \hbox (42.45952pt too wide) in paragraph at lines 85--85
\OT1/cmr/m/n/10 (\OML/cmm/m/it/10 b[]\OT1/cmr/m/n/10 )[] =
 []


Overfull \hbox (8.0868pt too wide) in paragraph at lines 85--85
\OML/cmm/m/it/10 B$ 
 []

! Undefined control sequence.
l.86         $\chi_{\rho_1\otimes\rho_2}(g)=\tr
                                               ((\rho_1\otimes\rho_2)(g))=(\...

? 
! Undefined control sequence.
l.86 ...\rho_2)(g))=(\sum_{i=1}^s a_{ii})\cdot \tr
                                                   B=\tr(\rho_1(g))\tr(\rho_...

? 
! Undefined control sequence.
l.86 ...)(g))=(\sum_{i=1}^s a_{ii})\cdot \tr B=\tr
                                                  (\rho_1(g))\tr(\rho_2(g))=...

? 
! Undefined control sequence.
l.86 ...=1}^s a_{ii})\cdot \tr B=\tr(\rho_1(g))\tr
                                                  (\rho_2(g))=\chi_1(g)\chi_...

? 
Missing character: There is no . ("2E) in font nullfont!

Overfull \hbox (52.57234pt too wide) in paragraph at lines 86--87
[]$\OML/cmm/m/it/10 ^^_[]\OT1/cmr/m/n/10 (\OML/cmm/m/it/10 g\OT1/cmr/m/n/10 ) =

 []


Overfull \hbox (25.21188pt too wide) in paragraph at lines 86--87
\OT1/cmr/m/n/10 ((\OML/cmm/m/it/10 ^^Z[] \OMS/cmsy/m/n/10 

 []


Overfull \hbox (40.89586pt too wide) in paragraph at lines 86--87
\OML/cmm/m/it/10 ^^Z[]\OT1/cmr/m/n/10 )(\OML/cmm/m/it/10 g\OT1/cmr/m/n/10 )) =
 []


Overfull \hbox (47.67659pt too wide) in paragraph at lines 86--87
\OT1/cmr/m/n/10 ([][] \OML/cmm/m/it/10 a[]\OT1/cmr/m/n/10 ) \OMS/cmsy/m/n/10 ^^
A
 []


Overfull \hbox (18.64232pt too wide) in paragraph at lines 86--87
\OML/cmm/m/it/10 B \OT1/cmr/m/n/10 =
 []


Overfull \hbox (71.2362pt too wide) in paragraph at lines 86--87
\OT1/cmr/m/n/10 (\OML/cmm/m/it/10 ^^Z[]\OT1/cmr/m/n/10 (\OML/cmm/m/it/10 g\OT1/
cmr/m/n/10 ))(\OML/cmm/m/it/10 ^^Z[]\OT1/cmr/m/n/10 (\OML/cmm/m/it/10 g\OT1/cmr
/m/n/10 )) =
 []


Overfull \hbox (47.29861pt too wide) in paragraph at lines 86--87
\OML/cmm/m/it/10 ^^_[]\OT1/cmr/m/n/10 (\OML/cmm/m/it/10 g\OT1/cmr/m/n/10 )\OML/
cmm/m/it/10 ^^_[]\OT1/cmr/m/n/10 (\OML/cmm/m/it/10 g\OT1/cmr/m/n/10 )$ 
 []

Missing character: There is no 类 ("7C7B) in font nullfont!
Missing character: There is no 似 ("4F3C) in font nullfont!
Missing character: There is no 可 ("53EF) in font nullfont!
Missing character: There is no 证 ("8BC1) in font nullfont!
Missing character: There is no . ("2E) in font nullfont!

Overfull \hbox (9.59724pt too wide) in paragraph at lines 87--88
\OT1/cmr/m/n/10 5[]$ 
 []

! Undefined control sequence.
l.88 ...    \item[$7^\circ$] $\chi_{\rho^*}(g)=\tr
                                                  (\rho^*(g))=\tr(\rho(g^{-1...

? 
! Undefined control sequence.
l.88 ...irc$] $\chi_{\rho^*}(g)=\tr(\rho^*(g))=\tr
                                                  (\rho(g^{-1})^T)=\tr(\rho(...

? 
! Undefined control sequence.
l.88 ...(g)=\tr(\rho^*(g))=\tr(\rho(g^{-1})^T)=\tr
                                                  (\rho(g^{-1}))=\chi_\rho(g...

? 
Missing character: There is no . ("2E) in font nullfont!

Overfull \hbox (38.54826pt too wide) in paragraph at lines 88--89
\OML/cmm/m/it/10 ^^_[]\OT1/cmr/m/n/10 (\OML/cmm/m/it/10 g\OT1/cmr/m/n/10 ) =
 []


Overfull \hbox (41.00696pt too wide) in paragraph at lines 88--89
\OT1/cmr/m/n/10 (\OML/cmm/m/it/10 ^^Z[]\OT1/cmr/m/n/10 (\OML/cmm/m/it/10 g\OT1/
cmr/m/n/10 )) =
 []


Overfull \hbox (53.44553pt too wide) in paragraph at lines 88--89
\OT1/cmr/m/n/10 (\OML/cmm/m/it/10 ^^Z\OT1/cmr/m/n/10 (\OML/cmm/m/it/10 g[]\OT1/
cmr/m/n/10 )[]) =
 []


Overfull \hbox (47.14587pt too wide) in paragraph at lines 88--89
\OT1/cmr/m/n/10 (\OML/cmm/m/it/10 ^^Z\OT1/cmr/m/n/10 (\OML/cmm/m/it/10 g[]\OT1/
cmr/m/n/10 )) =
 []


Overfull \hbox (34.54831pt too wide) in paragraph at lines 88--89
\OML/cmm/m/it/10 ^^_[]\OT1/cmr/m/n/10 (\OML/cmm/m/it/10 g[]\OT1/cmr/m/n/10 )$ 
 []


! LaTeX Error: \begin{document} ended by \end{proof}.

See the LaTeX manual or LaTeX Companion for explanation.
Type  H <return>  for immediate help.
 ...                                              
                                                  
l.90 \end{proof}
                
? 

! LaTeX Error: Environment property undefined.

See the LaTeX manual or LaTeX Companion for explanation.
Type  H <return>  for immediate help.
 ...                                              
                                                  
l.92 \begin{property}
                     []
? 
Missing character: There is no [ ("5B) in font nullfont!
Missing character: There is no ] ("5D) in font nullfont!

Overfull \hbox (20.0pt too wide) in paragraph at lines 92--93
[] 
 []

Missing character: There is no 设 ("8BBE) in font nullfont!
! Undefined control sequence.
l.94         \item[$8^\circ$]设$N\vartriangleleft
                                                 G$，$\pi:G\to G/N$为自然同态，$(\r...

? 
Missing character: There is no ， ("FF0C) in font nullfont!
Missing character: There is no 为 ("4E3A) in font nullfont!
Missing character: There is no 自 ("81EA) in font nullfont!
Missing character: There is no 然 ("7136) in font nullfont!
Missing character: There is no 同 ("540C) in font nullfont!
Missing character: There is no 态 ("6001) in font nullfont!
Missing character: There is no ， ("FF0C) in font nullfont!
Missing character: There is no 是 ("662F) in font nullfont!
Missing character: There is no 上 ("4E0A) in font nullfont!
Missing character: There is no 表 ("8868) in font nullfont!
Missing character: There is no 示 ("793A) in font nullfont!
Missing character: There is no ， ("FF0C) in font nullfont!
Missing character: There is no 则 ("5219) in font nullfont!
Missing character: There is no 其 ("5176) in font nullfont!
Missing character: There is no 通 ("901A) in font nullfont!
Missing character: There is no 过 ("8FC7) in font nullfont!
Missing character: There is no 的 ("7684) in font nullfont!
Missing character: There is no 提 ("63D0) in font nullfont!
Missing character: There is no 升 ("5347) in font nullfont!
Missing character: There is no 所 ("6240) in font nullfont!
Missing character: There is no 得 ("5F97) in font nullfont!
Missing character: There is no 的 ("7684) in font nullfont!
Missing character: There is no 表 ("8868) in font nullfont!
Missing character: There is no 示 ("793A) in font nullfont!
Missing character: There is no 的 ("7684) in font nullfont!
Missing character: There is no 特 ("7279) in font nullfont!
Missing character: There is no 征 ("5F81) in font nullfont!
Missing character: There is no 标 ("6807) in font nullfont!
Missing character: There is no 为 ("4E3A) in font nullfont!
Missing character: There is no . ("2E) in font nullfont!

Overfull \hbox (28.602pt too wide) in paragraph at lines 94--95
\OML/cmm/m/it/10 NG$$^^Y \OT1/cmr/m/n/10 :
 []


Overfull \hbox (20.64021pt too wide) in paragraph at lines 94--95
\OML/cmm/m/it/10 G \OMS/cmsy/m/n/10 !
 []


Overfull \hbox (104.65341pt too wide) in paragraph at lines 94--95
\OML/cmm/m/it/10 G=N$$\OT1/cmr/m/n/10 (\OML/cmm/m/it/10 ^^Z; V\OT1/cmr/m/n/10 )
$$\OML/cmm/m/it/10 G=N$$^^Y$$G$$\OT1/cmr/m/n/10 (\OML/cmm/m/it/10 ^^Z[] \OT1/cm
r/m/n/10 =
 []


Overfull \hbox (10.17017pt too wide) in paragraph at lines 94--95
\OML/cmm/m/it/10 ^^Z \OMS/cmsy/m/n/10 ^^N
 []


Overfull \hbox (46.61421pt too wide) in paragraph at lines 94--95
\OML/cmm/m/it/10 ^^Y; V\OT1/cmr/m/n/10 )$$\OML/cmm/m/it/10 ^^_[] \OT1/cmr/m/n/1
0 =
 []


Overfull \hbox (15.90591pt too wide) in paragraph at lines 94--95
\OML/cmm/m/it/10 ^^_[] \OMS/cmsy/m/n/10 ^^N
 []


Overfull \hbox (6.05905pt too wide) in paragraph at lines 94--95
\OML/cmm/m/it/10 ^^Y$ 
 []

Missing character: There is no 若 ("82E5) in font nullfont!
Missing character: There is no 且 ("4E14) in font nullfont!
Missing character: There is no ， ("FF0C) in font nullfont!
Missing character: There is no 则 ("5219) in font nullfont!
Missing character: There is no ， ("FF0C) in font nullfont!
Missing character: There is no . ("2E) in font nullfont!

Overfull \hbox (14.57286pt too wide) in paragraph at lines 95--96
\OML/cmm/m/it/10 g \OMS/cmsy/m/n/10 2
 []


Overfull \hbox (36.1715pt too wide) in paragraph at lines 95--96
\OML/cmm/m/it/10 G$$o\OT1/cmr/m/n/10 (\OML/cmm/m/it/10 g\OT1/cmr/m/n/10 ) =
 []


Overfull \hbox (40.37003pt too wide) in paragraph at lines 95--96
\OML/cmm/m/it/10 n$$^^_[]\OT1/cmr/m/n/10 (\OML/cmm/m/it/10 g\OT1/cmr/m/n/10 ) =

 []


Overfull \hbox (58.84117pt too wide) in paragraph at lines 95--96
[][] \OML/cmm/m/it/10 ^^X[]$$^^X[] \OT1/cmr/m/n/10 =
 []


Overfull \hbox (5.00002pt too wide) in paragraph at lines 95--96
\OT1/cmr/m/n/10 1$ 
 []


! LaTeX Error: \begin{document} ended by \end{property}.

See the LaTeX manual or LaTeX Companion for explanation.
Type  H <return>  for immediate help.
 ...                                              
                                                  
l.97 \end{property}
                   
? 

! LaTeX Error: Environment proof undefined.

See the LaTeX manual or LaTeX Companion for explanation.
Type  H <return>  for immediate help.
 ...                                              
                                                  
l.99 \begin{proof}
                  
? 
! Undefined control sequence.
l.100     $8^\circ\;\; \chi_{\rho'}(g)=\tr
                                          (\rho(\pi(g)))=\chi_\rho(\pi(g))$.
? 
Missing character: There is no . ("2E) in font nullfont!

! LaTeX Error: \begin{document} ended by \end{proof}.

See the LaTeX manual or LaTeX Companion for explanation.
Type  H <return>  for immediate help.
 ...                                              
                                                  
l.101 \end{proof}
                 
? 

Overfull \hbox (72.22522pt too wide) in paragraph at lines 100--102
[]$\OT1/cmr/m/n/10 8[]  \OML/cmm/m/it/10 ^^_[]\OT1/cmr/m/n/10 (\OML/cmm/m/it/10
 g\OT1/cmr/m/n/10 ) =
 []


Overfull \hbox (50.24658pt too wide) in paragraph at lines 100--102
\OT1/cmr/m/n/10 (\OML/cmm/m/it/10 ^^Z\OT1/cmr/m/n/10 (\OML/cmm/m/it/10 ^^Y\OT1/
cmr/m/n/10 (\OML/cmm/m/it/10 g\OT1/cmr/m/n/10 ))) =
 []


Overfull \hbox (37.64902pt too wide) in paragraph at lines 100--102
\OML/cmm/m/it/10 ^^_[]\OT1/cmr/m/n/10 (\OML/cmm/m/it/10 ^^Y\OT1/cmr/m/n/10 (\OM
L/cmm/m/it/10 g\OT1/cmr/m/n/10 ))$
 []

Missing character: There is no 关 ("5173) in font nullfont!
Missing character: There is no 于 ("4E8E) in font nullfont!
Missing character: There is no 之 ("4E4B) in font nullfont!
Missing character: There is no 前 ("524D) in font nullfont!
Missing character: There is no 提 ("63D0) in font nullfont!
Missing character: There is no 到 ("5230) in font nullfont!
Missing character: There is no 的 ("7684) in font nullfont!
Missing character: There is no 对 ("5BF9) in font nullfont!
Missing character: There is no 称 ("79F0) in font nullfont!
Missing character: There is no 平 ("5E73) in font nullfont!
Missing character: There is no 方 ("65B9) in font nullfont!
Missing character: There is no 和 ("548C) in font nullfont!
Missing character: There is no 交 ("4EA4) in font nullfont!
Missing character: There is no 错 ("9519) in font nullfont!
Missing character: There is no 平 ("5E73) in font nullfont!
Missing character: There is no 方 ("65B9) in font nullfont!
Missing character: There is no ， ("FF0C) in font nullfont!
Missing character: There is no 其 ("5176) in font nullfont!
Missing character: There is no 特 ("7279) in font nullfont!
Missing character: There is no 征 ("5F81) in font nullfont!
Missing character: There is no 标 ("6807) in font nullfont!
Missing character: There is no 满 ("6EE1) in font nullfont!
Missing character: There is no 足 ("8DB3) in font nullfont!
Missing character: There is no 如 ("5982) in font nullfont!
Missing character: There is no 下 ("4E0B) in font nullfont!
Missing character: There is no 关 ("5173) in font nullfont!
Missing character: There is no 系 ("7CFB) in font nullfont!
Missing character: There is no ： ("FF1A) in font nullfont!

! LaTeX Error: Environment theorem undefined.

See the LaTeX manual or LaTeX Companion for explanation.
Type  H <return>  for immediate help.
 ...                                              
                                                  
l.104 \begin{theorem}
                     [对称平方和交错平方的特征标]
? 
Missing character: There is no [ ("5B) in font nullfont!
Missing character: There is no 对 ("5BF9) in font nullfont!
Missing character: There is no 称 ("79F0) in font nullfont!
Missing character: There is no 平 ("5E73) in font nullfont!
Missing character: There is no 方 ("65B9) in font nullfont!
Missing character: There is no 和 ("548C) in font nullfont!
Missing character: There is no 交 ("4EA4) in font nullfont!
Missing character: There is no 错 ("9519) in font nullfont!
Missing character: There is no 平 ("5E73) in font nullfont!
Missing character: There is no 方 ("65B9) in font nullfont!
Missing character: There is no 的 ("7684) in font nullfont!
Missing character: There is no 特 ("7279) in font nullfont!
Missing character: There is no 征 ("5F81) in font nullfont!
Missing character: There is no 标 ("6807) in font nullfont!
Missing character: There is no ] ("5D) in font nullfont!
Missing character: There is no 设 ("8BBE) in font nullfont!
Missing character: There is no 为 ("4E3A) in font nullfont!
Missing character: There is no 的 ("7684) in font nullfont!
Missing character: There is no 特 ("7279) in font nullfont!
Missing character: There is no 征 ("5F81) in font nullfont!
Missing character: There is no 标 ("6807) in font nullfont!
Missing character: There is no ， ("FF0C) in font nullfont!
Missing character: There is no 分 ("5206) in font nullfont!
Missing character: There is no 别 ("522B) in font nullfont!
Missing character: There is no 为 ("4E3A) in font nullfont!
Missing character: There is no 和 ("548C) in font nullfont!
Missing character: There is no 的 ("7684) in font nullfont!
Missing character: There is no 特 ("7279) in font nullfont!
Missing character: There is no 征 ("5F81) in font nullfont!
Missing character: There is no 标 ("6807) in font nullfont!
Missing character: There is no ， ("FF0C) in font nullfont!
Missing character: There is no 则 ("5219) in font nullfont!
Missing character: There is no ， ("FF0C) in font nullfont!

Overfull \hbox (20.0pt too wide) in paragraph at lines 103--105
[]
 []


Overfull \hbox (151.43077pt too wide) in paragraph at lines 103--105
\OML/cmm/m/it/10 ^^_$$V$$^^_[]; ^^_[]$$[][]\OT1/cmr/m/n/10 (\OML/cmm/m/it/10 V\
OT1/cmr/m/n/10 )$$[][](\OML/cmm/m/it/10 V\OT1/cmr/m/n/10 )$$\OML/cmm/m/it/10 ^^
_[]\OT1/cmr/m/n/10 (\OML/cmm/m/it/10 g\OT1/cmr/m/n/10 ) =
 []


Overfull \hbox (41.70213pt too wide) in paragraph at lines 103--105
[]\OT1/cmr/m/n/10 (\OML/cmm/m/it/10 ^^_\OT1/cmr/m/n/10 (\OML/cmm/m/it/10 g\OT1/
cmr/m/n/10 )[] +
 []


Overfull \hbox (27.53821pt too wide) in paragraph at lines 103--105
\OML/cmm/m/it/10 ^^_\OT1/cmr/m/n/10 (\OML/cmm/m/it/10 g[]\OT1/cmr/m/n/10 ))$ 
 []

Missing character: There is no . ("2E) in font nullfont!

! LaTeX Error: \begin{document} ended by \end{theorem}.

See the LaTeX manual or LaTeX Companion for explanation.
Type  H <return>  for immediate help.
 ...                                              
                                                  
l.107 \end{theorem}
                   
? 

Overfull \hbox (55.41745pt too wide) in paragraph at lines 106--108
[]$\OML/cmm/m/it/10 ^^_[]\OT1/cmr/m/n/10 (\OML/cmm/m/it/10 g\OT1/cmr/m/n/10 ) =

 []


Overfull \hbox (41.70213pt too wide) in paragraph at lines 106--108
[]\OT1/cmr/m/n/10 (\OML/cmm/m/it/10 ^^_\OT1/cmr/m/n/10 (\OML/cmm/m/it/10 g\OT1/
cmr/m/n/10 )[] \OMS/cmsy/m/n/10 ^^@
 []


Overfull \hbox (27.53821pt too wide) in paragraph at lines 106--108
\OML/cmm/m/it/10 ^^_\OT1/cmr/m/n/10 (\OML/cmm/m/it/10 g[]\OT1/cmr/m/n/10 ))$
 []


! LaTeX Error: Environment proof undefined.

See the LaTeX manual or LaTeX Companion for explanation.
Type  H <return>  for immediate help.
 ...                                              
                                                  
l.109 \begin{proof}
                   
? 
Missing character: There is no 设 ("8BBE) in font nullfont!
Missing character: There is no 在 ("5728) in font nullfont!
Missing character: There is no 上 ("4E0A) in font nullfont!
Missing character: There is no 的 ("7684) in font nullfont!
Missing character: There is no 表 ("8868) in font nullfont!
Missing character: There is no 示 ("793A) in font nullfont!
Missing character: There is no 为 ("4E3A) in font nullfont!
Missing character: There is no . ("2E) in font nullfont!
Missing character: There is no 对 ("5BF9) in font nullfont!
Missing character: There is no 于 ("4E8E) in font nullfont!
Missing character: There is no 固 ("56FA) in font nullfont!
Missing character: There is no 定 ("5B9A) in font nullfont!
Missing character: There is no 的 ("7684) in font nullfont!
Missing character: There is no ， ("FF0C) in font nullfont!
Missing character: There is no 可 ("53EF) in font nullfont!
Missing character: There is no 以 ("4EE5) in font nullfont!
Missing character: There is no 选 ("9009) in font nullfont!
Missing character: There is no 取 ("53D6) in font nullfont!
Missing character: There is no 的 ("7684) in font nullfont!
Missing character: There is no 一 ("4E00) in font nullfont!
Missing character: There is no 组 ("7EC4) in font nullfont!
Missing character: There is no 基 ("57FA) in font nullfont!
Missing character: There is no ， ("FF0C) in font nullfont!
Missing character: There is no 使 ("4F7F) in font nullfont!
Missing character: There is no 得 ("5F97) in font nullfont!
Missing character: There is no 在 ("5728) in font nullfont!
Missing character: There is no 此 ("6B64) in font nullfont!
Missing character: There is no 基 ("57FA) in font nullfont!
Missing character: There is no 下 ("4E0B) in font nullfont!
Missing character: There is no 为 ("4E3A) in font nullfont!
Missing character: There is no 上 ("4E0A) in font nullfont!
Missing character: There is no 三 ("4E09) in font nullfont!
Missing character: There is no 角 ("89D2) in font nullfont!
Missing character: There is no 矩 ("77E9) in font nullfont!
Missing character: There is no 阵 ("9635) in font nullfont!
Missing character: There is no ， ("FF0C) in font nullfont!
Missing character: There is no 设 ("8BBE) in font nullfont!
Missing character: There is no 其 ("5176) in font nullfont!
Missing character: There is no 对 ("5BF9) in font nullfont!
Missing character: There is no 角 ("89D2) in font nullfont!
Missing character: There is no 线 ("7EBF) in font nullfont!
Missing character: There is no 元 ("5143) in font nullfont!
Missing character: There is no 素 ("7D20) in font nullfont!
Missing character: There is no （ ("FF08) in font nullfont!
Missing character: There is no 即 ("5373) in font nullfont!
Missing character: There is no 特 ("7279) in font nullfont!
Missing character: There is no 征 ("5F81) in font nullfont!
Missing character: There is no 值 ("503C) in font nullfont!
Missing character: There is no ） ("FF09) in font nullfont!
Missing character: There is no 为 ("4E3A) in font nullfont!
Missing character: There is no . ("2E) in font nullfont!

Overfull \hbox (55.66106pt too wide) in paragraph at lines 110--110
[]$\OML/cmm/m/it/10 G$$V$$^^Z$$g \OMS/cmsy/m/n/10 2
 []


Overfull \hbox (157.62749pt too wide) in paragraph at lines 110--110
\OML/cmm/m/it/10 G$$V$$\OMS/cmsy/m/n/10 f\OML/cmm/m/it/10 e[]; e[]; [] ; e[]\OM
S/cmsy/m/n/10 g$$\OML/cmm/m/it/10 ^^Z\OT1/cmr/m/n/10 (\OML/cmm/m/it/10 g\OT1/cm
r/m/n/10 )$$\OML/cmm/m/it/10 ^^U[]; ^^U[]; [] ; ^^U[]$ 
 []

Missing character: There is no 此 ("6B64) in font nullfont!
Missing character: There is no 时 ("65F6) in font nullfont!
! Undefined control sequence.
l.111     此时$\chi(g) = \tr
                          (\rho(g)) = \sum_{i=1}^n \lambda_i$。同时对$g^2$，有$\ch...

? 
Missing character: There is no 。 ("3002) in font nullfont!
Missing character: There is no 同 ("540C) in font nullfont!
Missing character: There is no 时 ("65F6) in font nullfont!
Missing character: There is no 对 ("5BF9) in font nullfont!
Missing character: There is no ， ("FF0C) in font nullfont!
Missing character: There is no 有 ("6709) in font nullfont!
! Undefined control sequence.
l.111 ...}^n \lambda_i$。同时对$g^2$，有$\chi(g^2) = \tr
                                                  (\rho(g)^2) = \sum_{i=1}^n...

? 
Missing character: There is no 。 ("3002) in font nullfont!

Overfull \hbox (49.71869pt too wide) in paragraph at lines 111--111
[]$\OML/cmm/m/it/10 ^^_\OT1/cmr/m/n/10 (\OML/cmm/m/it/10 g\OT1/cmr/m/n/10 ) =
 []


Overfull \hbox (36.40973pt too wide) in paragraph at lines 111--111
\OT1/cmr/m/n/10 (\OML/cmm/m/it/10 ^^Z\OT1/cmr/m/n/10 (\OML/cmm/m/it/10 g\OT1/cm
r/m/n/10 )) =
 []


Overfull \hbox (78.6586pt too wide) in paragraph at lines 111--111
[][] \OML/cmm/m/it/10 ^^U[]$$g[]$$^^_\OT1/cmr/m/n/10 (\OML/cmm/m/it/10 g[]\OT1/
cmr/m/n/10 ) =
 []


Overfull \hbox (40.89586pt too wide) in paragraph at lines 111--111
\OT1/cmr/m/n/10 (\OML/cmm/m/it/10 ^^Z\OT1/cmr/m/n/10 (\OML/cmm/m/it/10 g\OT1/cm
r/m/n/10 )[]) =
 []


Overfull \hbox (35.99603pt too wide) in paragraph at lines 111--111
[][] \OML/cmm/m/it/10 ^^U[]$ 
 []

Missing character: There is no 在 ("5728) in font nullfont!
Missing character: There is no 张 ("5F20) in font nullfont!
Missing character: There is no 量 ("91CF) in font nullfont!
Missing character: There is no 积 ("79EF) in font nullfont!
Missing character: There is no 空 ("7A7A) in font nullfont!
Missing character: There is no 间 ("95F4) in font nullfont!
Missing character: There is no 中 ("4E2D) in font nullfont!
Missing character: There is no ， ("FF0C) in font nullfont!
Missing character: There is no 构 ("6784) in font nullfont!
Missing character: There is no 成 ("6210) in font nullfont!
Missing character: There is no 了 ("4E86) in font nullfont!
Missing character: There is no 它 ("5B83) in font nullfont!
Missing character: There is no 的 ("7684) in font nullfont!
Missing character: There is no 个 ("4E2A) in font nullfont!
Missing character: There is no 基 ("57FA) in font nullfont!
Missing character: There is no . ("2E) in font nullfont!

Overfull \hbox (35.83336pt too wide) in paragraph at lines 112--112
[]$\OML/cmm/m/it/10 V \OMS/cmsy/m/n/10 

 []


Overfull \hbox (28.81892pt too wide) in paragraph at lines 112--112
\OML/cmm/m/it/10 V$$\OMS/cmsy/m/n/10 f\OML/cmm/m/it/10 e[] \OMS/cmsy/m/n/10 

 []


Overfull \hbox (55.20566pt too wide) in paragraph at lines 112--112
\OML/cmm/m/it/10 e[]\OMS/cmsy/m/n/10 g[]$$\OML/cmm/m/it/10 n[]$ 
 []

Missing character: There is no 对 ("5BF9) in font nullfont!
Missing character: There is no 于 ("4E8E) in font nullfont!
Missing character: There is no 对 ("5BF9) in font nullfont!
Missing character: There is no 称 ("79F0) in font nullfont!
Missing character: There is no 平 ("5E73) in font nullfont!
Missing character: There is no 方 ("65B9) in font nullfont!
Missing character: There is no ， ("FF0C) in font nullfont!
Missing character: There is no 其 ("5176) in font nullfont!
Missing character: There is no 基 ("57FA) in font nullfont!
Missing character: There is no 可 ("53EF) in font nullfont!
Missing character: There is no 分 ("5206) in font nullfont!
Missing character: There is no 为 ("4E3A) in font nullfont!
Missing character: There is no ： ("FF1A) in font nullfont!
Missing character: There is no 完 ("5B8C) in font nullfont!
Missing character: There is no 全 ("5168) in font nullfont!
Missing character: There is no 由 ("7531) in font nullfont!
Missing character: There is no 相 ("76F8) in font nullfont!
Missing character: There is no 同 ("540C) in font nullfont!
Missing character: There is no 向 ("5411) in font nullfont!
Missing character: There is no 量 ("91CF) in font nullfont!
Missing character: There is no 构 ("6784) in font nullfont!
Missing character: There is no 成 ("6210) in font nullfont!
Missing character: There is no 的 ("7684) in font nullfont!
Missing character: There is no 张 ("5F20) in font nullfont!
Missing character: There is no 量 ("91CF) in font nullfont!
Missing character: There is no ; ("3B) in font nullfont!
Missing character: There is no 以 ("4EE5) in font nullfont!
Missing character: There is no 及 ("53CA) in font nullfont!
Missing character: There is no 由 ("7531) in font nullfont!
Missing character: There is no 不 ("4E0D) in font nullfont!
Missing character: There is no 同 ("540C) in font nullfont!
Missing character: There is no 向 ("5411) in font nullfont!
Missing character: There is no 量 ("91CF) in font nullfont!
Missing character: There is no 对 ("5BF9) in font nullfont!
Missing character: There is no 称 ("79F0) in font nullfont!
Missing character: There is no 组 ("7EC4) in font nullfont!
Missing character: There is no 合 ("5408) in font nullfont!
Missing character: There is no 而 ("800C) in font nullfont!
Missing character: There is no 成 ("6210) in font nullfont!
Missing character: There is no 的 ("7684) in font nullfont!
Missing character: There is no ， ("FF0C) in font nullfont!
Missing character: There is no 为 ("4E3A) in font nullfont!
Missing character: There is no 了 ("4E86) in font nullfont!
Missing character: There is no 不 ("4E0D) in font nullfont!
Missing character: There is no 重 ("91CD) in font nullfont!
Missing character: There is no 复 ("590D) in font nullfont!
Missing character: There is no 设 ("8BBE) in font nullfont!
Missing character: There is no . ("2E) in font nullfont!

Overfull \hbox (80.24959pt too wide) in paragraph at lines 113--113
[]$[][]\OT1/cmr/m/n/10 (\OML/cmm/m/it/10 V\OT1/cmr/m/n/10 )$$\OMS/cmsy/m/n/10 f
\OML/cmm/m/it/10 e[] \OMS/cmsy/m/n/10 

 []


Overfull \hbox (33.74893pt too wide) in paragraph at lines 113--113
\OML/cmm/m/it/10 e[]\OMS/cmsy/m/n/10 g$$f\OML/cmm/m/it/10 e[] \OMS/cmsy/m/n/10 


 []


Overfull \hbox (16.64763pt too wide) in paragraph at lines 113--113
\OML/cmm/m/it/10 e[] \OT1/cmr/m/n/10 +
 []


Overfull \hbox (16.64763pt too wide) in paragraph at lines 113--113
\OML/cmm/m/it/10 e[] \OMS/cmsy/m/n/10 

 []


Overfull \hbox (26.9862pt too wide) in paragraph at lines 113--113
\OML/cmm/m/it/10 e[]\OMS/cmsy/m/n/10 g$$\OML/cmm/m/it/10 i <
 []


Overfull \hbox (4.69049pt too wide) in paragraph at lines 113--113
\OML/cmm/m/it/10 j$ 
 []

Missing character: There is no 对 ("5BF9) in font nullfont!
Missing character: There is no ， ("FF0C) in font nullfont!
Missing character: There is no . ("2E) in font nullfont!

Overfull \hbox (35.76335pt too wide) in paragraph at lines 114--114
[]$\OML/cmm/m/it/10 e[] \OMS/cmsy/m/n/10 

 []


Overfull \hbox (32.76627pt too wide) in paragraph at lines 114--114
\OML/cmm/m/it/10 e[]$$g\OT1/cmr/m/n/10 (\OML/cmm/m/it/10 e[] \OMS/cmsy/m/n/10 

 []


Overfull \hbox (22.42996pt too wide) in paragraph at lines 114--114
\OML/cmm/m/it/10 e[]\OT1/cmr/m/n/10 ) =
 []


Overfull \hbox (28.66962pt too wide) in paragraph at lines 114--114
\OML/cmm/m/it/10 g\OT1/cmr/m/n/10 (\OML/cmm/m/it/10 e[]\OT1/cmr/m/n/10 ) \OMS/c
msy/m/n/10 

 []


Overfull \hbox (31.44733pt too wide) in paragraph at lines 114--114
\OML/cmm/m/it/10 g\OT1/cmr/m/n/10 (\OML/cmm/m/it/10 e[]\OT1/cmr/m/n/10 ) =
 []


Overfull \hbox (29.97174pt too wide) in paragraph at lines 114--114
\OML/cmm/m/it/10 ^^U[]\OT1/cmr/m/n/10 (\OML/cmm/m/it/10 e[] \OMS/cmsy/m/n/10 

 []


Overfull \hbox (11.87445pt too wide) in paragraph at lines 114--114
\OML/cmm/m/it/10 e[]\OT1/cmr/m/n/10 )$ 
 []

Missing character: There is no 对 ("5BF9) in font nullfont!
Missing character: There is no ， ("FF0C) in font nullfont!
Missing character: There is no . ("2E) in font nullfont!

Overfull \hbox (35.76335pt too wide) in paragraph at lines 115--115
[]$\OML/cmm/m/it/10 e[] \OMS/cmsy/m/n/10 

 []


Overfull \hbox (16.64763pt too wide) in paragraph at lines 115--115
\OML/cmm/m/it/10 e[] \OT1/cmr/m/n/10 +
 []


Overfull \hbox (16.64763pt too wide) in paragraph at lines 115--115
\OML/cmm/m/it/10 e[] \OMS/cmsy/m/n/10 

 []


Overfull \hbox (32.76627pt too wide) in paragraph at lines 115--115
\OML/cmm/m/it/10 e[]$$g\OT1/cmr/m/n/10 (\OML/cmm/m/it/10 e[] \OMS/cmsy/m/n/10 

 []


Overfull \hbox (16.64763pt too wide) in paragraph at lines 115--115
\OML/cmm/m/it/10 e[] \OT1/cmr/m/n/10 +
 []


Overfull \hbox (16.64763pt too wide) in paragraph at lines 115--115
\OML/cmm/m/it/10 e[] \OMS/cmsy/m/n/10 

 []


Overfull \hbox (22.42996pt too wide) in paragraph at lines 115--115
\OML/cmm/m/it/10 e[]\OT1/cmr/m/n/10 ) =
 []


Overfull \hbox (38.86182pt too wide) in paragraph at lines 115--115
\OML/cmm/m/it/10 ^^U[]^^U[]\OT1/cmr/m/n/10 (\OML/cmm/m/it/10 e[] \OMS/cmsy/m/n/
10 

 []


Overfull \hbox (16.64763pt too wide) in paragraph at lines 115--115
\OML/cmm/m/it/10 e[] \OT1/cmr/m/n/10 +
 []


Overfull \hbox (16.64763pt too wide) in paragraph at lines 115--115
\OML/cmm/m/it/10 e[] \OMS/cmsy/m/n/10 

 []


Overfull \hbox (11.87445pt too wide) in paragraph at lines 115--115
\OML/cmm/m/it/10 e[]\OT1/cmr/m/n/10 )$ 
 []

Missing character: There is no 因 ("56E0) in font nullfont!
Missing character: There is no 此 ("6B64) in font nullfont!
Missing character: There is no ， ("FF0C) in font nullfont!
! Undefined control sequence.
<recently read> \setjot 
                        
l.116     因此，$\setjot
                     [-2]\begin{aligned}[t]
? 

! LaTeX Error: Environment aligned undefined.

See the LaTeX manual or LaTeX Companion for explanation.
Type  H <return>  for immediate help.
 ...                                              
                                                  
l.116     因此，$\setjot[-2]\begin{aligned}
                                        [t]
? 
! Misplaced alignment tab character &.
l.117         \chi_{\mathrm{Sym}^2(V)}(g) &
                                           = \tr\left(\rho_{\mathrm{Sym}^2(V...

? 
! Undefined control sequence.
l.117         \chi_{\mathrm{Sym}^2(V)}(g) &= \tr
                                                \left(\rho_{\mathrm{Sym}^2(V...

? 
! Misplaced alignment tab character &.
<recently read> &
                 
l.118         &
               = \sum_{1\leq i \leq j \leq n} \lambda_i\lambda_j \\
? 
! Misplaced alignment tab character &.
<recently read> &
                 
l.119         &
               = \frac{1}{2}\left( \left(\sum_{i=1}^n \lambda_i\right)^2 + \...

? 
! Misplaced alignment tab character &.
<recently read> &
                 
l.120         &
               = \frac{1}{2}(\chi(g)^2 + \chi(g^2)).
? 

! LaTeX Error: \begin{document} ended by \end{aligned}.

See the LaTeX manual or LaTeX Companion for explanation.
Type  H <return>  for immediate help.
 ...                                              
                                                  
l.121     \end{aligned}
                       $\par
? 

Overfull \hbox (109.50368pt too wide) in paragraph at lines 116--121
[]$\OT1/cmr/m/n/10 [\OMS/cmsy/m/n/10 ^^@\OT1/cmr/m/n/10 2][\OML/cmm/m/it/10 t\O
T1/cmr/m/n/10 ]\OML/cmm/m/it/10 ^^_[]\OT1/cmr/m/n/10 (\OML/cmm/m/it/10 g\OT1/cm
r/m/n/10 ) =
 []


Overfull \hbox (61.19467pt too wide) in paragraph at lines 116--121
[] [] 
 []


Overfull \hbox (7.7778pt too wide) in paragraph at lines 116--121
\OT1/cmr/m/n/10 =
 []


Overfull \hbox (66.15413pt too wide) in paragraph at lines 116--121
[][] \OML/cmm/m/it/10 ^^U[]^^U[][] 
 []


Overfull \hbox (7.7778pt too wide) in paragraph at lines 116--121
\OT1/cmr/m/n/10 =
 []


Overfull \hbox (116.98512pt too wide) in paragraph at lines 116--121
[] [] [] 
 []


Overfull \hbox (7.7778pt too wide) in paragraph at lines 116--121
\OT1/cmr/m/n/10 =
 []


Overfull \hbox (41.70213pt too wide) in paragraph at lines 116--121
[]\OT1/cmr/m/n/10 (\OML/cmm/m/it/10 ^^_\OT1/cmr/m/n/10 (\OML/cmm/m/it/10 g\OT1/
cmr/m/n/10 )[] +
 []


Overfull \hbox (30.316pt too wide) in paragraph at lines 116--121
\OML/cmm/m/it/10 ^^_\OT1/cmr/m/n/10 (\OML/cmm/m/it/10 g[]\OT1/cmr/m/n/10 ))\OML
/cmm/m/it/10 :$ 
 []

Missing character: There is no 同 ("540C) in font nullfont!
Missing character: There is no 理 ("7406) in font nullfont!
Missing character: There is no ， ("FF0C) in font nullfont!
Missing character: There is no 对 ("5BF9) in font nullfont!
Missing character: There is no 于 ("4E8E) in font nullfont!
Missing character: There is no ， ("FF0C) in font nullfont!
Missing character: There is no 其 ("5176) in font nullfont!
Missing character: There is no 基 ("57FA) in font nullfont!
Missing character: There is no 仅 ("4EC5) in font nullfont!
Missing character: There is no 由 ("7531) in font nullfont!
Missing character: There is no 交 ("4EA4) in font nullfont!
Missing character: There is no 错 ("9519) in font nullfont!
Missing character: There is no 组 ("7EC4) in font nullfont!
Missing character: There is no 合 ("5408) in font nullfont!
Missing character: There is no 构 ("6784) in font nullfont!
Missing character: There is no 成 ("6210) in font nullfont!
Missing character: There is no ： ("FF1A) in font nullfont!
Missing character: There is no . ("2E) in font nullfont!

Overfull \hbox (75.24956pt too wide) in paragraph at lines 122--122
[]$[][]\OT1/cmr/m/n/10 (\OML/cmm/m/it/10 V\OT1/cmr/m/n/10 )$$\OMS/cmsy/m/n/10 f
\OML/cmm/m/it/10 e[] \OMS/cmsy/m/n/10 

 []


Overfull \hbox (16.64763pt too wide) in paragraph at lines 122--122
\OML/cmm/m/it/10 e[] \OMS/cmsy/m/n/10 ^^@
 []


Overfull \hbox (16.64763pt too wide) in paragraph at lines 122--122
\OML/cmm/m/it/10 e[] \OMS/cmsy/m/n/10 

 []


Overfull \hbox (47.70792pt too wide) in paragraph at lines 122--122
\OML/cmm/m/it/10 e[]\OMS/cmsy/m/n/10 g[]$ 
 []

Missing character: There is no 所 ("6240) in font nullfont!
Missing character: There is no 以 ("4EE5) in font nullfont!
! Undefined control sequence.
<recently read> \setjot 
                        
l.123     所以$\setjot
                    [-2]\begin{aligned}[t]
? 

! LaTeX Error: Environment aligned undefined.

See the LaTeX manual or LaTeX Companion for explanation.
Type  H <return>  for immediate help.
 ...                                              
                                                  
l.123     所以$\setjot[-2]\begin{aligned}
                                       [t]
? 
! Misplaced alignment tab character &.
l.124         \chi_{\mathrm{Alt}^2(V)}(g) &
                                           = \tr\left(\rho_{\mathrm{Alt}^2(V...

? 
! Undefined control sequence.
l.124         \chi_{\mathrm{Alt}^2(V)}(g) &= \tr
                                                \left(\rho_{\mathrm{Alt}^2(V...

? 
! Misplaced alignment tab character &.
<recently read> &
                 
l.125         &
               = \sum_{1\leq i < j \leq n} \lambda_i\lambda_j \\
? 
! Misplaced alignment tab character &.
<recently read> &
                 
l.126         &
               = \frac{1}{2}\left( \left(\sum_{i=1}^n \lambda_i\right)^2 - \...

? 
! Misplaced alignment tab character &.
<recently read> &
                 
l.127         &
               = \frac{1}{2}(\chi(g)^2 - \chi(g^2)).
? 

! LaTeX Error: \begin{document} ended by \end{aligned}.

See the LaTeX manual or LaTeX Companion for explanation.
Type  H <return>  for immediate help.
 ...                                              
                                                  
l.128     \end{aligned}
                       $\par
? 

Overfull \hbox (105.60783pt too wide) in paragraph at lines 123--128
[]$\OT1/cmr/m/n/10 [\OMS/cmsy/m/n/10 ^^@\OT1/cmr/m/n/10 2][\OML/cmm/m/it/10 t\O
T1/cmr/m/n/10 ]\OML/cmm/m/it/10 ^^_[]\OT1/cmr/m/n/10 (\OML/cmm/m/it/10 g\OT1/cm
r/m/n/10 ) =
 []


Overfull \hbox (57.29883pt too wide) in paragraph at lines 123--128
[] [] 
 []


Overfull \hbox (7.7778pt too wide) in paragraph at lines 123--128
\OT1/cmr/m/n/10 =
 []


Overfull \hbox (66.15413pt too wide) in paragraph at lines 123--128
[][] \OML/cmm/m/it/10 ^^U[]^^U[][] 
 []


Overfull \hbox (7.7778pt too wide) in paragraph at lines 123--128
\OT1/cmr/m/n/10 =
 []


Overfull \hbox (116.98512pt too wide) in paragraph at lines 123--128
[] [] [] 
 []


Overfull \hbox (7.7778pt too wide) in paragraph at lines 123--128
\OT1/cmr/m/n/10 =
 []


Overfull \hbox (41.70213pt too wide) in paragraph at lines 123--128
[]\OT1/cmr/m/n/10 (\OML/cmm/m/it/10 ^^_\OT1/cmr/m/n/10 (\OML/cmm/m/it/10 g\OT1/
cmr/m/n/10 )[] \OMS/cmsy/m/n/10 ^^@
 []


Overfull \hbox (30.316pt too wide) in paragraph at lines 123--128
\OML/cmm/m/it/10 ^^_\OT1/cmr/m/n/10 (\OML/cmm/m/it/10 g[]\OT1/cmr/m/n/10 ))\OML
/cmm/m/it/10 :$ 
 []


! LaTeX Error: \begin{document} ended by \end{proof}.

See the LaTeX manual or LaTeX Companion for explanation.
Type  H <return>  for immediate help.
 ...                                              
                                                  
l.129 \end{proof}
                 
? 
! Undefined control sequence.
l.131 \section
              {特征标的正交关系}
? 
Missing character: There is no 特 ("7279) in font nullfont!
Missing character: There is no 征 ("5F81) in font nullfont!
Missing character: There is no 标 ("6807) in font nullfont!
Missing character: There is no 的 ("7684) in font nullfont!
Missing character: There is no 正 ("6B63) in font nullfont!
Missing character: There is no 交 ("4EA4) in font nullfont!
Missing character: There is no 关 ("5173) in font nullfont!
Missing character: There is no 系 ("7CFB) in font nullfont!

Overfull \hbox (20.0pt too wide) in paragraph at lines 131--132
[] 
 []

Missing character: There is no 特 ("7279) in font nullfont!
Missing character: There is no 征 ("5F81) in font nullfont!
Missing character: There is no 标 ("6807) in font nullfont!
Missing character: There is no 有 ("6709) in font nullfont!
Missing character: There is no 两 ("4E24) in font nullfont!
Missing character: There is no 个 ("4E2A) in font nullfont!
Missing character: There is no 重 ("91CD) in font nullfont!
Missing character: There is no 要 ("8981) in font nullfont!
Missing character: There is no 的 ("7684) in font nullfont!
Missing character: There is no 正 ("6B63) in font nullfont!
Missing character: There is no 交 ("4EA4) in font nullfont!
Missing character: There is no 关 ("5173) in font nullfont!
Missing character: There is no 系 ("7CFB) in font nullfont!
Missing character: There is no . ("2E) in font nullfont!

Overfull \hbox (20.0pt too wide) in paragraph at lines 133--133
[] 
 []


! LaTeX Error: Environment definition undefined.

See the LaTeX manual or LaTeX Companion for explanation.
Type  H <return>  for immediate help.
 ...                                              
                                                  
l.135 \begin{definition}
                        [特征标函数的内积]
? 
Missing character: There is no [ ("5B) in font nullfont!
Missing character: There is no 特 ("7279) in font nullfont!
Missing character: There is no 征 ("5F81) in font nullfont!
Missing character: There is no 标 ("6807) in font nullfont!
Missing character: There is no 函 ("51FD) in font nullfont!
Missing character: There is no 数 ("6570) in font nullfont!
Missing character: There is no 的 ("7684) in font nullfont!
Missing character: There is no 内 ("5185) in font nullfont!
Missing character: There is no 积 ("79EF) in font nullfont!
Missing character: There is no ] ("5D) in font nullfont!
Missing character: There is no 设 ("8BBE) in font nullfont!
Missing character: There is no 为 ("4E3A) in font nullfont!
Missing character: There is no 的 ("7684) in font nullfont!
Missing character: There is no 表 ("8868) in font nullfont!
Missing character: There is no 示 ("793A) in font nullfont!
Missing character: There is no ， ("FF0C) in font nullfont!
Missing character: There is no 其 ("5176) in font nullfont!
Missing character: There is no 特 ("7279) in font nullfont!
Missing character: There is no 征 ("5F81) in font nullfont!
Missing character: There is no 标 ("6807) in font nullfont!
Missing character: There is no 为 ("4E3A) in font nullfont!
Missing character: There is no ， ("FF0C) in font nullfont!
Missing character: There is no 则 ("5219) in font nullfont!
Missing character: There is no 定 ("5B9A) in font nullfont!
Missing character: There is no 义 ("4E49) in font nullfont!
Missing character: There is no 其 ("5176) in font nullfont!
! Undefined control sequence.
l.136 ...为$G$的表示，其特征标为$\chi_1,\chi_2$，则定义其\greenbf
                                                  {内积}$(\chi_1,\chi_2)\trian...

? 
Missing character: There is no 内 ("5185) in font nullfont!
Missing character: There is no 积 ("79EF) in font nullfont!
! Undefined control sequence.
l.136 ...定义其\greenbf{内积}$(\chi_1,\chi_2)\triangleq
                                                   \frac{1}{|G|}\sum_{g\in G...

? 
Missing character: There is no . ("2E) in font nullfont!

! LaTeX Error: \begin{document} ended by \end{definition}.

See the LaTeX manual or LaTeX Companion for explanation.
Type  H <return>  for immediate help.
 ...                                              
                                                  
l.137 \end{definition}
                      
? 

Overfull \hbox (20.0pt too wide) in paragraph at lines 135--138
[]
 []


Overfull \hbox (237.90851pt too wide) in paragraph at lines 135--138
\OT1/cmr/m/n/10 (\OML/cmm/m/it/10 ^^Z[]; V[]\OT1/cmr/m/n/10 )\OML/cmm/m/it/10 ;
 \OT1/cmr/m/n/10 (\OML/cmm/m/it/10 ^^Z[]; V[]\OT1/cmr/m/n/10 )$$\OML/cmm/m/it/1
0 G$$^^_[]; ^^_[]$$\OT1/cmr/m/n/10 (\OML/cmm/m/it/10 ^^_[]; ^^_[]\OT1/cmr/m/n/1
0 )[] [][] \OML/cmm/m/it/10 ^^_[]\OT1/cmr/m/n/10 (\OML/cmm/m/it/10 g\OT1/cmr/m/
n/10 )\OML/cmm/m/it/10 ^^_[]\OT1/cmr/m/n/10 (\OML/cmm/m/it/10 g[]\OT1/cmr/m/n/1
0 )$
 []


! LaTeX Error: Environment definition undefined.

See the LaTeX manual or LaTeX Companion for explanation.
Type  H <return>  for immediate help.
 ...                                              
                                                  
l.139 \begin{definition}
                        [特征标的正交]
? 
Missing character: There is no [ ("5B) in font nullfont!
Missing character: There is no 特 ("7279) in font nullfont!
Missing character: There is no 征 ("5F81) in font nullfont!
Missing character: There is no 标 ("6807) in font nullfont!
Missing character: There is no 的 ("7684) in font nullfont!
Missing character: There is no 正 ("6B63) in font nullfont!
Missing character: There is no 交 ("4EA4) in font nullfont!
Missing character: There is no ] ("5D) in font nullfont!
Missing character: There is no 若 ("82E5) in font nullfont!
Missing character: There is no ， ("FF0C) in font nullfont!
Missing character: There is no 则 ("5219) in font nullfont!
Missing character: There is no 称 ("79F0) in font nullfont!
Missing character: There is no 和 ("548C) in font nullfont!
! Undefined control sequence.
l.140 ..._1,\chi_2)=0$，则称$\chi_1$和$\chi_2$\greenbf
                                                  {正交}.
? 
Missing character: There is no 正 ("6B63) in font nullfont!
Missing character: There is no 交 ("4EA4) in font nullfont!
Missing character: There is no . ("2E) in font nullfont!

! LaTeX Error: \begin{document} ended by \end{definition}.

See the LaTeX manual or LaTeX Companion for explanation.
Type  H <return>  for immediate help.
 ...                                              
                                                  
l.141 \end{definition}
                      
? 

Overfull \hbox (20.0pt too wide) in paragraph at lines 139--142
[]
 []


Overfull \hbox (44.26381pt too wide) in paragraph at lines 139--142
\OT1/cmr/m/n/10 (\OML/cmm/m/it/10 ^^_[]; ^^_[]\OT1/cmr/m/n/10 ) =
 []


Overfull \hbox (26.4861pt too wide) in paragraph at lines 139--142
\OT1/cmr/m/n/10 0$$\OML/cmm/m/it/10 ^^_[]$$^^_[]$
 []

Missing character: There is no 我 ("6211) in font nullfont!
Missing character: There is no 们 ("4EEC) in font nullfont!
Missing character: There is no 的 ("7684) in font nullfont!
Missing character: There is no 目 ("76EE) in font nullfont!
Missing character: There is no 标 ("6807) in font nullfont!
Missing character: There is no 是 ("662F) in font nullfont!
Missing character: There is no 研 ("7814) in font nullfont!
Missing character: There is no 究 ("7A76) in font nullfont!
Missing character: There is no 的 ("7684) in font nullfont!
Missing character: There is no 逆 ("9006) in font nullfont!
Missing character: There is no 命 ("547D) in font nullfont!
Missing character: There is no 题 ("9898) in font nullfont!
Missing character: There is no ， ("FF0C) in font nullfont!
Missing character: There is no 由 ("7531) in font nullfont!
Missing character: There is no 此 ("6B64) in font nullfont!
Missing character: There is no 得 ("5F97) in font nullfont!
Missing character: There is no 到 ("5230) in font nullfont!
Missing character: There is no 重 ("91CD) in font nullfont!
Missing character: There is no 要 ("8981) in font nullfont!
Missing character: There is no 的 ("7684) in font nullfont!
Missing character: There is no 第 ("7B2C) in font nullfont!
Missing character: There is no 一 ("4E00) in font nullfont!
Missing character: There is no 正 ("6B63) in font nullfont!
Missing character: There is no 交 ("4EA4) in font nullfont!
Missing character: There is no 关 ("5173) in font nullfont!
Missing character: There is no 系 ("7CFB) in font nullfont!
Missing character: There is no . ("2E) in font nullfont!

Overfull \hbox (40.87497pt too wide) in paragraph at lines 143--143
[]$\OML/cmm/m/it/10 V[] []
 []


Overfull \hbox (23.09718pt too wide) in paragraph at lines 143--143
\OML/cmm/m/it/10 V[] \OMS/cmsy/m/n/10 )
 []


Overfull \hbox (21.29855pt too wide) in paragraph at lines 143--143
\OML/cmm/m/it/10 ^^_[] \OT1/cmr/m/n/10 =
 []


Overfull \hbox (10.74304pt too wide) in paragraph at lines 143--143
\OML/cmm/m/it/10 ^^_[]$ 
 []


! LaTeX Error: Environment theorem undefined.

See the LaTeX manual or LaTeX Companion for explanation.
Type  H <return>  for immediate help.
 ...                                              
                                                  
l.145 \begin{theorem}
                     [第一正交关系]
? 
Missing character: There is no [ ("5B) in font nullfont!
Missing character: There is no 第 ("7B2C) in font nullfont!
Missing character: There is no 一 ("4E00) in font nullfont!
Missing character: There is no 正 ("6B63) in font nullfont!
Missing character: There is no 交 ("4EA4) in font nullfont!
Missing character: There is no 关 ("5173) in font nullfont!
Missing character: There is no 系 ("7CFB) in font nullfont!
Missing character: There is no ] ("5D) in font nullfont!
Missing character: There is no 设 ("8BBE) in font nullfont!
! Undefined control sequence.
l.146     设$\mathrm{char}\,\mathbb
                                  {F}\nmid |G|$，$(\rho_1,V_1),(\rho_2,V_2)$是...

? 
! Undefined control sequence.
l.146     设$\mathrm{char}\,\mathbb{F}\nmid
                                           |G|$，$(\rho_1,V_1),(\rho_2,V_2)$是...

? 
Missing character: There is no ， ("FF0C) in font nullfont!
Missing character: There is no 是 ("662F) in font nullfont!
Missing character: There is no 的 ("7684) in font nullfont!
Missing character: There is no 两 ("4E24) in font nullfont!
Missing character: There is no 个 ("4E2A) in font nullfont!
Missing character: There is no 不 ("4E0D) in font nullfont!
Missing character: There is no 可 ("53EF) in font nullfont!
Missing character: There is no 约 ("7EA6) in font nullfont!
Missing character: There is no 表 ("8868) in font nullfont!
Missing character: There is no 示 ("793A) in font nullfont!
Missing character: There is no ， ("FF0C) in font nullfont!
Missing character: There is no 其 ("5176) in font nullfont!
Missing character: There is no 特 ("7279) in font nullfont!
Missing character: There is no 征 ("5F81) in font nullfont!
Missing character: There is no 标 ("6807) in font nullfont!
Missing character: There is no 分 ("5206) in font nullfont!
Missing character: There is no 别 ("522B) in font nullfont!
Missing character: There is no 为 ("4E3A) in font nullfont!
Missing character: There is no . ("2E) in font nullfont!

Overfull \hbox (20.0pt too wide) in paragraph at lines 145--146
[]
 []


Overfull \hbox (144.17636pt too wide) in paragraph at lines 145--146
[] \OML/cmm/m/it/10 F\OMS/cmsy/m/n/10 j\OML/cmm/m/it/10 G\OMS/cmsy/m/n/10 j$$\O
T1/cmr/m/n/10 (\OML/cmm/m/it/10 ^^Z[]; V[]\OT1/cmr/m/n/10 )\OML/cmm/m/it/10 ; \
OT1/cmr/m/n/10 (\OML/cmm/m/it/10 ^^Z[]; V[]\OT1/cmr/m/n/10 )$$\OML/cmm/m/it/10 
G$$^^_[]; ^^_[]$ 
 []

Missing character: There is no 则 ("5219) in font nullfont!
! Undefined control sequence.
l.148     (\dim_\mathbb
                       {F} \Hom_G(V_1,V_1))\cdot 1_\mathbb{F}, & \rho_1\cong...

? 
! Undefined control sequence.
l.148     (\dim_\mathbb{F} \Hom
                               _G(V_1,V_1))\cdot 1_\mathbb{F}, & \rho_1\cong...

? 
! Double subscript.
l.148     (\dim_\mathbb{F} \Hom_
                                G(V_1,V_1))\cdot 1_\mathbb{F}, & \rho_1\cong...

? 
! Undefined control sequence.
l.148 ...mathbb{F} \Hom_G(V_1,V_1))\cdot 1_\mathbb
                                                  {F}, & \rho_1\cong \rho_2 \\
? 
! Misplaced alignment tab character &.
l.148 ...{F} \Hom_G(V_1,V_1))\cdot 1_\mathbb{F}, &
                                                   \rho_1\cong \rho_2 \\
? 
! Misplaced alignment tab character &.
l.149     0, &
               \rho_1\not\cong \rho_2
? 

Overfull \hbox (64.26381pt too wide) in paragraph at lines 147--150
[]$\OT1/cmr/m/n/10 (\OML/cmm/m/it/10 ^^_[]; ^^_[]\OT1/cmr/m/n/10 ) =
 []


Overfull \hbox (84.65726pt too wide) in paragraph at lines 147--150
[] [][] []\OT1/cmr/m/n/10 (\OML/cmm/m/it/10 V[]; V[]\OT1/cmr/m/n/10 )) \OMS/cms
y/m/n/10 ^^A
 []


Overfull \hbox (36.30417pt too wide) in paragraph at lines 147--150
\OT1/cmr/m/n/10 1[]\OML/cmm/m/it/10 ; ^^Z[] []
 []


Overfull \hbox (9.65628pt too wide) in paragraph at lines 147--150
\OML/cmm/m/it/10 ^^Z[][] 
 []


Overfull \hbox (29.65622pt too wide) in paragraph at lines 147--150
\OT1/cmr/m/n/10 0\OML/cmm/m/it/10 ; ^^Z[] \OMS/cmsy/m/n/10 6[]
 []


Overfull \hbox (9.65628pt too wide) in paragraph at lines 147--150
\OML/cmm/m/it/10 ^^Z[]$ 
 []

Missing character: There is no 特 ("7279) in font nullfont!
Missing character: There is no 别 ("522B) in font nullfont!
Missing character: There is no 地 ("5730) in font nullfont!
Missing character: There is no ， ("FF0C) in font nullfont!
Missing character: There is no 若 ("82E5) in font nullfont!
! Undefined control sequence.
<recently read> \mathbb 
                        
l.151     特别地，若$\mathbb
                       {F}$是$G$的分裂域，则$(\chi_1,\chi_2)=\begin{cases}
? 
Missing character: There is no 是 ("662F) in font nullfont!
Missing character: There is no 的 ("7684) in font nullfont!
Missing character: There is no 分 ("5206) in font nullfont!
Missing character: There is no 裂 ("88C2) in font nullfont!
Missing character: There is no 域 ("57DF) in font nullfont!
Missing character: There is no ， ("FF0C) in font nullfont!
Missing character: There is no 则 ("5219) in font nullfont!
! Undefined control sequence.
l.152     1_\mathbb
                   {F}, & \rho_1\cong \rho_2 \\
? 
! Misplaced alignment tab character &.
l.152     1_\mathbb{F}, &
                          \rho_1\cong \rho_2 \\
? 
! Misplaced alignment tab character &.
l.153     0, &
               \rho_1\not\cong \rho_2
? 

! LaTeX Error: \begin{document} ended by \end{theorem}.

See the LaTeX manual or LaTeX Companion for explanation.
Type  H <return>  for immediate help.
 ...                                              
                                                  
l.155 \end{theorem}
                   
? 

Overfull \hbox (79.94576pt too wide) in paragraph at lines 151--156
[]$\OML/cmm/m/it/10 F$$G$$\OT1/cmr/m/n/10 (\OML/cmm/m/it/10 ^^_[]; ^^_[]\OT1/cm
r/m/n/10 ) =
 []


Overfull \hbox (45.83743pt too wide) in paragraph at lines 151--156
[][] \OML/cmm/m/it/10 ; ^^Z[] []
 []


Overfull \hbox (9.65628pt too wide) in paragraph at lines 151--156
\OML/cmm/m/it/10 ^^Z[][] 
 []


Overfull \hbox (29.65622pt too wide) in paragraph at lines 151--156
\OT1/cmr/m/n/10 0\OML/cmm/m/it/10 ; ^^Z[] \OMS/cmsy/m/n/10 6[]
 []


Overfull \hbox (9.65628pt too wide) in paragraph at lines 151--156
\OML/cmm/m/it/10 ^^Z[]$
 []

Missing character: There is no 可 ("53EF) in font nullfont!
Missing character: There is no 以 ("4EE5) in font nullfont!
Missing character: There is no 观 ("89C2) in font nullfont!
Missing character: There is no 察 ("5BDF) in font nullfont!
Missing character: There is no 到 ("5230) in font nullfont!
Missing character: There is no 上 ("4E0A) in font nullfont!
Missing character: There is no 述 ("8FF0) in font nullfont!
Missing character: There is no 结 ("7ED3) in font nullfont!
Missing character: There is no 果 ("679C) in font nullfont!
Missing character: There is no 和 ("548C) in font nullfont!
Missing character: There is no S ("53) in font nullfont!
Missing character: There is no c ("63) in font nullfont!
Missing character: There is no h ("68) in font nullfont!
Missing character: There is no u ("75) in font nullfont!
Missing character: There is no r ("72) in font nullfont!
Missing character: There is no 引 ("5F15) in font nullfont!
Missing character: There is no 理 ("7406) in font nullfont!
Missing character: There is no 类 ("7C7B) in font nullfont!
Missing character: There is no 似 ("4F3C) in font nullfont!
Missing character: There is no ， ("FF0C) in font nullfont!
Missing character: There is no 因 ("56E0) in font nullfont!
Missing character: There is no 此 ("6B64) in font nullfont!
Missing character: There is no 需 ("9700) in font nullfont!
Missing character: There is no 要 ("8981) in font nullfont!
Missing character: There is no 思 ("601D) in font nullfont!
Missing character: There is no 考 ("8003) in font nullfont!
Missing character: There is no 如 ("5982) in font nullfont!
Missing character: There is no 何 ("4F55) in font nullfont!
Missing character: There is no 将 ("5C06) in font nullfont!
Missing character: There is no 和 ("548C) in font nullfont!
! Undefined control sequence.
<recently read> \Hom 
                     
l.157 ...um_{g\in G}\chi_1(g)\chi_2(g^{-1})$和$\Hom
                                                  _G(V_1,V_2)$联系起来.\par
? 
Missing character: There is no 联 ("8054) in font nullfont!
Missing character: There is no 系 ("7CFB) in font nullfont!
Missing character: There is no 起 ("8D77) in font nullfont!
Missing character: There is no 来 ("6765) in font nullfont!
Missing character: There is no . ("2E) in font nullfont!

Overfull \hbox (64.26381pt too wide) in paragraph at lines 157--157
[]$\OT1/cmr/m/n/10 (\OML/cmm/m/it/10 ^^_[]; ^^_[]\OT1/cmr/m/n/10 ) =
 []


Overfull \hbox (141.15402pt too wide) in paragraph at lines 157--157
[] [][] \OML/cmm/m/it/10 ^^_[]\OT1/cmr/m/n/10 (\OML/cmm/m/it/10 g\OT1/cmr/m/n/1
0 )\OML/cmm/m/it/10 ^^_[]\OT1/cmr/m/n/10 (\OML/cmm/m/it/10 g[]\OT1/cmr/m/n/10 )
$$[](\OML/cmm/m/it/10 V[]; V[]\OT1/cmr/m/n/10 )$ 
 []

Missing character: There is no 首 ("9996) in font nullfont!
Missing character: There is no 先 ("5148) in font nullfont!
Missing character: There is no 可 ("53EF) in font nullfont!
Missing character: There is no 以 ("4EE5) in font nullfont!
Missing character: There is no 思 ("601D) in font nullfont!
Missing character: There is no 考 ("8003) in font nullfont!
Missing character: There is no 若 ("82E5) in font nullfont!
! Undefined control sequence.
<recently read> \mathbb 
                        
l.158 首先可以思考若$\mathbb
                     {F}$是$G$的分裂域，$\Hom_G(V_1,V_1)$如何表示.\par
? 
Missing character: There is no 是 ("662F) in font nullfont!
Missing character: There is no 的 ("7684) in font nullfont!
Missing character: There is no 分 ("5206) in font nullfont!
Missing character: There is no 裂 ("88C2) in font nullfont!
Missing character: There is no 域 ("57DF) in font nullfont!
Missing character: There is no ， ("FF0C) in font nullfont!
! Undefined control sequence.
<recently read> \Hom 
                     
l.158 首先可以思考若$\mathbb{F}$是$G$的分裂域，$\Hom
                                       _G(V_1,V_1)$如何表示.\par
? 
Missing character: There is no 如 ("5982) in font nullfont!
Missing character: There is no 何 ("4F55) in font nullfont!
Missing character: There is no 表 ("8868) in font nullfont!
Missing character: There is no 示 ("793A) in font nullfont!
Missing character: There is no . ("2E) in font nullfont!

Overfull \hbox (75.26906pt too wide) in paragraph at lines 158--158
[]$\OML/cmm/m/it/10 F$$G$$[]\OT1/cmr/m/n/10 (\OML/cmm/m/it/10 V[]; V[]\OT1/cmr/
m/n/10 )$ 
 []

! Undefined control sequence.
l.160 $\forall\, f\in \Hom
                          _G(V_1,V_1)$，由于$V_1$不可约，$\ker f=0$，又$\mathrm{Im}\,...

? 
Missing character: There is no ， ("FF0C) in font nullfont!
Missing character: There is no 由 ("7531) in font nullfont!
Missing character: There is no 于 ("4E8E) in font nullfont!
Missing character: There is no 不 ("4E0D) in font nullfont!
Missing character: There is no 可 ("53EF) in font nullfont!
Missing character: There is no 约 ("7EA6) in font nullfont!
Missing character: There is no ， ("FF0C) in font nullfont!
Missing character: There is no ， ("FF0C) in font nullfont!
Missing character: There is no 又 ("53C8) in font nullfont!
Missing character: There is no ， ("FF0C) in font nullfont!
Missing character: There is no 从 ("4ECE) in font nullfont!
Missing character: There is no 而 ("800C) in font nullfont!
Missing character: There is no 是 ("662F) in font nullfont!
Missing character: There is no 同 ("540C) in font nullfont!
Missing character: There is no 构 ("6784) in font nullfont!
Missing character: There is no ， ("FF0C) in font nullfont!
Missing character: There is no 即 ("5373) in font nullfont!
Missing character: There is no 可 ("53EF) in font nullfont!
Missing character: There is no 逆 ("9006) in font nullfont!
Missing character: There is no . ("2E) in font nullfont!

Overfull \hbox (49.36484pt too wide) in paragraph at lines 160--160
[]$\OMS/cmsy/m/n/10 8 \OML/cmm/m/it/10 f \OMS/cmsy/m/n/10 2[]
 []


Overfull \hbox (74.73611pt too wide) in paragraph at lines 160--160
\OT1/cmr/m/n/10 (\OML/cmm/m/it/10 V[]; V[]\OT1/cmr/m/n/10 )$$\OML/cmm/m/it/10 V
[]$$[] f \OT1/cmr/m/n/10 =
 []


Overfull \hbox (35.13889pt too wide) in paragraph at lines 160--160
\OT1/cmr/m/n/10 0$$[] \OML/cmm/m/it/10 f \OT1/cmr/m/n/10 =
 []


Overfull \hbox (22.26398pt too wide) in paragraph at lines 160--160
\OML/cmm/m/it/10 V[]$$f$$f$ 
 []

Missing character: There is no 那 ("90A3) in font nullfont!
Missing character: There is no 么 ("4E48) in font nullfont!
! Undefined control sequence.
<recently read> \Hom 
                     
l.161 那么$\Hom
             _G(V_1,V_1)\cong \bigoplus_{\dim\Hom_G(V_1,V_1)} 1$.\par
? 
! Undefined control sequence.
l.161 那么$\Hom_G(V_1,V_1)\cong \bigoplus_{\dim\Hom
                                                 _G(V_1,V_1)} 1$.\par
? 
Missing character: There is no . ("2E) in font nullfont!

Overfull \hbox (70.14262pt too wide) in paragraph at lines 161--161
[]$[]\OT1/cmr/m/n/10 (\OML/cmm/m/it/10 V[]; V[]\OT1/cmr/m/n/10 ) []
 []


Overfull \hbox (63.22324pt too wide) in paragraph at lines 161--161
[][] \OT1/cmr/m/n/10 1$ 
 []

Missing character: There is no 记 ("8BB0) in font nullfont!
! Undefined control sequence.
<recently read> \inv 
                     
l.162 记$\inv
            _G(V)=\{v\in V\mid g\cdot v=v,\forall\, g\in G\}$，则有以下2个引理.\par
? 
Missing character: There is no ， ("FF0C) in font nullfont!
Missing character: There is no 则 ("5219) in font nullfont!
Missing character: There is no 有 ("6709) in font nullfont!
Missing character: There is no 以 ("4EE5) in font nullfont!
Missing character: There is no 下 ("4E0B) in font nullfont!
Missing character: There is no 2 ("32) in font nullfont!
Missing character: There is no 个 ("4E2A) in font nullfont!
Missing character: There is no 引 ("5F15) in font nullfont!
Missing character: There is no 理 ("7406) in font nullfont!
Missing character: There is no . ("2E) in font nullfont!

Overfull \hbox (53.11485pt too wide) in paragraph at lines 162--162
[]$[]\OT1/cmr/m/n/10 (\OML/cmm/m/it/10 V\OT1/cmr/m/n/10 ) =
 []


Overfull \hbox (19.65042pt too wide) in paragraph at lines 162--162
\OMS/cmsy/m/n/10 f\OML/cmm/m/it/10 v \OMS/cmsy/m/n/10 2
 []


Overfull \hbox (13.61105pt too wide) in paragraph at lines 162--162
\OML/cmm/m/it/10 V \OMS/cmsy/m/n/10 j
 []


Overfull \hbox (7.90625pt too wide) in paragraph at lines 162--162
\OML/cmm/m/it/10 g \OMS/cmsy/m/n/10 ^^A
 []


Overfull \hbox (15.76152pt too wide) in paragraph at lines 162--162
\OML/cmm/m/it/10 v \OT1/cmr/m/n/10 =
 []


Overfull \hbox (31.44548pt too wide) in paragraph at lines 162--162
\OML/cmm/m/it/10 v; \OMS/cmsy/m/n/10 8 \OML/cmm/m/it/10 g \OMS/cmsy/m/n/10 2
 []


Overfull \hbox (12.8625pt too wide) in paragraph at lines 162--162
\OML/cmm/m/it/10 G\OMS/cmsy/m/n/10 g$ 
 []


! LaTeX Error: Environment lemma undefined.

See the LaTeX manual or LaTeX Companion for explanation.
Type  H <return>  for immediate help.
 ...                                              
                                                  
l.164 \begin{lemma}
                   []
? 
Missing character: There is no [ ("5B) in font nullfont!
Missing character: There is no ] ("5D) in font nullfont!
! Undefined control sequence.
<recently read> \Hom 
                     
l.165     $\Hom
               _G(V_1,V_2)=\inv_G(\Hom_\mathbb{F}(V_1,V_2))\triangleq \{f\in...

? 
! Undefined control sequence.
l.165     $\Hom_G(V_1,V_2)=\inv
                               _G(\Hom_\mathbb{F}(V_1,V_2))\triangleq \{f\in...

? 
! Undefined control sequence.
l.165     $\Hom_G(V_1,V_2)=\inv_G(\Hom
                                      _\mathbb{F}(V_1,V_2))\triangleq \{f\in...

? 
! Undefined control sequence.
l.165     $\Hom_G(V_1,V_2)=\inv_G(\Hom_\mathbb
                                              {F}(V_1,V_2))\triangleq \{f\in...

? 
! Undefined control sequence.
l.165 ...inv_G(\Hom_\mathbb{F}(V_1,V_2))\triangleq
                                                   \{f\in \Hom_\mathbb{F}(V_...

? 
! Undefined control sequence.
l.165 ...mathbb{F}(V_1,V_2))\triangleq \{f\in \Hom
                                                  _\mathbb{F}(V_1,V_2)\mid g...

? 
! Undefined control sequence.
l.165 ...}(V_1,V_2))\triangleq \{f\in \Hom_\mathbb
                                                  {F}(V_1,V_2)\mid g\cdot f=...

? 

! LaTeX Error: \begin{document} ended by \end{lemma}.

See the LaTeX manual or LaTeX Companion for explanation.
Type  H <return>  for immediate help.
 ...                                              
                                                  
l.166 \end{lemma}
                 
? 

Overfull \hbox (20.0pt too wide) in paragraph at lines 164--167
[]
 []


Overfull \hbox (56.8686pt too wide) in paragraph at lines 164--167
[]\OT1/cmr/m/n/10 (\OML/cmm/m/it/10 V[]; V[]\OT1/cmr/m/n/10 ) =[]
 []


Overfull \hbox (74.3515pt too wide) in paragraph at lines 164--167
\OT1/cmr/m/n/10 ([](\OML/cmm/m/it/10 V[]; V[]\OT1/cmr/m/n/10 ))\OMS/cmsy/m/n/10
 f\OML/cmm/m/it/10 f \OMS/cmsy/m/n/10 2[]
 []


Overfull \hbox (38.41663pt too wide) in paragraph at lines 164--167
\OT1/cmr/m/n/10 (\OML/cmm/m/it/10 V[]; V[]\OT1/cmr/m/n/10 ) \OMS/cmsy/m/n/10 j
 []


Overfull \hbox (7.90625pt too wide) in paragraph at lines 164--167
\OML/cmm/m/it/10 g \OMS/cmsy/m/n/10 ^^A
 []


Overfull \hbox (16.52777pt too wide) in paragraph at lines 164--167
\OML/cmm/m/it/10 f \OT1/cmr/m/n/10 =
 []


Overfull \hbox (10.97227pt too wide) in paragraph at lines 164--167
\OML/cmm/m/it/10 f\OMS/cmsy/m/n/10 g$
 []


! LaTeX Error: Environment proof undefined.

See the LaTeX manual or LaTeX Companion for explanation.
Type  H <return>  for immediate help.
 ...                                              
                                                  
l.168 \begin{proof}
                   
? 
! Undefined control sequence.
l.169     $\forall\, f\in \Hom
                              _G(V_1,V_2),\forall\, v\in V_1, g\cdot f(v)=gf...

? 

Overfull \hbox (49.36484pt too wide) in paragraph at lines 169--169
[]$\OMS/cmsy/m/n/10 8 \OML/cmm/m/it/10 f \OMS/cmsy/m/n/10 2[]
 []


Overfull \hbox (59.17815pt too wide) in paragraph at lines 169--169
\OT1/cmr/m/n/10 (\OML/cmm/m/it/10 V[]; V[]\OT1/cmr/m/n/10 )\OML/cmm/m/it/10 ; \
OMS/cmsy/m/n/10 8 \OML/cmm/m/it/10 v \OMS/cmsy/m/n/10 2
 []


Overfull \hbox (22.67012pt too wide) in paragraph at lines 169--169
\OML/cmm/m/it/10 V[]; g \OMS/cmsy/m/n/10 ^^A
 []


Overfull \hbox (29.51158pt too wide) in paragraph at lines 169--169
\OML/cmm/m/it/10 f\OT1/cmr/m/n/10 (\OML/cmm/m/it/10 v\OT1/cmr/m/n/10 ) =
 []


Overfull \hbox (33.63202pt too wide) in paragraph at lines 169--169
\OML/cmm/m/it/10 gf\OT1/cmr/m/n/10 (\OML/cmm/m/it/10 g[] \OMS/cmsy/m/n/10 ^^A
 []


Overfull \hbox (19.65042pt too wide) in paragraph at lines 169--169
\OML/cmm/m/it/10 v\OT1/cmr/m/n/10 ) =
 []


Overfull \hbox (50.50465pt too wide) in paragraph at lines 169--169
\OML/cmm/m/it/10 gg[]f\OT1/cmr/m/n/10 (\OML/cmm/m/it/10 v\OT1/cmr/m/n/10 ) =
 []


Overfull \hbox (18.95607pt too wide) in paragraph at lines 169--169
\OML/cmm/m/it/10 f\OT1/cmr/m/n/10 (\OML/cmm/m/it/10 v\OT1/cmr/m/n/10 )$ 
 []

Missing character: There is no 故 ("6545) in font nullfont!
! Undefined control sequence.
<recently read> \Hom 
                     
l.170     故$\Hom
                _G(V_1,V_2)\subseteq \inv_G(\Hom_\mathbb{F}(V_1,V_2))$.\par
? 
! Undefined control sequence.
l.170     故$\Hom_G(V_1,V_2)\subseteq \inv
                                         _G(\Hom_\mathbb{F}(V_1,V_2))$.\par
? 
! Undefined control sequence.
l.170     故$\Hom_G(V_1,V_2)\subseteq \inv_G(\Hom
                                                _\mathbb{F}(V_1,V_2))$.\par
? 
! Undefined control sequence.
l.170 ...m_G(V_1,V_2)\subseteq \inv_G(\Hom_\mathbb
                                                  {F}(V_1,V_2))$.\par
? 
Missing character: There is no . ("2E) in font nullfont!

Overfull \hbox (76.8686pt too wide) in paragraph at lines 170--170
[]$[]\OT1/cmr/m/n/10 (\OML/cmm/m/it/10 V[]; V[]\OT1/cmr/m/n/10 ) \OMS/cmsy/m/n/
10 ^^R[]
 []


Overfull \hbox (47.28688pt too wide) in paragraph at lines 170--170
\OT1/cmr/m/n/10 ([](\OML/cmm/m/it/10 V[]; V[]\OT1/cmr/m/n/10 ))$ 
 []

! Undefined control sequence.
l.171     $\forall\, f\in \inv
                              _G(\Hom_\mathbb{F}(V_1,V_2))$，则$g\cdot f(v)=gf...

? 
! Undefined control sequence.
l.171     $\forall\, f\in \inv_G(\Hom
                                     _\mathbb{F}(V_1,V_2))$，则$g\cdot f(v)=gf...

? 
! Undefined control sequence.
l.171     $\forall\, f\in \inv_G(\Hom_\mathbb
                                             {F}(V_1,V_2))$，则$g\cdot f(v)=gf...

? 
Missing character: There is no ， ("FF0C) in font nullfont!
Missing character: There is no 则 ("5219) in font nullfont!
Missing character: There is no . ("2E) in font nullfont!

Overfull \hbox (49.36484pt too wide) in paragraph at lines 171--171
[]$\OMS/cmsy/m/n/10 8 \OML/cmm/m/it/10 f \OMS/cmsy/m/n/10 2[]
 []


Overfull \hbox (55.19313pt too wide) in paragraph at lines 171--171
\OT1/cmr/m/n/10 ([](\OML/cmm/m/it/10 V[]; V[]\OT1/cmr/m/n/10 ))$$\OML/cmm/m/it/
10 g \OMS/cmsy/m/n/10 ^^A
 []


Overfull \hbox (29.51158pt too wide) in paragraph at lines 171--171
\OML/cmm/m/it/10 f\OT1/cmr/m/n/10 (\OML/cmm/m/it/10 v\OT1/cmr/m/n/10 ) =
 []


Overfull \hbox (50.50465pt too wide) in paragraph at lines 171--171
\OML/cmm/m/it/10 gf\OT1/cmr/m/n/10 (\OML/cmm/m/it/10 g[]v\OT1/cmr/m/n/10 ) =
 []


Overfull \hbox (31.7338pt too wide) in paragraph at lines 171--171
\OML/cmm/m/it/10 f\OT1/cmr/m/n/10 (\OML/cmm/m/it/10 v\OT1/cmr/m/n/10 ) \OMS/cms
y/m/n/10 )
 []


Overfull \hbox (34.64005pt too wide) in paragraph at lines 171--171
\OML/cmm/m/it/10 gf\OT1/cmr/m/n/10 (\OML/cmm/m/it/10 v\OT1/cmr/m/n/10 ) =
 []


Overfull \hbox (24.08453pt too wide) in paragraph at lines 171--171
\OML/cmm/m/it/10 f\OT1/cmr/m/n/10 (\OML/cmm/m/it/10 gv\OT1/cmr/m/n/10 )$ 
 []

Missing character: There is no 故 ("6545) in font nullfont!
! Undefined control sequence.
<recently read> \inv 
                     
l.172     故$\inv
                _G(\Hom_\mathbb{F}(V_1,V_2))\subseteq \Hom_G(V_1,V_2)$.
? 
! Undefined control sequence.
l.172     故$\inv_G(\Hom
                       _\mathbb{F}(V_1,V_2))\subseteq \Hom_G(V_1,V_2)$.
? 
! Undefined control sequence.
l.172     故$\inv_G(\Hom_\mathbb
                               {F}(V_1,V_2))\subseteq \Hom_G(V_1,V_2)$.
? 
! Undefined control sequence.
l.172 ...G(\Hom_\mathbb{F}(V_1,V_2))\subseteq \Hom
                                                  _G(V_1,V_2)$.
? 
Missing character: There is no . ("2E) in font nullfont!

! LaTeX Error: \begin{document} ended by \end{proof}.

See the LaTeX manual or LaTeX Companion for explanation.
Type  H <return>  for immediate help.
 ...                                              
                                                  
l.173 \end{proof}
                 
? 

Overfull \hbox (91.29436pt too wide) in paragraph at lines 172--174
[]$[]\OT1/cmr/m/n/10 ([](\OML/cmm/m/it/10 V[]; V[]\OT1/cmr/m/n/10 )) \OMS/cmsy/
m/n/10 ^^R[]
 []


Overfull \hbox (32.86113pt too wide) in paragraph at lines 172--174
\OT1/cmr/m/n/10 (\OML/cmm/m/it/10 V[]; V[]\OT1/cmr/m/n/10 )$
 []


! LaTeX Error: Environment lemma undefined.

See the LaTeX manual or LaTeX Companion for explanation.
Type  H <return>  for immediate help.
 ...                                              
                                                  
l.175 \begin{lemma}
                   []
? 
Missing character: There is no [ ("5B) in font nullfont!
Missing character: There is no ] ("5D) in font nullfont!
! Undefined control sequence.
l.176 ...V(g)=\frac{1}{|G|}\sum_{g\in G}\chi_{\inv
                                                  _G(V)}(g)$
? 

! LaTeX Error: \begin{document} ended by \end{lemma}.

See the LaTeX manual or LaTeX Companion for explanation.
Type  H <return>  for immediate help.
 ...                                              
                                                  
l.177 \end{lemma}
                 
? 

Overfull \hbox (20.0pt too wide) in paragraph at lines 175--178
[]
 []


Overfull \hbox (80.19531pt too wide) in paragraph at lines 175--178
[] [][] \OML/cmm/m/it/10 ^^_[]\OT1/cmr/m/n/10 (\OML/cmm/m/it/10 g\OT1/cmr/m/n/1
0 ) =
 []


Overfull \hbox (81.71004pt too wide) in paragraph at lines 175--178
[] [][] \OML/cmm/m/it/10 ^^_[]\OT1/cmr/m/n/10 (\OML/cmm/m/it/10 g\OT1/cmr/m/n/1
0 )$
 []


! LaTeX Error: Environment proof undefined.

See the LaTeX manual or LaTeX Companion for explanation.
Type  H <return>  for immediate help.
 ...                                              
                                                  
l.179 \begin{proof}
                   
? 
Missing character: There is no 记 ("8BB0) in font nullfont!
! Undefined control sequence.
l.180     记$z\triangleq
                       \frac{1}{|G|}\sum_{g\in G}\rho(g)$，则$z^2=\frac{1}{|G|...

? 
Missing character: There is no ， ("FF0C) in font nullfont!
Missing character: There is no 则 ("5219) in font nullfont!
Missing character: There is no ， ("FF0C) in font nullfont!
Missing character: There is no 则 ("5219) in font nullfont!
Missing character: There is no 的 ("7684) in font nullfont!
Missing character: There is no 特 ("7279) in font nullfont!
Missing character: There is no 征 ("5F81) in font nullfont!
Missing character: There is no 值 ("503C) in font nullfont!
Missing character: There is no 为 ("4E3A) in font nullfont!
Missing character: There is no 或 ("6216) in font nullfont!
Missing character: There is no . ("2E) in font nullfont!

Overfull \hbox (106.83081pt too wide) in paragraph at lines 180--180
[]$\OML/cmm/m/it/10 z[] [][] ^^Z\OT1/cmr/m/n/10 (\OML/cmm/m/it/10 g\OT1/cmr/m/n
/10 )$$\OML/cmm/m/it/10 z[] \OT1/cmr/m/n/10 =
 []


Overfull \hbox (77.25438pt too wide) in paragraph at lines 180--180
[] [][] \OML/cmm/m/it/10 ^^Z\OT1/cmr/m/n/10 (\OML/cmm/m/it/10 g\OT1/cmr/m/n/10 
)\OML/cmm/m/it/10 z \OT1/cmr/m/n/10 =
 []


Overfull \hbox (59.17796pt too wide) in paragraph at lines 180--180
[] [][] \OML/cmm/m/it/10 z \OT1/cmr/m/n/10 =
 []


Overfull \hbox (20.18063pt too wide) in paragraph at lines 180--180
\OML/cmm/m/it/10 z$$z$$\OT1/cmr/m/n/10 0$$1$ 
 []

Missing character: There is no 设 ("8BBE) in font nullfont!
Missing character: There is no 为 ("4E3A) in font nullfont!
Missing character: There is no 特 ("7279) in font nullfont!
Missing character: There is no 征 ("5F81) in font nullfont!
Missing character: There is no 值 ("503C) in font nullfont!
Missing character: There is no 为 ("4E3A) in font nullfont!
Missing character: There is no 0 ("30) in font nullfont!
Missing character: There is no 或 ("6216) in font nullfont!
Missing character: There is no 1 ("31) in font nullfont!
Missing character: There is no 的 ("7684) in font nullfont!
Missing character: There is no 子 ("5B50) in font nullfont!
Missing character: There is no 空 ("7A7A) in font nullfont!
Missing character: There is no 间 ("95F4) in font nullfont!
Missing character: There is no ， ("FF0C) in font nullfont!
Missing character: There is no 那 ("90A3) in font nullfont!
Missing character: There is no 么 ("4E48) in font nullfont!
! Undefined control sequence.
l.181     设$V_0,V_1$为特征值为0或1的子空间，那么$\chi_z=\tr
                                              (z_{V_1})=\tr\left(\frac{1}{|G...

? 
! Undefined control sequence.
l.181 ...1$为特征值为0或1的子空间，那么$\chi_z=\tr(z_{V_1})=\tr
                                                  \left(\frac{1}{|G|}\sum_{g...

? 
Missing character: There is no . ("2E) in font nullfont!

Overfull \hbox (66.50343pt too wide) in paragraph at lines 181--181
[]$\OML/cmm/m/it/10 V[]; V[]$$^^_[] \OT1/cmr/m/n/10 =
 []


Overfull \hbox (32.10889pt too wide) in paragraph at lines 181--181
\OT1/cmr/m/n/10 (\OML/cmm/m/it/10 z[]\OT1/cmr/m/n/10 ) =
 []


Overfull \hbox (84.10854pt too wide) in paragraph at lines 181--181
[] \OT1/cmr/m/n/10 =
 []


Overfull \hbox (69.6398pt too wide) in paragraph at lines 181--181
[] [][] \OML/cmm/m/it/10 ^^_[]\OT1/cmr/m/n/10 (\OML/cmm/m/it/10 g\OT1/cmr/m/n/1
0 )$ 
 []

Missing character: There is no 下 ("4E0B) in font nullfont!
Missing character: There is no 证 ("8BC1) in font nullfont!
! Undefined control sequence.
l.182     下证$V_1=\inv
                     _G(V)$，显然$V_1\supseteq \inv_G(V)$.\par
? 
Missing character: There is no ， ("FF0C) in font nullfont!
Missing character: There is no 显 ("663E) in font nullfont!
Missing character: There is no 然 ("7136) in font nullfont!
! Undefined control sequence.
l.182     下证$V_1=\inv_G(V)$，显然$V_1\supseteq \inv
                                                _G(V)$.\par
? 
Missing character: There is no . ("2E) in font nullfont!

Overfull \hbox (47.60095pt too wide) in paragraph at lines 182--182
[]$\OML/cmm/m/it/10 V[] \OT1/cmr/m/n/10 =[]
 []


Overfull \hbox (43.43431pt too wide) in paragraph at lines 182--182
\OT1/cmr/m/n/10 (\OML/cmm/m/it/10 V\OT1/cmr/m/n/10 )$$\OML/cmm/m/it/10 V[] \OMS
/cmsy/m/n/10 ^^S[]
 []


Overfull \hbox (15.83336pt too wide) in paragraph at lines 182--182
\OT1/cmr/m/n/10 (\OML/cmm/m/it/10 V\OT1/cmr/m/n/10 )$ 
 []

Missing character: There is no 反 ("53CD) in font nullfont!
Missing character: There is no 之 ("4E4B) in font nullfont!
Missing character: There is no ， ("FF0C) in font nullfont!
Missing character: There is no 设 ("8BBE) in font nullfont!
Missing character: There is no ， ("FF0C) in font nullfont!
Missing character: There is no 即 ("5373) in font nullfont!
Missing character: There is no ， ("FF0C) in font nullfont!
Missing character: There is no 则 ("5219) in font nullfont!
Missing character: There is no ， ("FF0C) in font nullfont!
Missing character: There is no 故 ("6545) in font nullfont!
! Undefined control sequence.
l.183 ...g)\cdot z)(v)=z(v)=v$，故$V_1\subseteq \inv
                                                  _G(V)$
? 

! LaTeX Error: \begin{document} ended by \end{proof}.

See the LaTeX manual or LaTeX Companion for explanation.
Type  H <return>  for immediate help.
 ...                                              
                                                  
l.184 \end{proof}
                 
? 

Overfull \hbox (34.6504pt too wide) in paragraph at lines 183--185
[]$\OML/cmm/m/it/10 v \OMS/cmsy/m/n/10 2
 []


Overfull \hbox (38.94908pt too wide) in paragraph at lines 183--185
\OML/cmm/m/it/10 V[]$$z\OT1/cmr/m/n/10 (\OML/cmm/m/it/10 v\OT1/cmr/m/n/10 ) =
 []


Overfull \hbox (13.11226pt too wide) in paragraph at lines 183--185
\OML/cmm/m/it/10 v$$g \OMS/cmsy/m/n/10 ^^A
 []


Overfull \hbox (15.76152pt too wide) in paragraph at lines 183--185
\OML/cmm/m/it/10 v \OT1/cmr/m/n/10 =
 []


Overfull \hbox (7.90625pt too wide) in paragraph at lines 183--185
\OML/cmm/m/it/10 g \OMS/cmsy/m/n/10 ^^A
 []


Overfull \hbox (28.62962pt too wide) in paragraph at lines 183--185
\OML/cmm/m/it/10 z\OT1/cmr/m/n/10 (\OML/cmm/m/it/10 v\OT1/cmr/m/n/10 ) =
 []


Overfull \hbox (24.7431pt too wide) in paragraph at lines 183--185
\OT1/cmr/m/n/10 (\OML/cmm/m/it/10 ^^Z\OT1/cmr/m/n/10 (\OML/cmm/m/it/10 g\OT1/cm
r/m/n/10 ) \OMS/cmsy/m/n/10 ^^A
 []


Overfull \hbox (32.51852pt too wide) in paragraph at lines 183--185
\OML/cmm/m/it/10 z\OT1/cmr/m/n/10 )(\OML/cmm/m/it/10 v\OT1/cmr/m/n/10 ) =
 []


Overfull \hbox (28.62962pt too wide) in paragraph at lines 183--185
\OML/cmm/m/it/10 z\OT1/cmr/m/n/10 (\OML/cmm/m/it/10 v\OT1/cmr/m/n/10 ) =
 []


Overfull \hbox (32.80696pt too wide) in paragraph at lines 183--185
\OML/cmm/m/it/10 v$$V[] \OMS/cmsy/m/n/10 ^^R[]
 []


Overfull \hbox (15.83336pt too wide) in paragraph at lines 183--185
\OT1/cmr/m/n/10 (\OML/cmm/m/it/10 V\OT1/cmr/m/n/10 )$
 []


! LaTeX Error: Environment proof undefined.

See the LaTeX manual or LaTeX Companion for explanation.
Type  H <return>  for immediate help.
 ...                                              
                                                  
l.186 \begin{proof}
                   [证明(第一正交关系)]\par
? 
Missing character: There is no [ ("5B) in font nullfont!
Missing character: There is no 证 ("8BC1) in font nullfont!
Missing character: There is no 明 ("660E) in font nullfont!
Missing character: There is no ( ("28) in font nullfont!
Missing character: There is no 第 ("7B2C) in font nullfont!
Missing character: There is no 一 ("4E00) in font nullfont!
Missing character: There is no 正 ("6B63) in font nullfont!
Missing character: There is no 交 ("4EA4) in font nullfont!
Missing character: There is no 关 ("5173) in font nullfont!
Missing character: There is no 系 ("7CFB) in font nullfont!
Missing character: There is no ) ("29) in font nullfont!
Missing character: There is no ] ("5D) in font nullfont!

Overfull \hbox (20.0pt too wide) in paragraph at lines 186--186
[] 
 []

! Undefined control sequence.
<recently read> \setjot 
                        
l.187     $\setjot
                  [-2]\begin{aligned}[t]
? 

! LaTeX Error: Environment aligned undefined.

See the LaTeX manual or LaTeX Companion for explanation.
Type  H <return>  for immediate help.
 ...                                              
                                                  
l.187     $\setjot[-2]\begin{aligned}
                                     [t]
? 
! Misplaced alignment tab character &.
l.188     (\chi_1,\chi_2) &
                           = \frac{1}{|G|}\sum_{g\in G}\chi_1(g^{-1})\chi_2(...

? 
! Misplaced alignment tab character &.
<recently read> &
                 
l.189     &
           = \frac{1}{|G|}\sum_{g\in G}\chi_{\Hom_\mathbb{F}(V_1,V_2)}(g) =\...

? 
! Undefined control sequence.
l.189     &= \frac{1}{|G|}\sum_{g\in G}\chi_{\Hom
                                                 _\mathbb{F}(V_1,V_2)}(g) =\...

? 
! Undefined control sequence.
l.189 ...ac{1}{|G|}\sum_{g\in G}\chi_{\Hom_\mathbb
                                                  {F}(V_1,V_2)}(g) =\frac{1}...

? 
! Undefined control sequence.
l.189 ...(g) =\frac{1}{|G|}\sum_{g\in G}\chi_{\inv
                                                  _G(\Hom_\mathbb{F}(V_1,V_2...

? 
! Undefined control sequence.
l.189 ...rac{1}{|G|}\sum_{g\in G}\chi_{\inv_G(\Hom
                                                  _\mathbb{F}(V_1,V_2))}(g) \\
? 
! Undefined control sequence.
l.189 ...G|}\sum_{g\in G}\chi_{\inv_G(\Hom_\mathbb
                                                  {F}(V_1,V_2))}(g) \\
? 
! Misplaced alignment tab character &.
<recently read> &
                 
l.190     &
           = \frac{1}{|G|}\sum_{g\in G}\chi_{\Hom_G(V_1,V_2)}(g)
? 
! Undefined control sequence.
l.190     &= \frac{1}{|G|}\sum_{g\in G}\chi_{\Hom
                                                 _G(V_1,V_2)}(g)
? 

! LaTeX Error: \begin{document} ended by \end{aligned}.

See the LaTeX manual or LaTeX Companion for explanation.
Type  H <return>  for immediate help.
 ...                                              
                                                  
l.191     \end{aligned}
                       $\par
? 

Overfull \hbox (91.76389pt too wide) in paragraph at lines 187--191
[]$\OT1/cmr/m/n/10 [\OMS/cmsy/m/n/10 ^^@\OT1/cmr/m/n/10 2][\OML/cmm/m/it/10 t\O
T1/cmr/m/n/10 ](\OML/cmm/m/it/10 ^^_[]; ^^_[]\OT1/cmr/m/n/10 ) =
 []


Overfull \hbox (112.12242pt too wide) in paragraph at lines 187--191
[] [][] \OML/cmm/m/it/10 ^^_[]\OT1/cmr/m/n/10 (\OML/cmm/m/it/10 g[]\OT1/cmr/m/n
/10 )\OML/cmm/m/it/10 ^^_[]\OT1/cmr/m/n/10 (\OML/cmm/m/it/10 g\OT1/cmr/m/n/10 )
 =
 []


Overfull \hbox (112.66415pt too wide) in paragraph at lines 187--191
[] [][] \OML/cmm/m/it/10 ^^_[]\OT1/cmr/m/n/10 (\OML/cmm/m/it/10 g\OT1/cmr/m/n/1
0 )\OML/cmm/m/it/10 ^^_[]\OT1/cmr/m/n/10 (\OML/cmm/m/it/10 g\OT1/cmr/m/n/10 ) =

 []


Overfull \hbox (88.69548pt too wide) in paragraph at lines 187--191
[] [][] \OML/cmm/m/it/10 ^^_[]\OT1/cmr/m/n/10 (\OML/cmm/m/it/10 g\OT1/cmr/m/n/1
0 )[] 
 []


Overfull \hbox (7.7778pt too wide) in paragraph at lines 187--191
\OT1/cmr/m/n/10 =
 []


Overfull \hbox (105.33095pt too wide) in paragraph at lines 187--191
[] [][] \OML/cmm/m/it/10 ^^_[]\OT1/cmr/m/n/10 (\OML/cmm/m/it/10 g\OT1/cmr/m/n/1
0 ) =
 []


Overfull \hbox (106.84567pt too wide) in paragraph at lines 187--191
[] [][] \OML/cmm/m/it/10 ^^_[]\OT1/cmr/m/n/10 (\OML/cmm/m/it/10 g\OT1/cmr/m/n/1
0 )[] 
 []


Overfull \hbox (7.7778pt too wide) in paragraph at lines 187--191
\OT1/cmr/m/n/10 =
 []


Overfull \hbox (94.89072pt too wide) in paragraph at lines 187--191
[] [][] \OML/cmm/m/it/10 ^^_[]\OT1/cmr/m/n/10 (\OML/cmm/m/it/10 g\OT1/cmr/m/n/1
0 )$ 
 []

Missing character: There is no 若 ("82E5) in font nullfont!
Missing character: There is no ， ("FF0C) in font nullfont!
Missing character: There is no 由 ("7531) in font nullfont!
Missing character: There is no S ("53) in font nullfont!
Missing character: There is no c ("63) in font nullfont!
Missing character: There is no h ("68) in font nullfont!
Missing character: There is no u ("75) in font nullfont!
Missing character: There is no r ("72) in font nullfont!
Missing character: There is no 引 ("5F15) in font nullfont!
Missing character: There is no 理 ("7406) in font nullfont!
Missing character: There is no 知 ("77E5) in font nullfont!
! Undefined control sequence.
<recently read> \Hom 
                     
l.192     若$\rho_1\not\cong\rho_2$，由Schur引理知$\Hom
                                                 _G(V_1,V_2)=0$，从而$(\chi_1,\...

? 
Missing character: There is no ， ("FF0C) in font nullfont!
Missing character: There is no 从 ("4ECE) in font nullfont!
Missing character: There is no 而 ("800C) in font nullfont!
Missing character: There is no . ("2E) in font nullfont!

Overfull \hbox (40.21179pt too wide) in paragraph at lines 192--192
[]$\OML/cmm/m/it/10 ^^Z[] \OMS/cmsy/m/n/10 6[]
 []


Overfull \hbox (59.7989pt too wide) in paragraph at lines 192--192
\OML/cmm/m/it/10 ^^Z[]$$[]\OT1/cmr/m/n/10 (\OML/cmm/m/it/10 V[]; V[]\OT1/cmr/m/
n/10 ) =
 []


Overfull \hbox (49.26382pt too wide) in paragraph at lines 192--192
\OT1/cmr/m/n/10 0$$(\OML/cmm/m/it/10 ^^_[]; ^^_[]\OT1/cmr/m/n/10 ) =
 []


Overfull \hbox (5.00002pt too wide) in paragraph at lines 192--192
\OT1/cmr/m/n/10 0$ 
 []

Missing character: There is no 若 ("82E5) in font nullfont!
Missing character: There is no ， ("FF0C) in font nullfont!
Missing character: There is no 则 ("5219) in font nullfont!
! Undefined control sequence.
<recently read> \Hom 
                     
l.193     若$\rho_1\cong\rho_2$，则$\Hom
                                     _G(V_1,V_2)=\bigoplus_{\dim_\mathbb{F}\...

? 
! Undefined control sequence.
l.193 ...则$\Hom_G(V_1,V_2)=\bigoplus_{\dim_\mathbb
                                                  {F}\Hom_G(V_1,V_1)} 1_V$，故...

? 
! Undefined control sequence.
l.193 ...G(V_1,V_2)=\bigoplus_{\dim_\mathbb{F}\Hom
                                                  _G(V_1,V_1)} 1_V$，故$(\chi_...

? 
! Double subscript.
l.193 ...(V_1,V_2)=\bigoplus_{\dim_\mathbb{F}\Hom_
                                                  G(V_1,V_1)} 1_V$，故$(\chi_1...

? 
Missing character: There is no ， ("FF0C) in font nullfont!
Missing character: There is no 故 ("6545) in font nullfont!
! Undefined control sequence.
l.193 ..._1)} 1_V$，故$(\chi_1,\chi_2)=(\dim_\mathbb
                                                  {F}\Hom_G(V_1,V_1))\cdot 1...

? 
! Undefined control sequence.
l.193 ...V$，故$(\chi_1,\chi_2)=(\dim_\mathbb{F}\Hom
                                                  _G(V_1,V_1))\cdot 1_\mathb...

? 
! Double subscript.
l.193 ...$，故$(\chi_1,\chi_2)=(\dim_\mathbb{F}\Hom_
                                                  G(V_1,V_1))\cdot 1_\mathbb...

? 
! Undefined control sequence.
l.193 ...\mathbb{F}\Hom_G(V_1,V_1))\cdot 1_\mathbb
                                                  {F}$
? 

! LaTeX Error: \begin{document} ended by \end{proof}.

See the LaTeX manual or LaTeX Companion for explanation.
Type  H <return>  for immediate help.
 ...                                              
                                                  
l.194 \end{proof}
                 
? 

Overfull \hbox (40.21179pt too wide) in paragraph at lines 193--195
[]$\OML/cmm/m/it/10 ^^Z[] []
 []


Overfull \hbox (59.7989pt too wide) in paragraph at lines 193--195
\OML/cmm/m/it/10 ^^Z[]$$[]\OT1/cmr/m/n/10 (\OML/cmm/m/it/10 V[]; V[]\OT1/cmr/m/
n/10 ) =
 []


Overfull \hbox (121.50218pt too wide) in paragraph at lines 193--195
[][] \OT1/cmr/m/n/10 1[]$$(\OML/cmm/m/it/10 ^^_[]; ^^_[]\OT1/cmr/m/n/10 ) =
 []


Overfull \hbox (75.124pt too wide) in paragraph at lines 193--195
\OT1/cmr/m/n/10 ([][] [](\OML/cmm/m/it/10 V[]; V[]\OT1/cmr/m/n/10 )) \OMS/cmsy/
m/n/10 ^^A
 []


Overfull \hbox (11.64796pt too wide) in paragraph at lines 193--195
\OT1/cmr/m/n/10 1[]$
 []

Missing character: There is no 利 ("5229) in font nullfont!
Missing character: There is no 用 ("7528) in font nullfont!
Missing character: There is no 第 ("7B2C) in font nullfont!
Missing character: There is no 一 ("4E00) in font nullfont!
Missing character: There is no 正 ("6B63) in font nullfont!
Missing character: There is no 交 ("4EA4) in font nullfont!
Missing character: There is no 关 ("5173) in font nullfont!
Missing character: There is no 系 ("7CFB) in font nullfont!
Missing character: There is no ， ("FF0C) in font nullfont!
Missing character: There is no 可 ("53EF) in font nullfont!
Missing character: There is no 以 ("4EE5) in font nullfont!
Missing character: There is no 解 ("89E3) in font nullfont!
Missing character: There is no 决 ("51B3) in font nullfont!
Missing character: There is no 群 ("7FA4) in font nullfont!
Missing character: There is no 表 ("8868) in font nullfont!
Missing character: There is no 示 ("793A) in font nullfont!
Missing character: There is no 的 ("7684) in font nullfont!
Missing character: There is no 若 ("82E5) in font nullfont!
Missing character: There is no 干 ("5E72) in font nullfont!
Missing character: There is no 基 ("57FA) in font nullfont!
Missing character: There is no 本 ("672C) in font nullfont!
Missing character: There is no 问 ("95EE) in font nullfont!
Missing character: There is no 题 ("9898) in font nullfont!
Missing character: There is no . ("2E) in font nullfont!

Overfull \hbox (20.0pt too wide) in paragraph at lines 196--196
[] 
 []


! LaTeX Error: Environment theorem undefined.

See the LaTeX manual or LaTeX Companion for explanation.
Type  H <return>  for immediate help.
 ...                                              
                                                  
l.198 \begin{theorem}
                     [不可约分解的重数]
? 
Missing character: There is no [ ("5B) in font nullfont!
Missing character: There is no 不 ("4E0D) in font nullfont!
Missing character: There is no 可 ("53EF) in font nullfont!
Missing character: There is no 约 ("7EA6) in font nullfont!
Missing character: There is no 分 ("5206) in font nullfont!
Missing character: There is no 解 ("89E3) in font nullfont!
Missing character: There is no 的 ("7684) in font nullfont!
Missing character: There is no 重 ("91CD) in font nullfont!
Missing character: There is no 数 ("6570) in font nullfont!
Missing character: There is no ] ("5D) in font nullfont!
! Undefined control sequence.
l.199     \wideline
                   
? 
Missing character: There is no 设 ("8BBE) in font nullfont!
! Undefined control sequence.
l.200     设$\mathrm{char}\,\mathbb
                                  {F}\nmid |G|$，$V=n_1V_1\oplus n_2V_2\oplus...

? 
! Undefined control sequence.
l.200     设$\mathrm{char}\,\mathbb{F}\nmid
                                           |G|$，$V=n_1V_1\oplus n_2V_2\oplus...

? 
Missing character: There is no ， ("FF0C) in font nullfont!
Missing character: There is no ， ("FF0C) in font nullfont!
Missing character: There is no 其 ("5176) in font nullfont!
Missing character: There is no 中 ("4E2D) in font nullfont!
Missing character: There is no 不 ("4E0D) in font nullfont!
Missing character: There is no 可 ("53EF) in font nullfont!
Missing character: There is no 约 ("7EA6) in font nullfont!
Missing character: There is no ， ("FF0C) in font nullfont!
Missing character: There is no 且 ("4E14) in font nullfont!
Missing character: There is no ， ("FF0C) in font nullfont!
Missing character: There is no 则 ("5219) in font nullfont!
! Undefined control sequence.
<argument> \dim _\mathbb 
                         {F}\Hom _G(V_i,V_i)
l.200 ...,\chi_i)}{\dim_\mathbb{F}\Hom_G(V_i,V_i)}
                                                  $.\par
? 
! Undefined control sequence.
<argument> \dim _\mathbb {F}\Hom 
                                 _G(V_i,V_i)
l.200 ...,\chi_i)}{\dim_\mathbb{F}\Hom_G(V_i,V_i)}
                                                  $.\par
? 
! Double subscript.
<argument> \dim _\mathbb {F}\Hom _
                                  G(V_i,V_i)
l.200 ...,\chi_i)}{\dim_\mathbb{F}\Hom_G(V_i,V_i)}
                                                  $.\par
? 
Missing character: There is no . ("2E) in font nullfont!

Overfull \hbox (20.0pt too wide) in paragraph at lines 198--200
[]
 []


Overfull \hbox (60.15413pt too wide) in paragraph at lines 198--200
[] \OML/cmm/m/it/10 F\OMS/cmsy/m/n/10 j\OML/cmm/m/it/10 G\OMS/cmsy/m/n/10 j$$\O
ML/cmm/m/it/10 V \OT1/cmr/m/n/10 =
 []


Overfull \hbox (28.58574pt too wide) in paragraph at lines 198--200
\OML/cmm/m/it/10 n[]V[] \OMS/cmsy/m/n/10 ^^H
 []


Overfull \hbox (28.58574pt too wide) in paragraph at lines 198--200
\OML/cmm/m/it/10 n[]V[] \OMS/cmsy/m/n/10 ^^H
 []


Overfull \hbox (19.44441pt too wide) in paragraph at lines 198--200
[] \OMS/cmsy/m/n/10 ^^H
 []


Overfull \hbox (49.26506pt too wide) in paragraph at lines 198--200
\OML/cmm/m/it/10 n[]V[]$$V[]$$V[] \OMS/cmsy/m/n/10 6[]
 []


Overfull \hbox (27.93643pt too wide) in paragraph at lines 198--200
\OML/cmm/m/it/10 V[]\OT1/cmr/m/n/10 (\OML/cmm/m/it/10 i \OMS/cmsy/m/n/10 6\OT1/
cmr/m/n/10 =
 []


Overfull \hbox (28.46654pt too wide) in paragraph at lines 198--200
\OML/cmm/m/it/10 j\OT1/cmr/m/n/10 )$$\OML/cmm/m/it/10 n[] \OT1/cmr/m/n/10 =
 []


Overfull \hbox (52.94614pt too wide) in paragraph at lines 198--200
[]$ 
 []

Missing character: There is no 特 ("7279) in font nullfont!
Missing character: There is no 别 ("522B) in font nullfont!
Missing character: There is no 地 ("5730) in font nullfont!
Missing character: There is no ， ("FF0C) in font nullfont!
Missing character: There is no 若 ("82E5) in font nullfont!
! Undefined control sequence.
<recently read> \mathbb 
                        
l.201     特别地，若$\mathbb
                       {F}$是$G$的分裂域，则$n_i=(\chi,\chi_i)$
? 
Missing character: There is no 是 ("662F) in font nullfont!
Missing character: There is no 的 ("7684) in font nullfont!
Missing character: There is no 分 ("5206) in font nullfont!
Missing character: There is no 裂 ("88C2) in font nullfont!
Missing character: There is no 域 ("57DF) in font nullfont!
Missing character: There is no ， ("FF0C) in font nullfont!
Missing character: There is no 则 ("5219) in font nullfont!

! LaTeX Error: \begin{document} ended by \end{theorem}.

See the LaTeX manual or LaTeX Companion for explanation.
Type  H <return>  for immediate help.
 ...                                              
                                                  
l.202 \end{theorem}
                   
? 

Overfull \hbox (55.56909pt too wide) in paragraph at lines 201--203
[]$\OML/cmm/m/it/10 F$$G$$n[] \OT1/cmr/m/n/10 =
 []


Overfull \hbox (28.06532pt too wide) in paragraph at lines 201--203
\OT1/cmr/m/n/10 (\OML/cmm/m/it/10 ^^_; ^^_[]\OT1/cmr/m/n/10 )$
 []


! LaTeX Error: Environment proof undefined.

See the LaTeX manual or LaTeX Companion for explanation.
Type  H <return>  for immediate help.
 ...                                              
                                                  
l.204 \begin{proof}
                   
? 
! Undefined control sequence.
l.205 ...\sum_{j=1}^s n_j\cdot \delta_{ji}\dim\Hom
                                                  _G(V_i,V_i)=n_i\dim\Hom_G(...

? 
! Undefined control sequence.
l.205 ...delta_{ji}\dim\Hom_G(V_i,V_i)=n_i\dim\Hom
                                                  _G(V_i,V_i)$
? 

! LaTeX Error: \begin{document} ended by \end{proof}.

See the LaTeX manual or LaTeX Companion for explanation.
Type  H <return>  for immediate help.
 ...                                              
                                                  
l.206 \end{proof}
                 
? 

Overfull \hbox (58.62083pt too wide) in paragraph at lines 205--207
[]$\OT1/cmr/m/n/10 (\OML/cmm/m/it/10 ^^_; ^^_[]\OT1/cmr/m/n/10 ) =
 []


Overfull \hbox (83.77779pt too wide) in paragraph at lines 205--207
[] \OT1/cmr/m/n/10 =
 []


Overfull \hbox (79.61113pt too wide) in paragraph at lines 205--207
[][] \OML/cmm/m/it/10 n[]\OT1/cmr/m/n/10 (\OML/cmm/m/it/10 ^^_[]; ^^_[]\OT1/cmr
/m/n/10 ) =
 []


Overfull \hbox (39.55452pt too wide) in paragraph at lines 205--207
[][] \OML/cmm/m/it/10 n[] \OMS/cmsy/m/n/10 ^^A
 []


Overfull \hbox (77.64957pt too wide) in paragraph at lines 205--207
\OML/cmm/m/it/10 ^^N[] [][]\OT1/cmr/m/n/10 (\OML/cmm/m/it/10 V[]; V[]\OT1/cmr/m
/n/10 ) =
 []


Overfull \hbox (64.9384pt too wide) in paragraph at lines 205--207
\OML/cmm/m/it/10 n[] [][]\OT1/cmr/m/n/10 (\OML/cmm/m/it/10 V[]; V[]\OT1/cmr/m/n
/10 )$
 []


! LaTeX Error: Environment theorem undefined.

See the LaTeX manual or LaTeX Companion for explanation.
Type  H <return>  for immediate help.
 ...                                              
                                                  
l.208 \begin{theorem}
                     []
? 
Missing character: There is no [ ("5B) in font nullfont!
Missing character: There is no ] ("5D) in font nullfont!
Missing character: There is no 若 ("82E5) in font nullfont!
! Undefined control sequence.
l.209     若$\mathrm{char}\,\mathbb
                                  {F}\nmid |G|$，则$\rho_1\cong\rho_2\iff \chi...

? 
! Undefined control sequence.
l.209     若$\mathrm{char}\,\mathbb{F}\nmid
                                           |G|$，则$\rho_1\cong\rho_2\iff \chi...

? 
Missing character: There is no ， ("FF0C) in font nullfont!
Missing character: There is no 则 ("5219) in font nullfont!
Missing character: There is no . ("2E) in font nullfont!

! LaTeX Error: \begin{document} ended by \end{theorem}.

See the LaTeX manual or LaTeX Companion for explanation.
Type  H <return>  for immediate help.
 ...                                              
                                                  
l.210 \end{theorem}
                   
? 

Overfull \hbox (20.0pt too wide) in paragraph at lines 208--211
[]
 []


Overfull \hbox (61.75485pt too wide) in paragraph at lines 208--211
[] \OML/cmm/m/it/10 F\OMS/cmsy/m/n/10 j\OML/cmm/m/it/10 G\OMS/cmsy/m/n/10 j$$\O
ML/cmm/m/it/10 ^^Z[] []
 []


Overfull \hbox (33.5451pt too wide) in paragraph at lines 208--211
\OML/cmm/m/it/10 ^^Z[]  \OMS/cmsy/m/n/10 ([])
 []


Overfull \hbox (21.29855pt too wide) in paragraph at lines 208--211
\OML/cmm/m/it/10 ^^_[] \OT1/cmr/m/n/10 =
 []


Overfull \hbox (10.74304pt too wide) in paragraph at lines 208--211
\OML/cmm/m/it/10 ^^_[]$
 []


! LaTeX Error: Environment proof undefined.

See the LaTeX manual or LaTeX Companion for explanation.
Type  H <return>  for immediate help.
 ...                                              
                                                  
l.212 \begin{proof}
                   
? 
Missing character: There is no 由 ("7531) in font nullfont!
Missing character: There is no 特 ("7279) in font nullfont!
Missing character: There is no 征 ("5F81) in font nullfont!
Missing character: There is no 标 ("6807) in font nullfont!
Missing character: There is no 性 ("6027) in font nullfont!
Missing character: There is no 质 ("8D28) in font nullfont!
Missing character: There is no 可 ("53EF) in font nullfont!
Missing character: There is no 得 ("5F97) in font nullfont!
Missing character: There is no . ("2E) in font nullfont!

Overfull \hbox (30.00002pt too wide) in paragraph at lines 213--213
[]$\OMS/cmsy/m/n/10 )$ 
 []

Missing character: There is no 设 ("8BBE) in font nullfont!
Missing character: There is no 的 ("7684) in font nullfont!
Missing character: There is no 不 ("4E0D) in font nullfont!
Missing character: There is no 可 ("53EF) in font nullfont!
Missing character: There is no 约 ("7EA6) in font nullfont!
Missing character: There is no 分 ("5206) in font nullfont!
Missing character: There is no 解 ("89E3) in font nullfont!
Missing character: There is no 为 ("4E3A) in font nullfont!

Overfull \hbox (30.00002pt too wide) in paragraph at lines 214--214
[]$\OMS/cmsy/m/n/10 ($
 []


Overfull \hbox (45.9583pt too wide) in paragraph at lines 214--214
\OML/cmm/m/it/10 V[]; V[]$$V[] \OT1/cmr/m/n/10 =
 []


Overfull \hbox (56.5914pt too wide) in paragraph at lines 214--214
[] \OML/cmm/m/it/10 n[]V[]; V[] \OT1/cmr/m/n/10 =
 []


Overfull \hbox (31.27202pt too wide) in paragraph at lines 214--214
[] \OML/cmm/m/it/10 n[]V[]$ 
 []

Missing character: There is no 由 ("7531) in font nullfont!
Missing character: There is no 于 ("4E8E) in font nullfont!
Missing character: There is no ， ("FF0C) in font nullfont!
Missing character: There is no ， ("FF0C) in font nullfont!
Missing character: There is no 即 ("5373) in font nullfont!

Overfull \hbox (41.29855pt too wide) in paragraph at lines 215--215
[]$\OML/cmm/m/it/10 ^^_[] \OT1/cmr/m/n/10 =
 []


Overfull \hbox (53.85pt too wide) in paragraph at lines 215--215
\OML/cmm/m/it/10 ^^_[]$$\OT1/cmr/m/n/10 (\OML/cmm/m/it/10 ^^_[]; ^^_[]\OT1/cmr/
m/n/10 ) =
 []


Overfull \hbox (52.4386pt too wide) in paragraph at lines 215--215
\OT1/cmr/m/n/10 (\OML/cmm/m/it/10 ^^_[]; ^^_[]\OT1/cmr/m/n/10 )$$\OML/cmm/m/it/
10 n[] \OT1/cmr/m/n/10 =
 []


Overfull \hbox (9.33163pt too wide) in paragraph at lines 215--215
\OML/cmm/m/it/10 n[]$ 
 []

Missing character: There is no 故 ("6545) in font nullfont!
Missing character: There is no . ("2E) in font nullfont!

! LaTeX Error: \begin{document} ended by \end{proof}.

See the LaTeX manual or LaTeX Companion for explanation.
Type  H <return>  for immediate help.
 ...                                              
                                                  
l.217 \end{proof}
                 
? 

Overfull \hbox (40.87497pt too wide) in paragraph at lines 216--218
[]$\OML/cmm/m/it/10 V[] []
 []


Overfull \hbox (10.31946pt too wide) in paragraph at lines 216--218
\OML/cmm/m/it/10 V[]$
 []

Missing character: There is no 但 ("4F46) in font nullfont!
Missing character: There is no 是 ("662F) in font nullfont!
Missing character: There is no 在 ("5728) in font nullfont!
Missing character: There is no 模 ("6A21) in font nullfont!
Missing character: There is no 表 ("8868) in font nullfont!
Missing character: There is no 示 ("793A) in font nullfont!
Missing character: There is no 论 ("8BBA) in font nullfont!
Missing character: There is no 中 ("4E2D) in font nullfont!
Missing character: There is no ， ("FF0C) in font nullfont!
Missing character: There is no 上 ("4E0A) in font nullfont!
Missing character: There is no 述 ("8FF0) in font nullfont!
Missing character: There is no 结 ("7ED3) in font nullfont!
Missing character: There is no 论 ("8BBA) in font nullfont!
Missing character: There is no 不 ("4E0D) in font nullfont!
Missing character: There is no 一 ("4E00) in font nullfont!
Missing character: There is no 定 ("5B9A) in font nullfont!
Missing character: There is no 成 ("6210) in font nullfont!
Missing character: There is no 立 ("7ACB) in font nullfont!
Missing character: There is no . ("2E) in font nullfont!

Overfull \hbox (20.0pt too wide) in paragraph at lines 219--219
[] 
 []


! LaTeX Error: Environment instance undefined.

See the LaTeX manual or LaTeX Companion for explanation.
Type  H <return>  for immediate help.
 ...                                              
                                                  
l.221 \begin{instance}
                      
? 
Missing character: There is no 设 ("8BBE) in font nullfont!
! Undefined control sequence.
l.222     设$p=\mathrm{char}\,\mathbb
                                    {F}\mid |G|$，令$V_1=\mathbb{F}^p,\rho_1(g...

? 
Missing character: There is no ， ("FF0C) in font nullfont!
Missing character: There is no 令 ("4EE4) in font nullfont!
! Undefined control sequence.
l.222 ...{char}\,\mathbb{F}\mid |G|$，令$V_1=\mathbb
                                                  {F}^p,\rho_1(g)=1_{V_1}$，$...

? 
Missing character: There is no ， ("FF0C) in font nullfont!
! Undefined control sequence.
l.222 ...thbb{F}^p,\rho_1(g)=1_{V_1}$，$V_2=\mathbb
                                                  {F}^{2p},\rho_2(g)=1_{V_2}...

? 
Missing character: There is no . ("2E) in font nullfont!

Overfull \hbox (35.58676pt too wide) in paragraph at lines 222--222
[]$\OML/cmm/m/it/10 p \OT1/cmr/m/n/10 =
 []


Overfull \hbox (33.6805pt too wide) in paragraph at lines 222--222
[] \OML/cmm/m/it/10 F \OMS/cmsy/m/n/10 j
 []


Overfull \hbox (34.29303pt too wide) in paragraph at lines 222--222
\OMS/cmsy/m/n/10 j\OML/cmm/m/it/10 G\OMS/cmsy/m/n/10 j$$\OML/cmm/m/it/10 V[] \O
T1/cmr/m/n/10 =
 []


Overfull \hbox (50.00427pt too wide) in paragraph at lines 222--222
\OML/cmm/m/it/10 F[]; ^^Z[]\OT1/cmr/m/n/10 (\OML/cmm/m/it/10 g\OT1/cmr/m/n/10 )
 =
 []


Overfull \hbox (35.00006pt too wide) in paragraph at lines 222--222
\OT1/cmr/m/n/10 1[]$$\OML/cmm/m/it/10 V[] \OT1/cmr/m/n/10 =
 []


Overfull \hbox (53.9904pt too wide) in paragraph at lines 222--222
\OML/cmm/m/it/10 F[]; ^^Z[]\OT1/cmr/m/n/10 (\OML/cmm/m/it/10 g\OT1/cmr/m/n/10 )
 =
 []


Overfull \hbox (14.12509pt too wide) in paragraph at lines 222--222
\OT1/cmr/m/n/10 1[]$ 
 []

Missing character: There is no 则 ("5219) in font nullfont!
Missing character: There is no 但 ("4F46) in font nullfont!
Missing character: There is no . ("2E) in font nullfont!

! LaTeX Error: \begin{document} ended by \end{instance}.

See the LaTeX manual or LaTeX Companion for explanation.
Type  H <return>  for immediate help.
 ...                                              
                                                  
l.224 \end{instance}
                    
? 

Overfull \hbox (41.29855pt too wide) in paragraph at lines 223--225
[]$\OML/cmm/m/it/10 ^^_[] \OT1/cmr/m/n/10 =
 []


Overfull \hbox (21.29855pt too wide) in paragraph at lines 223--225
\OML/cmm/m/it/10 ^^_[] \OT1/cmr/m/n/10 =
 []


Overfull \hbox (25.87498pt too wide) in paragraph at lines 223--225
\OT1/cmr/m/n/10 0$$\OML/cmm/m/it/10 V[] \OMS/cmsy/m/n/10 6[]
 []


Overfull \hbox (10.31946pt too wide) in paragraph at lines 223--225
\OML/cmm/m/it/10 V[]$
 []


! LaTeX Error: Environment theorem undefined.

See the LaTeX manual or LaTeX Companion for explanation.
Type  H <return>  for immediate help.
 ...                                              
                                                  
l.226 \begin{theorem}
                     [不可约表示判别法]
? 
Missing character: There is no [ ("5B) in font nullfont!
Missing character: There is no 不 ("4E0D) in font nullfont!
Missing character: There is no 可 ("53EF) in font nullfont!
Missing character: There is no 约 ("7EA6) in font nullfont!
Missing character: There is no 表 ("8868) in font nullfont!
Missing character: There is no 示 ("793A) in font nullfont!
Missing character: There is no 判 ("5224) in font nullfont!
Missing character: There is no 别 ("522B) in font nullfont!
Missing character: There is no 法 ("6CD5) in font nullfont!
Missing character: There is no ] ("5D) in font nullfont!
Missing character: There is no 设 ("8BBE) in font nullfont!
! Undefined control sequence.
l.227     设$\mathrm{char}\,\mathbb
                                  {F}\nmid |G|$且$\mathbb{F}$为$G$的分裂域，设$\chi$...

? 
! Undefined control sequence.
l.227     设$\mathrm{char}\,\mathbb{F}\nmid
                                           |G|$且$\mathbb{F}$为$G$的分裂域，设$\chi$...

? 
Missing character: There is no 且 ("4E14) in font nullfont!
! Undefined control sequence.
<recently read> \mathbb 
                        
l.227 ...thrm{char}\,\mathbb{F}\nmid |G|$且$\mathbb
                                                  {F}$为$G$的分裂域，设$\chi$是$\rho...

? 
Missing character: There is no 为 ("4E3A) in font nullfont!
Missing character: There is no 的 ("7684) in font nullfont!
Missing character: There is no 分 ("5206) in font nullfont!
Missing character: There is no 裂 ("88C2) in font nullfont!
Missing character: There is no 域 ("57DF) in font nullfont!
Missing character: There is no ， ("FF0C) in font nullfont!
Missing character: There is no 设 ("8BBE) in font nullfont!
Missing character: There is no 是 ("662F) in font nullfont!
Missing character: There is no 的 ("7684) in font nullfont!
Missing character: There is no 特 ("7279) in font nullfont!
Missing character: There is no 征 ("5F81) in font nullfont!
Missing character: There is no 标 ("6807) in font nullfont!
Missing character: There is no ， ("FF0C) in font nullfont!
Missing character: There is no 则 ("5219) in font nullfont!
Missing character: There is no 不 ("4E0D) in font nullfont!
Missing character: There is no 可 ("53EF) in font nullfont!
Missing character: There is no 约 ("7EA6) in font nullfont!
Missing character: There is no . ("2E) in font nullfont!

! LaTeX Error: \begin{document} ended by \end{theorem}.

See the LaTeX manual or LaTeX Companion for explanation.
Type  H <return>  for immediate help.
 ...                                              
                                                  
l.228 \end{theorem}
                   
? 

! LaTeX Error: Environment proof undefined.

See the LaTeX manual or LaTeX Companion for explanation.
Type  H <return>  for immediate help.
 ...                                              
                                                  
l.229 \begin{proof}
                   
? 
Missing character: There is no 设 ("8BBE) in font nullfont!
Missing character: There is no ， ("FF0C) in font nullfont!
Missing character: There is no 不 ("4E0D) in font nullfont!
Missing character: There is no 可 ("53EF) in font nullfont!
Missing character: There is no 约 ("7EA6) in font nullfont!
Missing character: There is no ， ("FF0C) in font nullfont!
Missing character: There is no 且 ("4E14) in font nullfont!
! Undefined control sequence.
l.230 ...plus_{i=1}^s n_iV_i$，$V_i$不可约，且$V_i\ncong
                                                   V_j(i\neq j)$，$\chi_i$为$\...

? 
Missing character: There is no ， ("FF0C) in font nullfont!
Missing character: There is no 为 ("4E3A) in font nullfont!
Missing character: There is no 的 ("7684) in font nullfont!
Missing character: There is no 特 ("7279) in font nullfont!
Missing character: There is no 征 ("5F81) in font nullfont!
Missing character: There is no 标 ("6807) in font nullfont!
Missing character: There is no ， ("FF0C) in font nullfont!
Missing character: There is no 则 ("5219) in font nullfont!
Missing character: There is no . ("2E) in font nullfont!

Overfull \hbox (20.0pt too wide) in paragraph at lines 226--230
[]
 []


Overfull \hbox (94.93333pt too wide) in paragraph at lines 226--230
[] \OML/cmm/m/it/10 F\OMS/cmsy/m/n/10 j\OML/cmm/m/it/10 G\OMS/cmsy/m/n/10 j$$\O
ML/cmm/m/it/10 F$$G$$^^_$$^^Z$$^^Z$$ \OMS/cmsy/m/n/10 ([])
 []


Overfull \hbox (35.29155pt too wide) in paragraph at lines 226--230
\OT1/cmr/m/n/10 (\OML/cmm/m/it/10 ^^_; ^^_\OT1/cmr/m/n/10 ) =
 []


Overfull \hbox (5.00002pt too wide) in paragraph at lines 226--230
\OT1/cmr/m/n/10 1$
 []


Overfull \hbox (18.61107pt too wide) in paragraph at lines 226--230
\OML/cmm/m/it/10 V \OT1/cmr/m/n/10 =
 []


Overfull \hbox (90.988pt too wide) in paragraph at lines 226--230
[][] \OML/cmm/m/it/10 n[]V[]$$V[]$$V[]V[]\OT1/cmr/m/n/10 (\OML/cmm/m/it/10 i \O
MS/cmsy/m/n/10 6\OT1/cmr/m/n/10 =
 []


Overfull \hbox (43.47745pt too wide) in paragraph at lines 226--230
\OML/cmm/m/it/10 j\OT1/cmr/m/n/10 )$$\OML/cmm/m/it/10 ^^_[]$$^^Z[]$$^^_ \OT1/cm
r/m/n/10 =
 []


Overfull \hbox (44.59438pt too wide) in paragraph at lines 226--230
[][] \OML/cmm/m/it/10 n[]^^_[]$ 
 []

Missing character: There is no 于 ("4E8E) in font nullfont!
Missing character: There is no 是 ("662F) in font nullfont!
! Undefined control sequence.
l.231     于是$(\chi,\chi)=\sum_{i=1}^sn_i^2 1_\mb
                                                {F}$.\par
? 
Missing character: There is no . ("2E) in font nullfont!

Overfull \hbox (55.29155pt too wide) in paragraph at lines 231--231
[]$\OT1/cmr/m/n/10 (\OML/cmm/m/it/10 ^^_; ^^_\OT1/cmr/m/n/10 ) =
 []


Overfull \hbox (47.81299pt too wide) in paragraph at lines 231--231
[][] \OML/cmm/m/it/10 n[]\OT1/cmr/m/n/10 1[]$ 
 []

Missing character: There is no 由 ("7531) in font nullfont!
Missing character: There is no 于 ("4E8E) in font nullfont!
! Undefined control sequence.
l.232     由于$\mathrm{char}\,\mathbb
                                   {F}\nmid |G|$，则$(\chi,\chi)=1\iff n_i=1,s...

? 
! Undefined control sequence.
l.232     由于$\mathrm{char}\,\mathbb{F}\nmid
                                            |G|$，则$(\chi,\chi)=1\iff n_i=1,s...

? 
Missing character: There is no ， ("FF0C) in font nullfont!
Missing character: There is no 则 ("5219) in font nullfont!
Missing character: There is no 不 ("4E0D) in font nullfont!
Missing character: There is no 可 ("53EF) in font nullfont!
Missing character: There is no 约 ("7EA6) in font nullfont!
Missing character: There is no . ("2E) in font nullfont!

! LaTeX Error: \begin{document} ended by \end{proof}.

See the LaTeX manual or LaTeX Companion for explanation.
Type  H <return>  for immediate help.
 ...                                              
                                                  
l.233 \end{proof}
                 
? 

Overfull \hbox (96.83461pt too wide) in paragraph at lines 232--234
[]$[] \OML/cmm/m/it/10 F\OMS/cmsy/m/n/10 j\OML/cmm/m/it/10 G\OMS/cmsy/m/n/10 j$
$\OT1/cmr/m/n/10 (\OML/cmm/m/it/10 ^^_; ^^_\OT1/cmr/m/n/10 ) =
 []


Overfull \hbox (28.88884pt too wide) in paragraph at lines 232--234
\OT1/cmr/m/n/10 1  \OMS/cmsy/m/n/10 ([])
 []


Overfull \hbox (19.88715pt too wide) in paragraph at lines 232--234
\OML/cmm/m/it/10 n[] \OT1/cmr/m/n/10 =
 []


Overfull \hbox (24.68744pt too wide) in paragraph at lines 232--234
\OT1/cmr/m/n/10 1\OML/cmm/m/it/10 ; s \OT1/cmr/m/n/10 =
 []


Overfull \hbox (28.88884pt too wide) in paragraph at lines 232--234
\OT1/cmr/m/n/10 1  \OMS/cmsy/m/n/10 ([])
 []


Overfull \hbox (5.17015pt too wide) in paragraph at lines 232--234
\OML/cmm/m/it/10 ^^Z$
 []

! Undefined control sequence.
l.235 \section
              {分裂域上不可约特征标}
? 
Missing character: There is no 分 ("5206) in font nullfont!
Missing character: There is no 裂 ("88C2) in font nullfont!
Missing character: There is no 域 ("57DF) in font nullfont!
Missing character: There is no 上 ("4E0A) in font nullfont!
Missing character: There is no 不 ("4E0D) in font nullfont!
Missing character: There is no 可 ("53EF) in font nullfont!
Missing character: There is no 约 ("7EA6) in font nullfont!
Missing character: There is no 特 ("7279) in font nullfont!
Missing character: There is no 征 ("5F81) in font nullfont!
Missing character: There is no 标 ("6807) in font nullfont!

Overfull \hbox (20.0pt too wide) in paragraph at lines 235--236
[] 
 []

Missing character: There is no 如 ("5982) in font nullfont!
Missing character: There is no 果 ("679C) in font nullfont!
Missing character: There is no 将 ("5C06) in font nullfont!
Missing character: There is no 的 ("7684) in font nullfont!
Missing character: There is no 所 ("6240) in font nullfont!
Missing character: There is no 有 ("6709) in font nullfont!
Missing character: There is no 类 ("7C7B) in font nullfont!
Missing character: There is no 函 ("51FD) in font nullfont!
Missing character: There is no 数 ("6570) in font nullfont!
Missing character: There is no 组 ("7EC4) in font nullfont!
Missing character: There is no 成 ("6210) in font nullfont!
Missing character: There is no 的 ("7684) in font nullfont!
Missing character: There is no 线 ("7EBF) in font nullfont!
Missing character: There is no 性 ("6027) in font nullfont!
Missing character: There is no 空 ("7A7A) in font nullfont!
Missing character: There is no 间 ("95F4) in font nullfont!
Missing character: There is no 记 ("8BB0) in font nullfont!
Missing character: There is no 为 ("4E3A) in font nullfont!
! Undefined control sequence.
<recently read> \cf 
                    
l.237 如果将$G$的所有类函数组成的线性空间记为$\cf
                               _{\mathbb{F}}(G)$，这一节的出发点是：特征标作为$\cf_{\mathbb...

? 
! Undefined control sequence.
l.237 如果将$G$的所有类函数组成的线性空间记为$\cf_{\mathbb
                                        {F}}(G)$，这一节的出发点是：特征标作为$\cf_{\mathbb...

? 
Missing character: There is no ， ("FF0C) in font nullfont!
Missing character: There is no 这 ("8FD9) in font nullfont!
Missing character: There is no 一 ("4E00) in font nullfont!
Missing character: There is no 节 ("8282) in font nullfont!
Missing character: There is no 的 ("7684) in font nullfont!
Missing character: There is no 出 ("51FA) in font nullfont!
Missing character: There is no 发 ("53D1) in font nullfont!
Missing character: There is no 点 ("70B9) in font nullfont!
Missing character: There is no 是 ("662F) in font nullfont!
Missing character: There is no ： ("FF1A) in font nullfont!
Missing character: There is no 特 ("7279) in font nullfont!
Missing character: There is no 征 ("5F81) in font nullfont!
Missing character: There is no 标 ("6807) in font nullfont!
Missing character: There is no 作 ("4F5C) in font nullfont!
Missing character: There is no 为 ("4E3A) in font nullfont!
! Undefined control sequence.
<recently read> \cf 
                    
l.237 ...为$\cf_{\mathbb{F}}(G)$，这一节的出发点是：特征标作为$\cf
                                                  _{\mathbb{F}}(G)$的元素，它们有什么...

? 
! Undefined control sequence.
l.237 ...athbb{F}}(G)$，这一节的出发点是：特征标作为$\cf_{\mathbb
                                                  {F}}(G)$的元素，它们有什么关联.本节基本基于...

? 
Missing character: There is no 的 ("7684) in font nullfont!
Missing character: There is no 元 ("5143) in font nullfont!
Missing character: There is no 素 ("7D20) in font nullfont!
Missing character: There is no ， ("FF0C) in font nullfont!
Missing character: There is no 它 ("5B83) in font nullfont!
Missing character: There is no 们 ("4EEC) in font nullfont!
Missing character: There is no 有 ("6709) in font nullfont!
Missing character: There is no 什 ("4EC0) in font nullfont!
Missing character: There is no 么 ("4E48) in font nullfont!
Missing character: There is no 关 ("5173) in font nullfont!
Missing character: There is no 联 ("8054) in font nullfont!
Missing character: There is no . ("2E) in font nullfont!
Missing character: There is no 本 ("672C) in font nullfont!
Missing character: There is no 节 ("8282) in font nullfont!
Missing character: There is no 基 ("57FA) in font nullfont!
Missing character: There is no 本 ("672C) in font nullfont!
Missing character: There is no 基 ("57FA) in font nullfont!
Missing character: There is no 于 ("4E8E) in font nullfont!
Missing character: There is no 分 ("5206) in font nullfont!
Missing character: There is no 裂 ("88C2) in font nullfont!
Missing character: There is no 域 ("57DF) in font nullfont!
Missing character: There is no 上 ("4E0A) in font nullfont!
Missing character: There is no 不 ("4E0D) in font nullfont!
Missing character: There is no 可 ("53EF) in font nullfont!
Missing character: There is no 约 ("7EA6) in font nullfont!
Missing character: There is no 常 ("5E38) in font nullfont!
Missing character: There is no 特 ("7279) in font nullfont!
Missing character: There is no 征 ("5F81) in font nullfont!
Missing character: There is no 标 ("6807) in font nullfont!
Missing character: There is no 的 ("7684) in font nullfont!
Missing character: There is no 性 ("6027) in font nullfont!
Missing character: There is no 质 ("8D28) in font nullfont!
Missing character: There is no 来 ("6765) in font nullfont!
Missing character: There is no 讨 ("8BA8) in font nullfont!
Missing character: There is no 论 ("8BBA) in font nullfont!
Missing character: There is no 这 ("8FD9) in font nullfont!
Missing character: There is no 一 ("4E00) in font nullfont!
Missing character: There is no 问 ("95EE) in font nullfont!
Missing character: There is no 题 ("9898) in font nullfont!
Missing character: There is no . ("2E) in font nullfont!

Overfull \hbox (72.43896pt too wide) in paragraph at lines 237--237
[]$\OML/cmm/m/it/10 G$$[]\OT1/cmr/m/n/10 (\OML/cmm/m/it/10 G\OT1/cmr/m/n/10 )$$
[](\OML/cmm/m/it/10 G\OT1/cmr/m/n/10 )$ 
 []

Missing character: There is no 首 ("9996) in font nullfont!
Missing character: There is no 先 ("5148) in font nullfont!
Missing character: There is no 考 ("8003) in font nullfont!
Missing character: There is no 虑 ("8651) in font nullfont!
! Undefined control sequence.
<recently read> \cf 
                    
l.239 首先考虑$\cf
              _{\mathbb{F}}(G)$的维数.
? 
! Undefined control sequence.
l.239 首先考虑$\cf_{\mathbb
                       {F}}(G)$的维数.
? 
Missing character: There is no 的 ("7684) in font nullfont!
Missing character: There is no 维 ("7EF4) in font nullfont!
Missing character: There is no 数 ("6570) in font nullfont!
Missing character: There is no . ("2E) in font nullfont!

Overfull \hbox (42.28824pt too wide) in paragraph at lines 239--240
[]$[]\OT1/cmr/m/n/10 (\OML/cmm/m/it/10 G\OT1/cmr/m/n/10 )$ 
 []


! LaTeX Error: Environment lemma undefined.

See the LaTeX manual or LaTeX Companion for explanation.
Type  H <return>  for immediate help.
 ...                                              
                                                  
l.241 \begin{lemma}
                   []
? 
Missing character: There is no [ ("5B) in font nullfont!
Missing character: There is no ] ("5D) in font nullfont!
! Undefined control sequence.
l.242     $\dim \cf
                   _{\mathbb{F}}(G) = s$，$s$为$G$的共轭类的个数.
? 
! Undefined control sequence.
l.242     $\dim \cf_{\mathbb
                            {F}}(G) = s$，$s$为$G$的共轭类的个数.
? 
Missing character: There is no ， ("FF0C) in font nullfont!
Missing character: There is no 为 ("4E3A) in font nullfont!
Missing character: There is no 的 ("7684) in font nullfont!
Missing character: There is no 共 ("5171) in font nullfont!
Missing character: There is no 轭 ("8F6D) in font nullfont!
Missing character: There is no 类 ("7C7B) in font nullfont!
Missing character: There is no 的 ("7684) in font nullfont!
Missing character: There is no 个 ("4E2A) in font nullfont!
Missing character: There is no 数 ("6570) in font nullfont!
Missing character: There is no . ("2E) in font nullfont!

! LaTeX Error: \begin{document} ended by \end{lemma}.

See the LaTeX manual or LaTeX Companion for explanation.
Type  H <return>  for immediate help.
 ...                                              
                                                  
l.243 \end{lemma}
                 
? 

Overfull \hbox (20.0pt too wide) in paragraph at lines 241--244
[]
 []


Overfull \hbox (49.51047pt too wide) in paragraph at lines 241--244
[][]\OT1/cmr/m/n/10 (\OML/cmm/m/it/10 G\OT1/cmr/m/n/10 ) =
 []


Overfull \hbox (17.23749pt too wide) in paragraph at lines 241--244
\OML/cmm/m/it/10 s$$s$$G$
 []


! LaTeX Error: Environment proof undefined.

See the LaTeX manual or LaTeX Companion for explanation.
Type  H <return>  for immediate help.
 ...                                              
                                                  
l.245 \begin{proof}
                   
? 
Missing character: There is no 设 ("8BBE) in font nullfont!
Missing character: There is no 有 ("6709) in font nullfont!
Missing character: There is no 个 ("4E2A) in font nullfont!
Missing character: There is no 共 ("5171) in font nullfont!
Missing character: There is no 轭 ("8F6D) in font nullfont!
Missing character: There is no 类 ("7C7B) in font nullfont!
Missing character: There is no . ("2E) in font nullfont!

Overfull \hbox (93.9047pt too wide) in paragraph at lines 246--246
[]$\OML/cmm/m/it/10 G$$s$$C[]; C[]; [] ; C[]$ 
 []

Missing character: There is no 定 ("5B9A) in font nullfont!
Missing character: There is no 义 ("4E49) in font nullfont!
! Undefined control sequence.
<recently read> \setjot 
                        
l.247     定义$\setjot
                    [-8]\begin{aligned}[t]
? 

! LaTeX Error: Environment aligned undefined.

See the LaTeX manual or LaTeX Companion for explanation.
Type  H <return>  for immediate help.
 ...                                              
                                                  
l.247     定义$\setjot[-8]\begin{aligned}
                                       [t]
? 
! Misplaced alignment tab character &.
l.248         \varphi_i\colon G &
                                 \to \mathbb{F} \\
? 
! Undefined control sequence.
l.248         \varphi_i\colon G &\to \mathbb
                                            {F} \\
? 
! Misplaced alignment tab character &.
l.249         g &
                 \mapsto \varphi_i(C_j)=\delta_{ij}
? 

! LaTeX Error: \begin{document} ended by \end{aligned}.

See the LaTeX manual or LaTeX Companion for explanation.
Type  H <return>  for immediate help.
 ...                                              
                                                  
l.250     \end{aligned}
                        $.\par
? 
Missing character: There is no . ("2E) in font nullfont!

Overfull \hbox (82.45566pt too wide) in paragraph at lines 247--250
[]$\OT1/cmr/m/n/10 [\OMS/cmsy/m/n/10 ^^@\OT1/cmr/m/n/10 8][\OML/cmm/m/it/10 t\O
T1/cmr/m/n/10 ]\OML/cmm/m/it/10 '[]\OT1/cmr/m/n/10 : \OML/cmm/m/it/10 G \OMS/cm
sy/m/n/10 !
 []


Overfull \hbox (7.81946pt too wide) in paragraph at lines 247--250
\OML/cmm/m/it/10 F[] 
 []


Overfull \hbox (17.90619pt too wide) in paragraph at lines 247--250
\OML/cmm/m/it/10 g \OMS/cmsy/m/n/10 7!
 []


Overfull \hbox (39.56505pt too wide) in paragraph at lines 247--250
\OML/cmm/m/it/10 '[]\OT1/cmr/m/n/10 (\OML/cmm/m/it/10 C[]\OT1/cmr/m/n/10 ) =
 []


Overfull \hbox (11.48729pt too wide) in paragraph at lines 247--250
\OML/cmm/m/it/10 ^^N[]$ 
 []

Missing character: There is no 若 ("82E5) in font nullfont!
Missing character: There is no ， ("FF0C) in font nullfont!
Missing character: There is no 则 ("5219) in font nullfont!
Missing character: There is no . ("2E) in font nullfont!

Overfull \hbox (48.49777pt too wide) in paragraph at lines 251--251
[]$\OML/cmm/m/it/10 k[]'[] \OT1/cmr/m/n/10 +
 []


Overfull \hbox (28.49777pt too wide) in paragraph at lines 251--251
\OML/cmm/m/it/10 k[]'[] \OT1/cmr/m/n/10 +
 []


Overfull \hbox (19.44441pt too wide) in paragraph at lines 251--251
[] \OT1/cmr/m/n/10 +
 []


Overfull \hbox (30.85187pt too wide) in paragraph at lines 251--251
\OML/cmm/m/it/10 k[]'[] \OT1/cmr/m/n/10 =
 []


Overfull \hbox (37.38669pt too wide) in paragraph at lines 251--251
\OT1/cmr/m/n/10 0$$(\OML/cmm/m/it/10 k[]'[] \OT1/cmr/m/n/10 +
 []


Overfull \hbox (19.44441pt too wide) in paragraph at lines 251--251
[] \OT1/cmr/m/n/10 +
 []


Overfull \hbox (52.99507pt too wide) in paragraph at lines 251--251
\OML/cmm/m/it/10 k[]'[]\OT1/cmr/m/n/10 )(\OML/cmm/m/it/10 C[]\OT1/cmr/m/n/10 ) 
=
 []


Overfull \hbox (47.2161pt too wide) in paragraph at lines 251--251
\OML/cmm/m/it/10 k[]'[]\OT1/cmr/m/n/10 (\OML/cmm/m/it/10 C[]\OT1/cmr/m/n/10 ) =

 []


Overfull \hbox (19.09084pt too wide) in paragraph at lines 251--251
\OML/cmm/m/it/10 k[] \OT1/cmr/m/n/10 =
 []


Overfull \hbox (5.00002pt too wide) in paragraph at lines 251--251
\OT1/cmr/m/n/10 0$ 
 []

Missing character: There is no 故 ("6545) in font nullfont!
Missing character: There is no 线 ("7EBF) in font nullfont!
Missing character: There is no 性 ("6027) in font nullfont!
Missing character: There is no 无 ("65E0) in font nullfont!
Missing character: There is no 关 ("5173) in font nullfont!
Missing character: There is no . ("2E) in font nullfont!

Overfull \hbox (53.32532pt too wide) in paragraph at lines 252--252
[]$\OMS/cmsy/m/n/10 f\OML/cmm/m/it/10 '[]\OMS/cmsy/m/n/10 g[]$ 
 []

! Undefined control sequence.
l.253     $\forall f\in \cf
                           _{\mathbb{F}}(G)$，有$f=\sum_{i=1}^s f(C_i)\varphi_...

? 
! Undefined control sequence.
l.253     $\forall f\in \cf_{\mathbb
                                    {F}}(G)$，有$f=\sum_{i=1}^s f(C_i)\varphi_...

? 
Missing character: There is no ， ("FF0C) in font nullfont!
Missing character: There is no 有 ("6709) in font nullfont!
Missing character: There is no . ("2E) in font nullfont!

Overfull \hbox (47.62018pt too wide) in paragraph at lines 253--253
[]$\OMS/cmsy/m/n/10 8\OML/cmm/m/it/10 f \OMS/cmsy/m/n/10 2[]
 []


Overfull \hbox (32.16806pt too wide) in paragraph at lines 253--253
\OT1/cmr/m/n/10 (\OML/cmm/m/it/10 G\OT1/cmr/m/n/10 )$$\OML/cmm/m/it/10 f \OT1/c
mr/m/n/10 =
 []


Overfull \hbox (59.77406pt too wide) in paragraph at lines 253--253
[][] \OML/cmm/m/it/10 f\OT1/cmr/m/n/10 (\OML/cmm/m/it/10 C[]\OT1/cmr/m/n/10 )\O
ML/cmm/m/it/10 '[]$ 
 []

Missing character: There is no 故 ("6545) in font nullfont!
Missing character: There is no 是 ("662F) in font nullfont!
! Undefined control sequence.
<recently read> \cf 
                    
l.254     故$\{\varphi_i\}_{i=1}^s$是$\cf
                                       _{\mathbb{F}}(G)$的一组基，从而$\dim \cf_{\m...

? 
! Undefined control sequence.
l.254     故$\{\varphi_i\}_{i=1}^s$是$\cf_{\mathbb
                                                {F}}(G)$的一组基，从而$\dim \cf_{\m...

? 
Missing character: There is no 的 ("7684) in font nullfont!
Missing character: There is no 一 ("4E00) in font nullfont!
Missing character: There is no 组 ("7EC4) in font nullfont!
Missing character: There is no 基 ("57FA) in font nullfont!
Missing character: There is no ， ("FF0C) in font nullfont!
Missing character: There is no 从 ("4ECE) in font nullfont!
Missing character: There is no 而 ("800C) in font nullfont!
! Undefined control sequence.
l.254 ...^s$是$\cf_{\mathbb{F}}(G)$的一组基，从而$\dim \cf
                                                  _{\mathbb{F}}(G)=s$.
? 
! Undefined control sequence.
l.254 ...{\mathbb{F}}(G)$的一组基，从而$\dim \cf_{\mathbb
                                                  {F}}(G)=s$.
? 
Missing character: There is no . ("2E) in font nullfont!

! LaTeX Error: \begin{document} ended by \end{proof}.

See the LaTeX manual or LaTeX Companion for explanation.
Type  H <return>  for immediate help.
 ...                                              
                                                  
l.255 \end{proof}
                 
? 

Overfull \hbox (125.12402pt too wide) in paragraph at lines 254--256
[]$\OMS/cmsy/m/n/10 f\OML/cmm/m/it/10 '[]\OMS/cmsy/m/n/10 g[]$$[]\OT1/cmr/m/n/1
0 (\OML/cmm/m/it/10 G\OT1/cmr/m/n/10 )$$[][](\OML/cmm/m/it/10 G\OT1/cmr/m/n/10 
) =
 []


Overfull \hbox (4.6875pt too wide) in paragraph at lines 254--256
\OML/cmm/m/it/10 s$
 []


! LaTeX Error: Environment definition undefined.

See the LaTeX manual or LaTeX Companion for explanation.
Type  H <return>  for immediate help.
 ...                                              
                                                  
l.257 \begin{definition}
                        []
? 
Missing character: There is no [ ("5B) in font nullfont!
Missing character: There is no ] ("5D) in font nullfont!
Missing character: There is no 设 ("8BBE) in font nullfont!
Missing character: There is no 是 ("662F) in font nullfont!
Missing character: There is no 的 ("7684) in font nullfont!
Missing character: There is no 表 ("8868) in font nullfont!
Missing character: There is no 示 ("793A) in font nullfont!
Missing character: There is no ， ("FF0C) in font nullfont!
! Undefined control sequence.
l.258     设$(\rho,V)$是$G$的表示，$f\in \cf
                                      _{\mathbb{F}}(G)$，定义$\rho_f = \frac{1}...

? 
! Undefined control sequence.
l.258     设$(\rho,V)$是$G$的表示，$f\in \cf_{\mathbb
                                               {F}}(G)$，定义$\rho_f = \frac{1}...

? 
Missing character: There is no ， ("FF0C) in font nullfont!
Missing character: There is no 定 ("5B9A) in font nullfont!
Missing character: There is no 义 ("4E49) in font nullfont!
Missing character: There is no . ("2E) in font nullfont!

! LaTeX Error: \begin{document} ended by \end{definition}.

See the LaTeX manual or LaTeX Companion for explanation.
Type  H <return>  for immediate help.
 ...                                              
                                                  
l.259 \end{definition}
                      
? 

Overfull \hbox (20.0pt too wide) in paragraph at lines 257--260
[]
 []


Overfull \hbox (55.37502pt too wide) in paragraph at lines 257--260
\OT1/cmr/m/n/10 (\OML/cmm/m/it/10 ^^Z; V\OT1/cmr/m/n/10 )$$\OML/cmm/m/it/10 G$$
f \OMS/cmsy/m/n/10 2[]
 []


Overfull \hbox (36.55003pt too wide) in paragraph at lines 257--260
\OT1/cmr/m/n/10 (\OML/cmm/m/it/10 G\OT1/cmr/m/n/10 )$$\OML/cmm/m/it/10 ^^Z[] \O
T1/cmr/m/n/10 =
 []


Overfull \hbox (80.48709pt too wide) in paragraph at lines 257--260
[] [][] \OML/cmm/m/it/10 f\OT1/cmr/m/n/10 (\OML/cmm/m/it/10 g\OT1/cmr/m/n/10 )\
OML/cmm/m/it/10 ^^Z\OT1/cmr/m/n/10 (\OML/cmm/m/it/10 g\OT1/cmr/m/n/10 )$
 []

Missing character: There is no 上 ("4E0A) in font nullfont!
Missing character: There is no 述 ("8FF0) in font nullfont!
Missing character: There is no 定 ("5B9A) in font nullfont!
Missing character: There is no 义 ("4E49) in font nullfont!
Missing character: There is no 的 ("7684) in font nullfont!
Missing character: There is no 是 ("662F) in font nullfont!
Missing character: There is no 一 ("4E00) in font nullfont!
Missing character: There is no 个 ("4E2A) in font nullfont!
Missing character: There is no 的 ("7684) in font nullfont!
Missing character: There is no 线 ("7EBF) in font nullfont!
Missing character: There is no 性 ("6027) in font nullfont!
Missing character: There is no 变 ("53D8) in font nullfont!
Missing character: There is no 换 ("6362) in font nullfont!
Missing character: There is no ， ("FF0C) in font nullfont!
Missing character: There is no 它 ("5B83) in font nullfont!
Missing character: There is no 满 ("6EE1) in font nullfont!
Missing character: There is no 足 ("8DB3) in font nullfont!
Missing character: There is no 以 ("4EE5) in font nullfont!
Missing character: There is no 下 ("4E0B) in font nullfont!
Missing character: There is no 几 ("51E0) in font nullfont!
Missing character: There is no 个 ("4E2A) in font nullfont!
Missing character: There is no 性 ("6027) in font nullfont!
Missing character: There is no 质 ("8D28) in font nullfont!
Missing character: There is no . ("2E) in font nullfont!

Overfull \hbox (51.18752pt too wide) in paragraph at lines 261--262
[]$\OML/cmm/m/it/10 ^^Z[]$$V \OMS/cmsy/m/n/10 !
 []


Overfull \hbox (8.05556pt too wide) in paragraph at lines 261--262
\OML/cmm/m/it/10 V$ 
 []


! LaTeX Error: Environment property undefined.

See the LaTeX manual or LaTeX Companion for explanation.
Type  H <return>  for immediate help.
 ...                                              
                                                  
l.263 \begin{property}
                      []
? 
Missing character: There is no [ ("5B) in font nullfont!
Missing character: There is no ] ("5D) in font nullfont!

Overfull \hbox (20.0pt too wide) in paragraph at lines 263--264
[] 
 []

Missing character: There is no 是 ("662F) in font nullfont!
! Undefined control sequence.
l.265         \item $\rho_f$是\ghomo
                                   ，即$\rho_f\cdot\rho(g)=\rho(g)\cdot\rho_f$.
? 
Missing character: There is no ， ("FF0C) in font nullfont!
Missing character: There is no 即 ("5373) in font nullfont!
Missing character: There is no . ("2E) in font nullfont!

Overfull \hbox (23.48625pt too wide) in paragraph at lines 265--266
\OML/cmm/m/it/10 ^^Z[]$$^^Z[] \OMS/cmsy/m/n/10 ^^A
 []


Overfull \hbox (28.63193pt too wide) in paragraph at lines 265--266
\OML/cmm/m/it/10 ^^Z\OT1/cmr/m/n/10 (\OML/cmm/m/it/10 g\OT1/cmr/m/n/10 ) =
 []


Overfull \hbox (20.8542pt too wide) in paragraph at lines 265--266
\OML/cmm/m/it/10 ^^Z\OT1/cmr/m/n/10 (\OML/cmm/m/it/10 g\OT1/cmr/m/n/10 ) \OMS/c
msy/m/n/10 ^^A
 []


Overfull \hbox (10.35423pt too wide) in paragraph at lines 265--266
\OML/cmm/m/it/10 ^^Z[]$ 
 []

Missing character: There is no . ("2E) in font nullfont!

Overfull \hbox (37.96895pt too wide) in paragraph at lines 266--267
\OML/cmm/m/it/10 ^^Z[] \OT1/cmr/m/n/10 =
 []


Overfull \hbox (21.25014pt too wide) in paragraph at lines 266--267
\OML/cmm/m/it/10 ^^Z[] \OT1/cmr/m/n/10 +
 []


Overfull \hbox (13.47234pt too wide) in paragraph at lines 266--267
\OML/cmm/m/it/10 ^^Z[]$ 
 []

Missing character: There is no ， ("FF0C) in font nullfont!
! Undefined control sequence.
l.267 ...$\rho_{cf}=c\rho_f$，$\forall c\in \mathbb
                                                  {F}$.
? 
Missing character: There is no . ("2E) in font nullfont!

Overfull \hbox (24.48349pt too wide) in paragraph at lines 267--268
\OML/cmm/m/it/10 ^^Z[] \OT1/cmr/m/n/10 =
 []


Overfull \hbox (34.00932pt too wide) in paragraph at lines 267--268
\OML/cmm/m/it/10 c^^Z[]$$\OMS/cmsy/m/n/10 8\OML/cmm/m/it/10 c \OMS/cmsy/m/n/10 
2
 []


Overfull \hbox (7.81946pt too wide) in paragraph at lines 267--268
\OML/cmm/m/it/10 F$ 
 []

Missing character: There is no . ("2E) in font nullfont!

Overfull \hbox (21.32298pt too wide) in paragraph at lines 268--269
\OT1/cmr/m/n/10 (\OML/cmm/m/it/10 ^^Z[] \OMS/cmsy/m/n/10 ^^H
 []


Overfull \hbox (29.28477pt too wide) in paragraph at lines 268--269
\OML/cmm/m/it/10 ^^Z[]\OT1/cmr/m/n/10 )[] =
 []


Overfull \hbox (30.39597pt too wide) in paragraph at lines 268--269
\OT1/cmr/m/n/10 (\OML/cmm/m/it/10 ^^Z[]\OT1/cmr/m/n/10 )[] \OMS/cmsy/m/n/10 ^^H

 []


Overfull \hbox (22.61816pt too wide) in paragraph at lines 268--269
\OT1/cmr/m/n/10 (\OML/cmm/m/it/10 ^^Z[]\OT1/cmr/m/n/10 )[]$ 
 []


! LaTeX Error: \begin{document} ended by \end{property}.

See the LaTeX manual or LaTeX Companion for explanation.
Type  H <return>  for immediate help.
 ...                                              
                                                  
l.270 \end{property}
                    
? 

! LaTeX Error: Environment proof undefined.

See the LaTeX manual or LaTeX Companion for explanation.
Type  H <return>  for immediate help.
 ...                                              
                                                  
l.272 \begin{proof}
                   
? 
Missing character: There is no ( ("28) in font nullfont!
Missing character: There is no 1 ("31) in font nullfont!
Missing character: There is no ) ("29) in font nullfont!
! Undefined control sequence.
<recently read> \setjot 
                        
l.273     (1)$\setjot
                     [-2]\begin{aligned}[t]
? 

! LaTeX Error: Environment aligned undefined.

See the LaTeX manual or LaTeX Companion for explanation.
Type  H <return>  for immediate help.
 ...                                              
                                                  
l.273     (1)$\setjot[-2]\begin{aligned}
                                        [t]
? 
! Misplaced alignment tab character &.
l.274         \rho(g)\rho_f\rho(g)^{-1} &
                                         = \rho(g)\left(\frac{1}{|G|}\sum_{h...

? 
! Misplaced alignment tab character &.
<recently read> &
                 
l.275         &
               =\frac{1}{|G|}\sum_{h\in G}f(g^{-1}hg)\rho(h)=\rho_f
? 

! LaTeX Error: \begin{document} ended by \end{aligned}.

See the LaTeX manual or LaTeX Companion for explanation.
Type  H <return>  for immediate help.
 ...                                              
                                                  
l.276     \end{aligned}
                       $\par
? 

Overfull \hbox (115.2988pt too wide) in paragraph at lines 273--276
[]$\OT1/cmr/m/n/10 [\OMS/cmsy/m/n/10 ^^@\OT1/cmr/m/n/10 2][\OML/cmm/m/it/10 t\O
T1/cmr/m/n/10 ]\OML/cmm/m/it/10 ^^Z\OT1/cmr/m/n/10 (\OML/cmm/m/it/10 g\OT1/cmr/
m/n/10 )\OML/cmm/m/it/10 ^^Z[]^^Z\OT1/cmr/m/n/10 (\OML/cmm/m/it/10 g\OT1/cmr/m/
n/10 )[] =
 []


Overfull \hbox (155.00482pt too wide) in paragraph at lines 273--276
\OML/cmm/m/it/10 ^^Z\OT1/cmr/m/n/10 (\OML/cmm/m/it/10 g\OT1/cmr/m/n/10 ) [] \OM
L/cmm/m/it/10 ^^Z\OT1/cmr/m/n/10 (\OML/cmm/m/it/10 g[]\OT1/cmr/m/n/10 ) =
 []


Overfull \hbox (103.2757pt too wide) in paragraph at lines 273--276
[] [][] \OML/cmm/m/it/10 f\OT1/cmr/m/n/10 (\OML/cmm/m/it/10 h\OT1/cmr/m/n/10 )\
OML/cmm/m/it/10 ^^Z\OT1/cmr/m/n/10 (\OML/cmm/m/it/10 ghg[]\OT1/cmr/m/n/10 )[] 
 []


Overfull \hbox (7.7778pt too wide) in paragraph at lines 273--276
\OT1/cmr/m/n/10 =
 []


Overfull \hbox (113.8312pt too wide) in paragraph at lines 273--276
[] [][] \OML/cmm/m/it/10 f\OT1/cmr/m/n/10 (\OML/cmm/m/it/10 g[]hg\OT1/cmr/m/n/1
0 )\OML/cmm/m/it/10 ^^Z\OT1/cmr/m/n/10 (\OML/cmm/m/it/10 h\OT1/cmr/m/n/10 ) =
 []


Overfull \hbox (10.35423pt too wide) in paragraph at lines 273--276
\OML/cmm/m/it/10 ^^Z[]$ 
 []

Missing character: There is no . ("2E) in font nullfont!

Overfull \hbox (30.00002pt too wide) in paragraph at lines 277--277
[]$\OMS/cmsy/m/n/10 )
 []


Overfull \hbox (38.98616pt too wide) in paragraph at lines 277--277
\OML/cmm/m/it/10 ^^Z[]^^Z\OT1/cmr/m/n/10 (\OML/cmm/m/it/10 g\OT1/cmr/m/n/10 ) =

 []


Overfull \hbox (28.43065pt too wide) in paragraph at lines 277--277
\OML/cmm/m/it/10 ^^Z\OT1/cmr/m/n/10 (\OML/cmm/m/it/10 g\OT1/cmr/m/n/10 )\OML/cm
m/m/it/10 ^^Z[]$ 
 []

Missing character: There is no ( ("28) in font nullfont!
Missing character: There is no 2 ("32) in font nullfont!
Missing character: There is no ) ("29) in font nullfont!
Missing character: There is no ( ("28) in font nullfont!
Missing character: There is no 3 ("33) in font nullfont!
Missing character: There is no ) ("29) in font nullfont!
Missing character: There is no ( ("28) in font nullfont!
Missing character: There is no 4 ("34) in font nullfont!
Missing character: There is no ) ("29) in font nullfont!
Missing character: There is no 代 ("4EE3) in font nullfont!
Missing character: There is no 入 ("5165) in font nullfont!
Missing character: There is no 即 ("5373) in font nullfont!
Missing character: There is no 可 ("53EF) in font nullfont!
Missing character: There is no 证 ("8BC1) in font nullfont!
Missing character: There is no 明 ("660E) in font nullfont!
Missing character: There is no . ("2E) in font nullfont!

! LaTeX Error: \begin{document} ended by \end{proof}.

See the LaTeX manual or LaTeX Companion for explanation.
Type  H <return>  for immediate help.
 ...                                              
                                                  
l.279 \end{proof}
                 
? 

Overfull \hbox (20.0pt too wide) in paragraph at lines 278--280
[]
 []

Missing character: There is no 上 ("4E0A) in font nullfont!
Missing character: There is no 述 ("8FF0) in font nullfont!
Missing character: There is no 对 ("5BF9) in font nullfont!
Missing character: There is no 任 ("4EFB) in font nullfont!
Missing character: There is no 意 ("610F) in font nullfont!
Missing character: There is no 表 ("8868) in font nullfont!
Missing character: There is no 示 ("793A) in font nullfont!
Missing character: There is no 均 ("5747) in font nullfont!
Missing character: There is no 有 ("6709) in font nullfont!
Missing character: There is no 定 ("5B9A) in font nullfont!
Missing character: There is no 义 ("4E49) in font nullfont!
Missing character: There is no ， ("FF0C) in font nullfont!
Missing character: There is no 特 ("7279) in font nullfont!
Missing character: There is no 别 ("522B) in font nullfont!
Missing character: There is no 地 ("5730) in font nullfont!
Missing character: There is no ， ("FF0C) in font nullfont!
Missing character: There is no 在 ("5728) in font nullfont!
Missing character: There is no 不 ("4E0D) in font nullfont!
Missing character: There is no 可 ("53EF) in font nullfont!
Missing character: There is no 约 ("7EA6) in font nullfont!
Missing character: There is no 表 ("8868) in font nullfont!
Missing character: There is no 示 ("793A) in font nullfont!
Missing character: There is no 上 ("4E0A) in font nullfont!
Missing character: There is no 可 ("53EF) in font nullfont!
Missing character: There is no 以 ("4EE5) in font nullfont!
Missing character: There is no 具 ("5177) in font nullfont!
Missing character: There is no 体 ("4F53) in font nullfont!
Missing character: There is no 写 ("5199) in font nullfont!
Missing character: There is no 出 ("51FA) in font nullfont!
Missing character: There is no . ("2E) in font nullfont!

Overfull \hbox (40.70847pt too wide) in paragraph at lines 281--282
[]$\OML/cmm/m/it/10 ^^Z[]$$^^Z[]$ 
 []


! LaTeX Error: Environment lemma undefined.

See the LaTeX manual or LaTeX Companion for explanation.
Type  H <return>  for immediate help.
 ...                                              
                                                  
l.283 \begin{lemma}
                   []
? 
Missing character: There is no [ ("5B) in font nullfont!
Missing character: There is no ] ("5D) in font nullfont!
Missing character: There is no 设 ("8BBE) in font nullfont!
! Undefined control sequence.
l.284     设$\mathrm{char}\,\mathbb
                                  {F}\nmid |G|$且$\mathbb{F}$为$G$的分裂域. 设$(\rh...

? 
! Undefined control sequence.
l.284     设$\mathrm{char}\,\mathbb{F}\nmid
                                           |G|$且$\mathbb{F}$为$G$的分裂域. 设$(\rh...

? 
Missing character: There is no 且 ("4E14) in font nullfont!
! Undefined control sequence.
<recently read> \mathbb 
                        
l.284 ...thrm{char}\,\mathbb{F}\nmid |G|$且$\mathbb
                                                  {F}$为$G$的分裂域. 设$(\rho,V)$是...

? 
Missing character: There is no 为 ("4E3A) in font nullfont!
Missing character: There is no 的 ("7684) in font nullfont!
Missing character: There is no 分 ("5206) in font nullfont!
Missing character: There is no 裂 ("88C2) in font nullfont!
Missing character: There is no 域 ("57DF) in font nullfont!
Missing character: There is no . ("2E) in font nullfont!
Missing character: There is no 设 ("8BBE) in font nullfont!
Missing character: There is no 是 ("662F) in font nullfont!
Missing character: There is no 的 ("7684) in font nullfont!
Missing character: There is no 不 ("4E0D) in font nullfont!
Missing character: There is no 可 ("53EF) in font nullfont!
Missing character: There is no 约 ("7EA6) in font nullfont!
Missing character: There is no 表 ("8868) in font nullfont!
Missing character: There is no 示 ("793A) in font nullfont!
Missing character: There is no ， ("FF0C) in font nullfont!
Missing character: There is no 则 ("5219) in font nullfont!
Missing character: There is no ， ("FF0C) in font nullfont!
Missing character: There is no 其 ("5176) in font nullfont!
Missing character: There is no 中 ("4E2D) in font nullfont!
Missing character: There is no 是 ("662F) in font nullfont!
Missing character: There is no 反 ("53CD) in font nullfont!
Missing character: There is no 倾 ("503E) in font nullfont!
Missing character: There is no 表 ("8868) in font nullfont!
Missing character: There is no 示 ("793A) in font nullfont!
Missing character: There is no 的 ("7684) in font nullfont!
Missing character: There is no 特 ("7279) in font nullfont!
Missing character: There is no 征 ("5F81) in font nullfont!
Missing character: There is no 标 ("6807) in font nullfont!
Missing character: There is no ， ("FF0C) in font nullfont!
Missing character: There is no . ("2E) in font nullfont!

Overfull \hbox (20.0pt too wide) in paragraph at lines 283--284
[]
 []


Overfull \hbox (57.225pt too wide) in paragraph at lines 283--284
[] \OML/cmm/m/it/10 F\OMS/cmsy/m/n/10 j\OML/cmm/m/it/10 G\OMS/cmsy/m/n/10 j$$\O
ML/cmm/m/it/10 F$$G$
 []


Overfull \hbox (54.22015pt too wide) in paragraph at lines 283--284
\OT1/cmr/m/n/10 (\OML/cmm/m/it/10 ^^Z; V\OT1/cmr/m/n/10 )$$\OML/cmm/m/it/10 G$$
^^Z[] \OT1/cmr/m/n/10 =
 []


Overfull \hbox (27.23346pt too wide) in paragraph at lines 283--284
[] \OMS/cmsy/m/n/10 ^^A
 []


Overfull \hbox (73.99887pt too wide) in paragraph at lines 283--284
\OT1/cmr/m/n/10 1[]$$\OML/cmm/m/it/10 ^^_[]$$\OT1/cmr/m/n/10 (\OML/cmm/m/it/10 
^^Z[]; V[]\OT1/cmr/m/n/10 )$$\OML/cmm/m/it/10 n \OT1/cmr/m/n/10 =
 []


Overfull \hbox (26.3889pt too wide) in paragraph at lines 283--284
[] \OML/cmm/m/it/10 V$ 
 []

Missing character: There is no 特 ("7279) in font nullfont!
Missing character: There is no 别 ("522B) in font nullfont!
Missing character: There is no 地 ("5730) in font nullfont!
Missing character: There is no ， ("FF0C) in font nullfont!
Missing character: There is no 有 ("6709) in font nullfont!
! Undefined control sequence.
l.285     特别地，有$\mathrm{char}\,\mathbb
                                      {F}\nmid n$.
? 
! Undefined control sequence.
l.285     特别地，有$\mathrm{char}\,\mathbb{F}\nmid
                                               n$.
? 
Missing character: There is no . ("2E) in font nullfont!

! LaTeX Error: \begin{document} ended by \end{lemma}.

See the LaTeX manual or LaTeX Companion for explanation.
Type  H <return>  for immediate help.
 ...                                              
                                                  
l.286 \end{lemma}
                 
? 

Overfull \hbox (54.12735pt too wide) in paragraph at lines 285--287
[]$[] \OML/cmm/m/it/10 Fn$
 []


! LaTeX Error: Environment proof undefined.

See the LaTeX manual or LaTeX Companion for explanation.
Type  H <return>  for immediate help.
 ...                                              
                                                  
l.288 \begin{proof}
                   
? 
Missing character: There is no 由 ("7531) in font nullfont!
Missing character: There is no 于 ("4E8E) in font nullfont!
Missing character: There is no 是 ("662F) in font nullfont!
Missing character: There is no 的 ("7684) in font nullfont!
Missing character: There is no - ("2D) in font nullfont!
Missing character: There is no 模 ("6A21) in font nullfont!
Missing character: There is no 同 ("540C) in font nullfont!
Missing character: There is no 态 ("6001) in font nullfont!
Missing character: There is no 且 ("4E14) in font nullfont!
Missing character: There is no 不 ("4E0D) in font nullfont!
Missing character: There is no 可 ("53EF) in font nullfont!
Missing character: There is no 约 ("7EA6) in font nullfont!
Missing character: There is no ， ("FF0C) in font nullfont!
Missing character: There is no 由 ("7531) in font nullfont!
Missing character: There is no S ("53) in font nullfont!
Missing character: There is no c ("63) in font nullfont!
Missing character: There is no h ("68) in font nullfont!
Missing character: There is no u ("75) in font nullfont!
Missing character: There is no r ("72) in font nullfont!
Missing character: There is no 引 ("5F15) in font nullfont!
Missing character: There is no 理 ("7406) in font nullfont!
Missing character: There is no ， ("FF0C) in font nullfont!
Missing character: There is no . ("2E) in font nullfont!

Overfull \hbox (51.18752pt too wide) in paragraph at lines 289--289
[]$\OML/cmm/m/it/10 ^^Z[]$$V \OMS/cmsy/m/n/10 !
 []


Overfull \hbox (44.88335pt too wide) in paragraph at lines 289--289
\OML/cmm/m/it/10 V$$G$$V$$^^Z[] \OT1/cmr/m/n/10 =
 []


Overfull \hbox (13.79523pt too wide) in paragraph at lines 289--289
\OML/cmm/m/it/10 ^^U[] \OMS/cmsy/m/n/10 ^^A
 []


Overfull \hbox (11.94449pt too wide) in paragraph at lines 289--289
\OT1/cmr/m/n/10 1[]$ 
 []

Missing character: There is no 则 ("5219) in font nullfont!
! Undefined control sequence.
l.290     则$n\cdot \lambda_f = \tr
                                  \rho_f = \tr\left(\frac{1}{|G|}\sum_{g\in ...

? 
! Undefined control sequence.
l.290     则$n\cdot \lambda_f = \tr\rho_f = \tr
                                              \left(\frac{1}{|G|}\sum_{g\in ...

? 
! Undefined control sequence.
l.290 ...ight) = \frac{1}{|G|}\sum_{g\in G}f(g)\tr
                                                  \rho(g) \linebreak = \frac...

? 
Missing character: There is no . ("2E) in font nullfont!

Overfull \hbox (28.78014pt too wide) in paragraph at lines 290--290
[]$\OML/cmm/m/it/10 n \OMS/cmsy/m/n/10 ^^A
 []


Overfull \hbox (21.57295pt too wide) in paragraph at lines 290--290
\OML/cmm/m/it/10 ^^U[] \OT1/cmr/m/n/10 =
 []


Overfull \hbox (20.90974pt too wide) in paragraph at lines 290--290
\OML/cmm/m/it/10 ^^Z[] \OT1/cmr/m/n/10 =
 []


Overfull \hbox (102.98706pt too wide) in paragraph at lines 290--290
[] \OT1/cmr/m/n/10 =
 []


Overfull \hbox (80.48709pt too wide) in paragraph at lines 290--290
[] [][] \OML/cmm/m/it/10 f\OT1/cmr/m/n/10 (\OML/cmm/m/it/10 g\OT1/cmr/m/n/10 )\
OML/cmm/m/it/10 ^^Z\OT1/cmr/m/n/10 (\OML/cmm/m/it/10 g\OT1/cmr/m/n/10 )
 []


Overfull \hbox (7.7778pt too wide) in paragraph at lines 290--290
\OT1/cmr/m/n/10 =
 []


Overfull \hbox (92.12936pt too wide) in paragraph at lines 290--290
[] [][] \OML/cmm/m/it/10 f\OT1/cmr/m/n/10 (\OML/cmm/m/it/10 g\OT1/cmr/m/n/10 )\
OML/cmm/m/it/10 ^^_\OT1/cmr/m/n/10 (\OML/cmm/m/it/10 g\OT1/cmr/m/n/10 ) =
 []


Overfull \hbox (107.46274pt too wide) in paragraph at lines 290--290
[] [][] \OML/cmm/m/it/10 f\OT1/cmr/m/n/10 (\OML/cmm/m/it/10 g\OT1/cmr/m/n/10 )\
OML/cmm/m/it/10 ^^_[]\OT1/cmr/m/n/10 (\OML/cmm/m/it/10 g[]\OT1/cmr/m/n/10 ) =
 []


Overfull \hbox (28.49306pt too wide) in paragraph at lines 290--290
\OT1/cmr/m/n/10 (\OML/cmm/m/it/10 f; ^^_[]\OT1/cmr/m/n/10 )$ 
 []

Missing character: There is no . ("2E) in font nullfont!

Overfull \hbox (30.00002pt too wide) in paragraph at lines 291--291
[]$\OMS/cmsy/m/n/10 )
 []


Overfull \hbox (21.57295pt too wide) in paragraph at lines 291--291
\OML/cmm/m/it/10 ^^U[] \OT1/cmr/m/n/10 =
 []


Overfull \hbox (24.45567pt too wide) in paragraph at lines 291--291
[]$ 
 []

Missing character: There is no 取 ("53D6) in font nullfont!
Missing character: There is no ， ("FF0C) in font nullfont!
Missing character: There is no 则 ("5219) in font nullfont!
Missing character: There is no ， ("FF0C) in font nullfont!
Missing character: There is no 从 ("4ECE) in font nullfont!
Missing character: There is no 而 ("800C) in font nullfont!
! Undefined control sequence.
l.292 ...^*,\chi^*) = 1$，从而$\mathrm{char}\,\mathbb
                                                  {F}\nmid n$.
? 
! Undefined control sequence.
l.292 ...*) = 1$，从而$\mathrm{char}\,\mathbb{F}\nmid
                                                   n$.
? 
Missing character: There is no . ("2E) in font nullfont!

! LaTeX Error: \begin{document} ended by \end{proof}.

See the LaTeX manual or LaTeX Companion for explanation.
Type  H <return>  for immediate help.
 ...                                              
                                                  
l.293 \end{proof}
                 
? 

Overfull \hbox (36.52777pt too wide) in paragraph at lines 292--294
[]$\OML/cmm/m/it/10 f \OT1/cmr/m/n/10 =
 []


Overfull \hbox (38.42944pt too wide) in paragraph at lines 292--294
\OML/cmm/m/it/10 ^^_[]$$n^^U[] \OT1/cmr/m/n/10 =
 []


Overfull \hbox (44.48601pt too wide) in paragraph at lines 292--294
\OT1/cmr/m/n/10 (\OML/cmm/m/it/10 ^^_[]; ^^_[]\OT1/cmr/m/n/10 ) =
 []


Overfull \hbox (39.12737pt too wide) in paragraph at lines 292--294
\OT1/cmr/m/n/10 1$$[] \OML/cmm/m/it/10 Fn$
 []


! LaTeX Error: Environment lemma undefined.

See the LaTeX manual or LaTeX Companion for explanation.
Type  H <return>  for immediate help.
 ...                                              
                                                  
l.295 \begin{lemma}
                   []
? 
Missing character: There is no [ ("5B) in font nullfont!
Missing character: There is no ] ("5D) in font nullfont!
Missing character: There is no 设 ("8BBE) in font nullfont!
! Undefined control sequence.
l.296     设$\mathrm{char}\,\mathbb
                                  {F}\nmid |G|$，$\mathbb{F}$是$G$的分裂域，$f\in \...

? 
! Undefined control sequence.
l.296     设$\mathrm{char}\,\mathbb{F}\nmid
                                           |G|$，$\mathbb{F}$是$G$的分裂域，$f\in \...

? 
Missing character: There is no ， ("FF0C) in font nullfont!
! Undefined control sequence.
<recently read> \mathbb 
                        
l.296 ...thrm{char}\,\mathbb{F}\nmid |G|$，$\mathbb
                                                  {F}$是$G$的分裂域，$f\in \cf_{\m...

? 
Missing character: There is no 是 ("662F) in font nullfont!
Missing character: There is no 的 ("7684) in font nullfont!
Missing character: There is no 分 ("5206) in font nullfont!
Missing character: There is no 裂 ("88C2) in font nullfont!
Missing character: There is no 域 ("57DF) in font nullfont!
Missing character: There is no ， ("FF0C) in font nullfont!
! Undefined control sequence.
l.296 ...\nmid |G|$，$\mathbb{F}$是$G$的分裂域，$f\in \cf
                                                  _{\mathbb{F}}(G)$，若$\foral...

? 
! Undefined control sequence.
l.296 ...$，$\mathbb{F}$是$G$的分裂域，$f\in \cf_{\mathbb
                                                  {F}}(G)$，若$\forall \chi_i ...

? 
Missing character: There is no ， ("FF0C) in font nullfont!
Missing character: There is no 若 ("82E5) in font nullfont!
Missing character: There is no ， ("FF0C) in font nullfont!
Missing character: There is no ， ("FF0C) in font nullfont!
Missing character: There is no 则 ("5219) in font nullfont!
Missing character: There is no . ("2E) in font nullfont!

! LaTeX Error: \begin{document} ended by \end{lemma}.

See the LaTeX manual or LaTeX Companion for explanation.
Type  H <return>  for immediate help.
 ...                                              
                                                  
l.297 \end{lemma}
                 
? 

Overfull \hbox (20.0pt too wide) in paragraph at lines 295--298
[]
 []


Overfull \hbox (79.28961pt too wide) in paragraph at lines 295--298
[] \OML/cmm/m/it/10 F\OMS/cmsy/m/n/10 j\OML/cmm/m/it/10 G\OMS/cmsy/m/n/10 j$$\O
ML/cmm/m/it/10 F$$G$$f \OMS/cmsy/m/n/10 2[]
 []


Overfull \hbox (40.22646pt too wide) in paragraph at lines 295--298
\OT1/cmr/m/n/10 (\OML/cmm/m/it/10 G\OT1/cmr/m/n/10 )$$\OMS/cmsy/m/n/10 8\OML/cm
m/m/it/10 ^^_[] \OMS/cmsy/m/n/10 2
 []


Overfull \hbox (66.13332pt too wide) in paragraph at lines 295--298
[]\OT1/cmr/m/n/10 (\OML/cmm/m/it/10 G\OT1/cmr/m/n/10 )$$(\OML/cmm/m/it/10 f; ^^
_[]\OT1/cmr/m/n/10 ) =
 []


Overfull \hbox (21.52779pt too wide) in paragraph at lines 295--298
\OT1/cmr/m/n/10 0$$\OML/cmm/m/it/10 f \OT1/cmr/m/n/10 =
 []


Overfull \hbox (5.00002pt too wide) in paragraph at lines 295--298
\OT1/cmr/m/n/10 0$
 []


! LaTeX Error: Environment proof undefined.

See the LaTeX manual or LaTeX Companion for explanation.
Type  H <return>  for immediate help.
 ...                                              
                                                  
l.299 \begin{proof}
                   
? 
Missing character: There is no 由 ("7531) in font nullfont!
Missing character: There is no 于 ("4E8E) in font nullfont!
Missing character: There is no 正 ("6B63) in font nullfont!
Missing character: There is no 则 ("5219) in font nullfont!
Missing character: There is no 表 ("8868) in font nullfont!
Missing character: There is no 示 ("793A) in font nullfont!
Missing character: There is no 可 ("53EF) in font nullfont!
Missing character: There is no 以 ("4EE5) in font nullfont!
Missing character: There is no 分 ("5206) in font nullfont!
Missing character: There is no 解 ("89E3) in font nullfont!
Missing character: There is no 为 ("4E3A) in font nullfont!
Missing character: There is no 不 ("4E0D) in font nullfont!
Missing character: There is no 可 ("53EF) in font nullfont!
Missing character: There is no 约 ("7EA6) in font nullfont!
Missing character: There is no 表 ("8868) in font nullfont!
Missing character: There is no 示 ("793A) in font nullfont!
Missing character: There is no 的 ("7684) in font nullfont!
Missing character: There is no 直 ("76F4) in font nullfont!
Missing character: There is no 和 ("548C) in font nullfont!
Missing character: There is no ， ("FF0C) in font nullfont!
Missing character: There is no 设 ("8BBE) in font nullfont!
! Undefined control sequence.
<recently read> \mathbb 
                        
l.300     由于正则表示可以分解为不可约表示的直和，设$\mathbb
                                       {F}G = \bigoplus m_i\rho_i$，其中$\rho_i...

? 
Missing character: There is no ， ("FF0C) in font nullfont!
Missing character: There is no 其 ("5176) in font nullfont!
Missing character: There is no 中 ("4E2D) in font nullfont!
Missing character: There is no 不 ("4E0D) in font nullfont!
Missing character: There is no 可 ("53EF) in font nullfont!
Missing character: There is no 约 ("7EA6) in font nullfont!
Missing character: There is no . ("2E) in font nullfont!

Overfull \hbox (46.23746pt too wide) in paragraph at lines 300--300
[]$\OML/cmm/m/it/10 FG \OT1/cmr/m/n/10 =
 []


Overfull \hbox (41.88606pt too wide) in paragraph at lines 300--300
[] \OML/cmm/m/it/10 m[]^^Z[]$$^^Z[]$ 
 []

Missing character: There is no 故 ("6545) in font nullfont!
Missing character: There is no . ("2E) in font nullfont!

Overfull \hbox (59.96188pt too wide) in paragraph at lines 301--301
[]$\OT1/cmr/m/n/10 (\OML/cmm/m/it/10 ^^Z[]\OT1/cmr/m/n/10 )[] =
 []


Overfull \hbox (56.34846pt too wide) in paragraph at lines 301--301
[] \OML/cmm/m/it/10 m[]\OT1/cmr/m/n/10 (\OML/cmm/m/it/10 ^^Z[]\OT1/cmr/m/n/10 )
[] =
 []


Overfull \hbox (72.73293pt too wide) in paragraph at lines 301--301
[] \OML/cmm/m/it/10 m[][]\OT1/cmr/m/n/10 1[] =
 []


Overfull \hbox (5.00002pt too wide) in paragraph at lines 301--301
\OT1/cmr/m/n/10 0$ 
 []

Missing character: There is no 则 ("5219) in font nullfont!
Missing character: There is no . ("2E) in font nullfont!

Overfull \hbox (72.7397pt too wide) in paragraph at lines 302--302
[]$\OT1/cmr/m/n/10 (\OML/cmm/m/it/10 ^^Z[]\OT1/cmr/m/n/10 )[](1) =
 []


Overfull \hbox (115.09476pt too wide) in paragraph at lines 302--302
[] [][] \OML/cmm/m/it/10 f\OT1/cmr/m/n/10 (\OML/cmm/m/it/10 g\OT1/cmr/m/n/10 )\
OML/cmm/m/it/10 ^^Z[]\OT1/cmr/m/n/10 (\OML/cmm/m/it/10 g\OT1/cmr/m/n/10 )(1) =
 []


Overfull \hbox (78.09465pt too wide) in paragraph at lines 302--302
[] [][] \OML/cmm/m/it/10 f\OT1/cmr/m/n/10 (\OML/cmm/m/it/10 g\OT1/cmr/m/n/10 )\
OML/cmm/m/it/10 g \OT1/cmr/m/n/10 =
 []


Overfull \hbox (5.00002pt too wide) in paragraph at lines 302--302
\OT1/cmr/m/n/10 0$ 
 []

Missing character: There is no 只 ("53EA) in font nullfont!
Missing character: There is no 有 ("6709) in font nullfont!
Missing character: There is no ， ("FF0C) in font nullfont!
Missing character: There is no 故 ("6545) in font nullfont!
Missing character: There is no . ("2E) in font nullfont!

! LaTeX Error: \begin{document} ended by \end{proof}.

See the LaTeX manual or LaTeX Companion for explanation.
Type  H <return>  for immediate help.
 ...                                              
                                                  
l.304 \end{proof}
                 
? 

Overfull \hbox (49.43404pt too wide) in paragraph at lines 303--305
[]$\OML/cmm/m/it/10 f\OT1/cmr/m/n/10 (\OML/cmm/m/it/10 g\OT1/cmr/m/n/10 ) =
 []


Overfull \hbox (21.52779pt too wide) in paragraph at lines 303--305
\OT1/cmr/m/n/10 0$$\OML/cmm/m/it/10 f \OT1/cmr/m/n/10 =
 []


Overfull \hbox (5.00002pt too wide) in paragraph at lines 303--305
\OT1/cmr/m/n/10 0$
 []

Missing character: There is no 下 ("4E0B) in font nullfont!
Missing character: There is no 面 ("9762) in font nullfont!
Missing character: There is no 可 ("53EF) in font nullfont!
Missing character: There is no 以 ("4EE5) in font nullfont!
Missing character: There is no 证 ("8BC1) in font nullfont!
Missing character: There is no 明 ("660E) in font nullfont!
Missing character: There is no 本 ("672C) in font nullfont!
Missing character: There is no 节 ("8282) in font nullfont!
Missing character: There is no 的 ("7684) in font nullfont!
Missing character: There is no 核 ("6838) in font nullfont!
Missing character: There is no 心 ("5FC3) in font nullfont!
Missing character: There is no 定 ("5B9A) in font nullfont!
Missing character: There is no 理 ("7406) in font nullfont!
Missing character: There is no . ("2E) in font nullfont!

Overfull \hbox (20.0pt too wide) in paragraph at lines 306--307
[] 
 []


! LaTeX Error: Environment theorem undefined.

See the LaTeX manual or LaTeX Companion for explanation.
Type  H <return>  for immediate help.
 ...                                              
                                                  
l.308 \begin{theorem}
                     []
? 
Missing character: There is no [ ("5B) in font nullfont!
Missing character: There is no ] ("5D) in font nullfont!
Missing character: There is no 设 ("8BBE) in font nullfont!
! Undefined control sequence.
l.309     设$\mathrm{char}\,\mathbb
                                  {F}\nmid |G|$且$\mathbb{F}$为$G$的分裂域，则有限群$G$...

? 
! Undefined control sequence.
l.309     设$\mathrm{char}\,\mathbb{F}\nmid
                                           |G|$且$\mathbb{F}$为$G$的分裂域，则有限群$G$...

? 
Missing character: There is no 且 ("4E14) in font nullfont!
! Undefined control sequence.
<recently read> \mathbb 
                        
l.309 ...thrm{char}\,\mathbb{F}\nmid |G|$且$\mathbb
                                                  {F}$为$G$的分裂域，则有限群$G$的所有互不等...

? 
Missing character: There is no 为 ("4E3A) in font nullfont!
Missing character: There is no 的 ("7684) in font nullfont!
Missing character: There is no 分 ("5206) in font nullfont!
Missing character: There is no 裂 ("88C2) in font nullfont!
Missing character: There is no 域 ("57DF) in font nullfont!
Missing character: There is no ， ("FF0C) in font nullfont!
Missing character: There is no 则 ("5219) in font nullfont!
Missing character: There is no 有 ("6709) in font nullfont!
Missing character: There is no 限 ("9650) in font nullfont!
Missing character: There is no 群 ("7FA4) in font nullfont!
Missing character: There is no 的 ("7684) in font nullfont!
Missing character: There is no 所 ("6240) in font nullfont!
Missing character: There is no 有 ("6709) in font nullfont!
Missing character: There is no 互 ("4E92) in font nullfont!
Missing character: There is no 不 ("4E0D) in font nullfont!
Missing character: There is no 等 ("7B49) in font nullfont!
Missing character: There is no 价 ("4EF7) in font nullfont!
Missing character: There is no 的 ("7684) in font nullfont!
Missing character: There is no 表 ("8868) in font nullfont!
Missing character: There is no 示 ("793A) in font nullfont!
Missing character: There is no 的 ("7684) in font nullfont!
Missing character: There is no 特 ("7279) in font nullfont!
Missing character: There is no 征 ("5F81) in font nullfont!
Missing character: There is no 标 ("6807) in font nullfont!
Missing character: There is no 是 ("662F) in font nullfont!
! Undefined control sequence.
<recently read> \cf 
                    
l.309 ...bb{F}$为$G$的分裂域，则有限群$G$的所有互不等价的表示的特征标是$\cf
                                                  _{\mathbb{F}}(G)$的一组基，且$\f...

? 
! Undefined control sequence.
l.309 ...$的分裂域，则有限群$G$的所有互不等价的表示的特征标是$\cf_{\mathbb
                                                  {F}}(G)$的一组基，且$\forall f\i...

? 
Missing character: There is no 的 ("7684) in font nullfont!
Missing character: There is no 一 ("4E00) in font nullfont!
Missing character: There is no 组 ("7EC4) in font nullfont!
Missing character: There is no 基 ("57FA) in font nullfont!
Missing character: There is no ， ("FF0C) in font nullfont!
Missing character: There is no 且 ("4E14) in font nullfont!
! Undefined control sequence.
l.309 ...f_{\mathbb{F}}(G)$的一组基，且$\forall f\in \cf
                                                  _{\mathbb{F}}(G)$，有$f=\sum...

? 
! Undefined control sequence.
l.309 ...b{F}}(G)$的一组基，且$\forall f\in \cf_{\mathbb
                                                  {F}}(G)$，有$f=\sum_{\chi_i\...

? 
Missing character: There is no ， ("FF0C) in font nullfont!
Missing character: There is no 有 ("6709) in font nullfont!
Missing character: There is no . ("2E) in font nullfont!

Overfull \hbox (20.0pt too wide) in paragraph at lines 308--309
[]
 []


Overfull \hbox (114.99591pt too wide) in paragraph at lines 308--309
[] \OML/cmm/m/it/10 F\OMS/cmsy/m/n/10 j\OML/cmm/m/it/10 G\OMS/cmsy/m/n/10 j$$\O
ML/cmm/m/it/10 F$$G$$G$$[]\OT1/cmr/m/n/10 (\OML/cmm/m/it/10 G\OT1/cmr/m/n/10 )$
$\OMS/cmsy/m/n/10 8\OML/cmm/m/it/10 f \OMS/cmsy/m/n/10 2[]
 []


Overfull \hbox (32.16806pt too wide) in paragraph at lines 308--309
\OT1/cmr/m/n/10 (\OML/cmm/m/it/10 G\OT1/cmr/m/n/10 )$$\OML/cmm/m/it/10 f \OT1/c
mr/m/n/10 =
 []


Overfull \hbox (83.03514pt too wide) in paragraph at lines 308--309
[][]\OT1/cmr/m/n/10 (\OML/cmm/m/it/10 f; ^^_[]\OT1/cmr/m/n/10 )\OML/cmm/m/it/10
 ^^_[]$ 
 []

Missing character: There is no 特 ("7279) in font nullfont!
Missing character: There is no 别 ("522B) in font nullfont!
Missing character: There is no 地 ("5730) in font nullfont!
Missing character: There is no ， ("FF0C) in font nullfont!
Missing character: There is no 的 ("7684) in font nullfont!
Missing character: There is no 不 ("4E0D) in font nullfont!
Missing character: There is no 可 ("53EF) in font nullfont!
Missing character: There is no 约 ("7EA6) in font nullfont!
Missing character: There is no 表 ("8868) in font nullfont!
Missing character: There is no 示 ("793A) in font nullfont!
Missing character: There is no 个 ("4E2A) in font nullfont!
Missing character: There is no 数 ("6570) in font nullfont!
Missing character: There is no 等 ("7B49) in font nullfont!
Missing character: There is no 于 ("4E8E) in font nullfont!
Missing character: There is no 的 ("7684) in font nullfont!
Missing character: There is no 共 ("5171) in font nullfont!
Missing character: There is no 轭 ("8F6D) in font nullfont!
Missing character: There is no 类 ("7C7B) in font nullfont!
Missing character: There is no 的 ("7684) in font nullfont!
Missing character: There is no 个 ("4E2A) in font nullfont!
Missing character: There is no 数 ("6570) in font nullfont!
Missing character: There is no . ("2E) in font nullfont!

! LaTeX Error: \begin{document} ended by \end{theorem}.

See the LaTeX manual or LaTeX Companion for explanation.
Type  H <return>  for immediate help.
 ...                                              
                                                  
l.311 \end{theorem}
                   
? 

Overfull \hbox (35.72498pt too wide) in paragraph at lines 310--312
[]$\OML/cmm/m/it/10 G$$G$
 []


! LaTeX Error: Environment proof undefined.

See the LaTeX manual or LaTeX Companion for explanation.
Type  H <return>  for immediate help.
 ...                                              
                                                  
l.313 \begin{proof}
                   
? 
Missing character: There is no 先 ("5148) in font nullfont!
Missing character: There is no 证 ("8BC1) in font nullfont!
! Undefined control sequence.
l.314     先证$\forall \varphi \in cf_{\mathbb
                                            {F}}(G)$，$\varphi = \sum a_i\chi...

? 
Missing character: There is no ， ("FF0C) in font nullfont!
Missing character: There is no . ("2E) in font nullfont!

Overfull \hbox (41.54164pt too wide) in paragraph at lines 314--314
[]$\OMS/cmsy/m/n/10 8\OML/cmm/m/it/10 ' \OMS/cmsy/m/n/10 2
 []


Overfull \hbox (48.60884pt too wide) in paragraph at lines 314--314
\OML/cmm/m/it/10 cf[]\OT1/cmr/m/n/10 (\OML/cmm/m/it/10 G\OT1/cmr/m/n/10 )$$\OML
/cmm/m/it/10 ' \OT1/cmr/m/n/10 =
 []


Overfull \hbox (30.42358pt too wide) in paragraph at lines 314--314
[] \OML/cmm/m/it/10 a[]^^_[]$ 
 []

Missing character: There is no 考 ("8003) in font nullfont!
Missing character: There is no 察 ("5BDF) in font nullfont!
Missing character: There is no ， ("FF0C) in font nullfont!
Missing character: There is no . ("2E) in font nullfont!

Overfull \hbox (114.45424pt too wide) in paragraph at lines 315--315
[]$\OMS/cmsy/m/n/10 8\OML/cmm/m/it/10 j$$[] \OT1/cmr/m/n/10 =
 []


Overfull \hbox (5.00002pt too wide) in paragraph at lines 315--315
\OT1/cmr/m/n/10 0$ 
 []

! Undefined control sequence.
<recently read> \setjot 
                        
l.316     $\setjot
                  [-2]\begin{aligned}[t]
? 

! LaTeX Error: Environment aligned undefined.

See the LaTeX manual or LaTeX Companion for explanation.
Type  H <return>  for immediate help.
 ...                                              
                                                  
l.316     $\setjot[-2]\begin{aligned}
                                     [t]
? 
! Misplaced alignment tab character &.
l.317 ...\varphi-\sum a_i\chi_i, \chi_j^*\right) &
                                                  = (\varphi,\chi_j^*) - \su...

? 
! Misplaced alignment tab character &.
<recently read> &
                 
l.318     &
           \overset{\text{第一正交关系}}{=} (\varphi,\chi_j^*) - a_j(\chi_j, \chi_...

? 
! Undefined control sequence.
l.318     &\overset
                   {\text{第一正交关系}}{=} (\varphi,\chi_j^*) - a_j(\chi_j, \chi_...

? 
! Undefined control sequence.
l.318     &\overset{\text
                         {第一正交关系}}{=} (\varphi,\chi_j^*) - a_j(\chi_j, \chi_...

? 
! Misplaced alignment tab character &.
<recently read> &
                 
l.319     &
           = (\varphi,\chi_j^*) - a_j = 0
? 

! LaTeX Error: \begin{document} ended by \end{aligned}.

See the LaTeX manual or LaTeX Companion for explanation.
Type  H <return>  for immediate help.
 ...                                              
                                                  
l.320     \end{aligned}
                       $\par
? 
Missing character: There is no 第 ("7B2C) in font cmr10!
Missing character: There is no 一 ("4E00) in font cmr10!
Missing character: There is no 正 ("6B63) in font cmr10!
Missing character: There is no 交 ("4EA4) in font cmr10!
Missing character: There is no 关 ("5173) in font cmr10!
Missing character: There is no 系 ("7CFB) in font cmr10!

Overfull \hbox (133.37488pt too wide) in paragraph at lines 316--320
[]$\OT1/cmr/m/n/10 [\OMS/cmsy/m/n/10 ^^@\OT1/cmr/m/n/10 2][\OML/cmm/m/it/10 t\O
T1/cmr/m/n/10 ] [] =
 []


Overfull \hbox (37.39583pt too wide) in paragraph at lines 316--320
\OT1/cmr/m/n/10 (\OML/cmm/m/it/10 '; ^^_[]\OT1/cmr/m/n/10 ) \OMS/cmsy/m/n/10 ^^
@
 []


Overfull \hbox (53.49994pt too wide) in paragraph at lines 316--320
[] \OML/cmm/m/it/10 a[]\OT1/cmr/m/n/10 (\OML/cmm/m/it/10 ^^_[]; ^^_[]\OT1/cmr/m
/n/10 )[] 
 []


Overfull \hbox (45.17363pt too wide) in paragraph at lines 316--320
[][]\OT1/cmr/m/n/10 (\OML/cmm/m/it/10 '; ^^_[]\OT1/cmr/m/n/10 ) \OMS/cmsy/m/n/1
0 ^^@
 []


Overfull \hbox (43.04628pt too wide) in paragraph at lines 316--320
\OML/cmm/m/it/10 a[]\OT1/cmr/m/n/10 (\OML/cmm/m/it/10 ^^_[]; ^^_[]\OT1/cmr/m/n/
10 )[] 
 []


Overfull \hbox (7.7778pt too wide) in paragraph at lines 316--320
\OT1/cmr/m/n/10 =
 []


Overfull \hbox (37.39583pt too wide) in paragraph at lines 316--320
\OT1/cmr/m/n/10 (\OML/cmm/m/it/10 '; ^^_[]\OT1/cmr/m/n/10 ) \OMS/cmsy/m/n/10 ^^
@
 []


Overfull \hbox (20.05496pt too wide) in paragraph at lines 316--320
\OML/cmm/m/it/10 a[] \OT1/cmr/m/n/10 =
 []


Overfull \hbox (5.00002pt too wide) in paragraph at lines 316--320
\OT1/cmr/m/n/10 0$ 
 []

Missing character: There is no . ("2E) in font nullfont!

Overfull \hbox (30.00002pt too wide) in paragraph at lines 321--321
[]$\OMS/cmsy/m/n/10 )
 []


Overfull \hbox (20.05496pt too wide) in paragraph at lines 321--321
\OML/cmm/m/it/10 a[] \OT1/cmr/m/n/10 =
 []


Overfull \hbox (29.61803pt too wide) in paragraph at lines 321--321
\OT1/cmr/m/n/10 (\OML/cmm/m/it/10 '; ^^_[]\OT1/cmr/m/n/10 )$ 
 []

Missing character: There is no 因 ("56E0) in font nullfont!
Missing character: There is no 此 ("6B64) in font nullfont!
Missing character: There is no . ("2E) in font nullfont!

Overfull \hbox (37.09718pt too wide) in paragraph at lines 322--322
[]$\OML/cmm/m/it/10 ' \OT1/cmr/m/n/10 =
 []


Overfull \hbox (49.75981pt too wide) in paragraph at lines 322--322
[]\OT1/cmr/m/n/10 (\OML/cmm/m/it/10 '; ^^_[]\OT1/cmr/m/n/10 )\OML/cmm/m/it/10 ^
^_[]$ 
 []

Missing character: There is no 再 ("518D) in font nullfont!
Missing character: There is no 证 ("8BC1) in font nullfont!
Missing character: There is no 线 ("7EBF) in font nullfont!
Missing character: There is no 性 ("6027) in font nullfont!
Missing character: There is no 无 ("65E0) in font nullfont!
Missing character: There is no 关 ("5173) in font nullfont!
Missing character: There is no . ("2E) in font nullfont!

Overfull \hbox (53.04056pt too wide) in paragraph at lines 323--323
[]$\OMS/cmsy/m/n/10 f\OML/cmm/m/it/10 ^^_[]\OMS/cmsy/m/n/10 g[]$ 
 []

Missing character: There is no 设 ("8BBE) in font nullfont!
Missing character: There is no ， ("FF0C) in font nullfont!
Missing character: There is no 则 ("5219) in font nullfont!
Missing character: There is no ， ("FF0C) in font nullfont!
Missing character: There is no . ("2E) in font nullfont!

Overfull \hbox (60.9791pt too wide) in paragraph at lines 324--324
[]$[] \OML/cmm/m/it/10 a[]^^_[] \OT1/cmr/m/n/10 =
 []


Overfull \hbox (79.30153pt too wide) in paragraph at lines 324--324
\OT1/cmr/m/n/10 0$$\OMS/cmsy/m/n/10 8\OML/cmm/m/it/10 j$$\OT1/cmr/m/n/10 ([] \O
ML/cmm/m/it/10 a[]^^_[]; ^^_[]\OT1/cmr/m/n/10 ) =
 []


Overfull \hbox (5.00002pt too wide) in paragraph at lines 324--324
\OT1/cmr/m/n/10 0$ 
 []

Missing character: There is no 即 ("5373) in font nullfont!
Missing character: There is no ， ("FF0C) in font nullfont!
Missing character: There is no 故 ("6545) in font nullfont!
Missing character: There is no 线 ("7EBF) in font nullfont!
Missing character: There is no 性 ("6027) in font nullfont!
Missing character: There is no 无 ("65E0) in font nullfont!
Missing character: There is no 关 ("5173) in font nullfont!
Missing character: There is no . ("2E) in font nullfont!

Overfull \hbox (73.60179pt too wide) in paragraph at lines 325--325
[]$\OML/cmm/m/it/10 a[]\OT1/cmr/m/n/10 (\OML/cmm/m/it/10 ^^_[]; ^^_[]\OT1/cmr/m
/n/10 ) =
 []


Overfull \hbox (20.05496pt too wide) in paragraph at lines 325--325
\OML/cmm/m/it/10 a[] \OT1/cmr/m/n/10 =
 []


Overfull \hbox (5.00002pt too wide) in paragraph at lines 325--325
\OT1/cmr/m/n/10 0$ 
 []

Missing character: There is no 因 ("56E0) in font nullfont!
Missing character: There is no 此 ("6B64) in font nullfont!
Missing character: There is no 是 ("662F) in font nullfont!
! Undefined control sequence.
l.326     因此$\mathrm{Irr}(G)$是$cf_{\mathbb
                                          {F}}(G)$的一组基.\par
? 
Missing character: There is no 的 ("7684) in font nullfont!
Missing character: There is no 一 ("4E00) in font nullfont!
Missing character: There is no 组 ("7EC4) in font nullfont!
Missing character: There is no 基 ("57FA) in font nullfont!
Missing character: There is no . ("2E) in font nullfont!

Overfull \hbox (78.5964pt too wide) in paragraph at lines 326--326
[]$[]\OT1/cmr/m/n/10 (\OML/cmm/m/it/10 G\OT1/cmr/m/n/10 )$$\OML/cmm/m/it/10 cf[
]\OT1/cmr/m/n/10 (\OML/cmm/m/it/10 G\OT1/cmr/m/n/10 )$ 
 []

Missing character: There is no 结 ("7ED3) in font nullfont!
Missing character: There is no 合 ("5408) in font nullfont!
! Undefined control sequence.
l.327     结合$\dim cf_{\mathbb
                             {F}}(G) = s$可知$|\mathrm{Irr}(G)|=s$.
? 
Missing character: There is no 可 ("53EF) in font nullfont!
Missing character: There is no 知 ("77E5) in font nullfont!
Missing character: There is no . ("2E) in font nullfont!

! LaTeX Error: \begin{document} ended by \end{proof}.

See the LaTeX manual or LaTeX Companion for explanation.
Type  H <return>  for immediate help.
 ...                                              
                                                  
l.328 \end{proof}
                 
? 

Overfull \hbox (80.40051pt too wide) in paragraph at lines 327--329
[]$[] \OML/cmm/m/it/10 cf[]\OT1/cmr/m/n/10 (\OML/cmm/m/it/10 G\OT1/cmr/m/n/10 )
 =
 []


Overfull \hbox (47.88333pt too wide) in paragraph at lines 327--329
\OML/cmm/m/it/10 s$$\OMS/cmsy/m/n/10 j[]\OT1/cmr/m/n/10 (\OML/cmm/m/it/10 G\OT1
/cmr/m/n/10 )\OMS/cmsy/m/n/10 j \OT1/cmr/m/n/10 =
 []


Overfull \hbox (4.6875pt too wide) in paragraph at lines 327--329
\OML/cmm/m/it/10 s$
 []

Missing character: There is no 使 ("4F7F) in font nullfont!
Missing character: There is no 用 ("7528) in font nullfont!
Missing character: There is no 上 ("4E0A) in font nullfont!
Missing character: There is no 述 ("8FF0) in font nullfont!
Missing character: There is no 结 ("7ED3) in font nullfont!
Missing character: There is no 论 ("8BBA) in font nullfont!
Missing character: There is no ， ("FF0C) in font nullfont!
Missing character: There is no 可 ("53EF) in font nullfont!
Missing character: There is no 以 ("4EE5) in font nullfont!
Missing character: There is no 构 ("6784) in font nullfont!
Missing character: There is no 造 ("9020) in font nullfont!
Missing character: There is no 出 ("51FA) in font nullfont!
Missing character: There is no 直 ("76F4) in font nullfont!
Missing character: There is no 和 ("548C) in font nullfont!
Missing character: There is no 分 ("5206) in font nullfont!
Missing character: There is no 解 ("89E3) in font nullfont!
Missing character: There is no 的 ("7684) in font nullfont!
Missing character: There is no 投 ("6295) in font nullfont!
Missing character: There is no 影 ("5F71) in font nullfont!
Missing character: There is no . ("2E) in font nullfont!

Overfull \hbox (20.0pt too wide) in paragraph at lines 330--331
[] 
 []


! LaTeX Error: Environment theorem undefined.

See the LaTeX manual or LaTeX Companion for explanation.
Type  H <return>  for immediate help.
 ...                                              
                                                  
l.332 \begin{theorem}
                     []
? 
Missing character: There is no [ ("5B) in font nullfont!
Missing character: There is no ] ("5D) in font nullfont!
Missing character: There is no 若 ("82E5) in font nullfont!
Missing character: There is no ， ("FF0C) in font nullfont!
Missing character: There is no 则 ("5219) in font nullfont!
Missing character: There is no 是 ("662F) in font nullfont!
Missing character: There is no 上 ("4E0A) in font nullfont!
Missing character: There is no 的 ("7684) in font nullfont!
Missing character: There is no 投 ("6295) in font nullfont!
Missing character: There is no 影 ("5F71) in font nullfont!
Missing character: There is no ( ("28) in font nullfont!
Missing character: There is no 即 ("5373) in font nullfont!
Missing character: There is no ， ("FF0C) in font nullfont!
Missing character: There is no ) ("29) in font nullfont!
Missing character: There is no ， ("FF0C) in font nullfont!
Missing character: There is no 其 ("5176) in font nullfont!
Missing character: There is no 中 ("4E2D) in font nullfont!
Missing character: There is no . ("2E) in font nullfont!

! LaTeX Error: \begin{document} ended by \end{theorem}.

See the LaTeX manual or LaTeX Companion for explanation.
Type  H <return>  for immediate help.
 ...                                              
                                                  
l.334 \end{theorem}
                   
? 

Overfull \hbox (20.0pt too wide) in paragraph at lines 332--335
[]
 []


Overfull \hbox (21.38885pt too wide) in paragraph at lines 332--335
\OML/cmm/m/it/10 W []
 []


Overfull \hbox (45.85643pt too wide) in paragraph at lines 332--335
[] \OML/cmm/m/it/10 W[]$$P[] \OT1/cmr/m/n/10 =
 []


Overfull \hbox (132.41412pt too wide) in paragraph at lines 332--335
[] [][] \OML/cmm/m/it/10 ^^_[]\OT1/cmr/m/n/10 (\OML/cmm/m/it/10 g\OT1/cmr/m/n/1
0 )\OML/cmm/m/it/10 ^^Z\OT1/cmr/m/n/10 (\OML/cmm/m/it/10 g\OT1/cmr/m/n/10 )$$\O
ML/cmm/m/it/10 W[]$$P[]\OMS/cmsy/m/n/10 j[] \OT1/cmr/m/n/10 =
 []


Overfull \hbox (43.17279pt too wide) in paragraph at lines 332--335
[]$$\OML/cmm/m/it/10 P[]\OMS/cmsy/m/n/10 j[] \OT1/cmr/m/n/10 =
 []


Overfull \hbox (22.88956pt too wide) in paragraph at lines 332--335
\OT1/cmr/m/n/10 0(\OML/cmm/m/it/10 i \OMS/cmsy/m/n/10 6\OT1/cmr/m/n/10 =
 []


Overfull \hbox (28.46654pt too wide) in paragraph at lines 332--335
\OML/cmm/m/it/10 j\OT1/cmr/m/n/10 )$$\OML/cmm/m/it/10 n[] \OT1/cmr/m/n/10 =
 []


Overfull \hbox (27.49596pt too wide) in paragraph at lines 332--335
[] \OML/cmm/m/it/10 V[]$
 []

! Undefined control sequence.
l.336 \section
              {特征标表}
? 
Missing character: There is no 特 ("7279) in font nullfont!
Missing character: There is no 征 ("5F81) in font nullfont!
Missing character: There is no 标 ("6807) in font nullfont!
Missing character: There is no 表 ("8868) in font nullfont!

Overfull \hbox (20.0pt too wide) in paragraph at lines 336--337
[] 
 []

Missing character: There is no 设 ("8BBE) in font nullfont!
Missing character: There is no 为 ("4E3A) in font nullfont!
Missing character: There is no 的 ("7684) in font nullfont!
Missing character: There is no 所 ("6240) in font nullfont!
Missing character: There is no 有 ("6709) in font nullfont!
Missing character: There is no 共 ("5171) in font nullfont!
Missing character: There is no 轭 ("8F6D) in font nullfont!
Missing character: There is no 类 ("7C7B) in font nullfont!
Missing character: There is no ， ("FF0C) in font nullfont!
Missing character: There is no 为 ("4E3A) in font nullfont!
Missing character: There is no 的 ("7684) in font nullfont!
Missing character: There is no 所 ("6240) in font nullfont!
Missing character: There is no 有 ("6709) in font nullfont!
Missing character: There is no 不 ("4E0D) in font nullfont!
Missing character: There is no 可 ("53EF) in font nullfont!
Missing character: There is no 约 ("7EA6) in font nullfont!
Missing character: There is no 特 ("7279) in font nullfont!
Missing character: There is no 征 ("5F81) in font nullfont!
Missing character: There is no 标 ("6807) in font nullfont!
Missing character: There is no . ("2E) in font nullfont!

Overfull \hbox (175.76353pt too wide) in paragraph at lines 338--338
[]$\OMS/cmsy/m/n/10 f\OML/cmm/m/it/10 C[]; C[]; [] ; C[]\OMS/cmsy/m/n/10 g$$\OM
L/cmm/m/it/10 G$$\OMS/cmsy/m/n/10 f\OML/cmm/m/it/10 ^^_[]; ^^_[]; [] ; ^^_[]\OM
S/cmsy/m/n/10 g$$\OML/cmm/m/it/10 G$ 
 []

Missing character: There is no 可 ("53EF) in font nullfont!
Missing character: There is no 将 ("5C06) in font nullfont!
Missing character: There is no 如 ("5982) in font nullfont!
Missing character: There is no 下 ("4E0B) in font nullfont!
Missing character: There is no 表 ("8868) in font nullfont!
Missing character: There is no 格 ("683C) in font nullfont!
Missing character: There is no 称 ("79F0) in font nullfont!
Missing character: There is no 为 ("4E3A) in font nullfont!
Missing character: There is no 的 ("7684) in font nullfont!
Missing character: There is no 特 ("7279) in font nullfont!
Missing character: There is no 征 ("5F81) in font nullfont!
Missing character: There is no 标 ("6807) in font nullfont!
Missing character: There is no 表 ("8868) in font nullfont!
Missing character: There is no . ("2E) in font nullfont!

Overfull \hbox (27.86249pt too wide) in paragraph at lines 339--340
[]$\OML/cmm/m/it/10 G$ 
 []


Overfull \hbox (20.0pt too wide) in paragraph at lines 341--341
[] 
 []

Missing character: There is no . ("2E) in font nullfont!
Missing character: There is no . ("2E) in font nullfont!
Missing character: There is no . ("2E) in font nullfont!
Missing character: There is no . ("2E) in font nullfont!
Missing character: There is no . ("2E) in font nullfont!
Missing character: There is no . ("2E) in font nullfont!
Missing character: There is no . ("2E) in font nullfont!
Missing character: There is no . ("2E) in font nullfont!
Missing character: There is no . ("2E) in font nullfont!
Missing character: There is no . ("2E) in font nullfont!
Missing character: There is no . ("2E) in font nullfont!
Missing character: There is no . ("2E) in font nullfont!
Missing character: There is no . ("2E) in font nullfont!
Missing character: There is no . ("2E) in font nullfont!
Missing character: There is no . ("2E) in font nullfont!

Overfull \hbox (112.66049pt too wide) in paragraph at lines 342--349
 [] 
 []

Missing character: There is no 有 ("6709) in font nullfont!
Missing character: There is no 了 ("4E86) in font nullfont!
Missing character: There is no 特 ("7279) in font nullfont!
Missing character: There is no 征 ("5F81) in font nullfont!
Missing character: There is no 标 ("6807) in font nullfont!
Missing character: There is no 表 ("8868) in font nullfont!
Missing character: There is no ， ("FF0C) in font nullfont!
Missing character: There is no 在 ("5728) in font nullfont!
Missing character: There is no 分 ("5206) in font nullfont!
Missing character: There is no 裂 ("88C2) in font nullfont!
Missing character: There is no 域 ("57DF) in font nullfont!
Missing character: There is no 上 ("4E0A) in font nullfont!
Missing character: There is no 第 ("7B2C) in font nullfont!
Missing character: There is no 一 ("4E00) in font nullfont!
Missing character: There is no 正 ("6B63) in font nullfont!
Missing character: There is no 交 ("4EA4) in font nullfont!
Missing character: There is no 关 ("5173) in font nullfont!
Missing character: There is no 系 ("7CFB) in font nullfont!
Missing character: There is no 可 ("53EF) in font nullfont!
Missing character: There is no 重 ("91CD) in font nullfont!
Missing character: There is no 写 ("5199) in font nullfont!
Missing character: There is no 为 ("4E3A) in font nullfont!
Missing character: There is no ： ("FF1A) in font nullfont!

Overfull \hbox (20.0pt too wide) in paragraph at lines 351--352
[] 
 []

! Undefined control sequence.
l.352 ..._{g\in G}\chi_i(g)\chi_j(g^{-1}) \overset
                                                  {\text{按共轭类求和}}{=} \frac{1...

? 
! Undefined control sequence.
l.352 ... G}\chi_i(g)\chi_j(g^{-1}) \overset{\text
                                                  {按共轭类求和}}{=} \frac{1}{|G|}...

? 
Missing character: There is no 按 ("6309) in font cmr10!
Missing character: There is no 共 ("5171) in font cmr10!
Missing character: There is no 轭 ("8F6D) in font cmr10!
Missing character: There is no 类 ("7C7B) in font cmr10!
Missing character: There is no 求 ("6C42) in font cmr10!
Missing character: There is no 和 ("548C) in font cmr10!

Overfull \hbox (287.33217pt too wide) detected at line 352
\OML/cmm/m/it/10 ^^N[] \OT1/cmr/m/n/10 = (\OML/cmm/m/it/10 ^^_[]; ^^_[]\OT1/cmr
/m/n/10 ) = [] [] \OML/cmm/m/it/10 ^^_[]\OT1/cmr/m/n/10 (\OML/cmm/m/it/10 g\OT1
/cmr/m/n/10 )\OML/cmm/m/it/10 ^^_[]\OT1/cmr/m/n/10 (\OML/cmm/m/it/10 g[]\OT1/cm
r/m/n/10 )[][][] [] \OMS/cmsy/m/n/10 j\OML/cmm/m/it/10 C[]\OMS/cmsy/m/n/10 j\OM
L/cmm/m/it/10 ^^_[]\OT1/cmr/m/n/10 (\OML/cmm/m/it/10 C[]\OT1/cmr/m/n/10 )\OML/c
mm/m/it/10 ^^_[]\OT1/cmr/m/n/10 (\OML/cmm/m/it/10 C[]\OT1/cmr/m/n/10 )
 []

Missing character: There is no 特 ("7279) in font nullfont!
Missing character: There is no 别 ("522B) in font nullfont!
Missing character: There is no 地 ("5730) in font nullfont!
Missing character: There is no ， ("FF0C) in font nullfont!
Missing character: There is no 在 ("5728) in font nullfont!
! Undefined control sequence.
<recently read> \mathbb 
                        
l.354 特别地，在$\mathbb
                   {C}$上，$X=(\chi_i(C_k))_{s\times s}$，$\overline{X} = (\ove...

? 
Missing character: There is no 上 ("4E0A) in font nullfont!
Missing character: There is no ， ("FF0C) in font nullfont!
Missing character: There is no ， ("FF0C) in font nullfont!
Missing character: There is no ， ("FF0C) in font nullfont!
! Undefined control sequence.
l.354 ... (\chi_i(C_k^{-1}))_{s\times s}$，$A=\diag
                                                  (|C_1|,\cdots,|C_s|)$.\par
? 
Missing character: There is no . ("2E) in font nullfont!

Overfull \hbox (47.48743pt too wide) in paragraph at lines 354--354
[]$\OML/cmm/m/it/10 C$$X \OT1/cmr/m/n/10 =
 []


Overfull \hbox (71.13278pt too wide) in paragraph at lines 354--354
\OT1/cmr/m/n/10 (\OML/cmm/m/it/10 ^^_[]\OT1/cmr/m/n/10 (\OML/cmm/m/it/10 C[]\OT
1/cmr/m/n/10 ))[]$$[] =
 []


Overfull \hbox (62.06335pt too wide) in paragraph at lines 354--354
\OT1/cmr/m/n/10 ([])[] =
 []


Overfull \hbox (76.09462pt too wide) in paragraph at lines 354--354
\OT1/cmr/m/n/10 (\OML/cmm/m/it/10 ^^_[]\OT1/cmr/m/n/10 (\OML/cmm/m/it/10 C[]\OT
1/cmr/m/n/10 ))[]$$\OML/cmm/m/it/10 A \OT1/cmr/m/n/10 =
 []


Overfull \hbox (64.1659pt too wide) in paragraph at lines 354--354
\OT1/cmr/m/n/10 (\OMS/cmsy/m/n/10 j\OML/cmm/m/it/10 C[]\OMS/cmsy/m/n/10 j\OML/c
mm/m/it/10 ; [] ; \OMS/cmsy/m/n/10 j\OML/cmm/m/it/10 C[]\OMS/cmsy/m/n/10 j\OT1/
cmr/m/n/10 )$ 
 []

Missing character: There is no 则 ("5219) in font nullfont!
Missing character: There is no . ("2E) in font nullfont!

Overfull \hbox (62.49403pt too wide) in paragraph at lines 355--355
[]$\OML/cmm/m/it/10 XA[][] \OT1/cmr/m/n/10 =
 []


Overfull \hbox (37.85205pt too wide) in paragraph at lines 355--355
\OMS/cmsy/m/n/10 j\OML/cmm/m/it/10 G\OMS/cmsy/m/n/10 j\OML/cmm/m/it/10 E[] \OMS
/cmsy/m/n/10 )
 []


Overfull \hbox (55.87001pt too wide) in paragraph at lines 355--355
[]\OML/cmm/m/it/10 XA[][] \OT1/cmr/m/n/10 =
 []


Overfull \hbox (7.95831pt too wide) in paragraph at lines 355--355
\OML/cmm/m/it/10 E$ 
 []

Missing character: There is no 由 ("7531) in font nullfont!
Missing character: There is no 于 ("4E8E) in font nullfont!
Missing character: There is no 矩 ("77E9) in font nullfont!
Missing character: There is no 阵 ("9635) in font nullfont!
Missing character: There is no 逆 ("9006) in font nullfont!
Missing character: There is no 的 ("7684) in font nullfont!
Missing character: There is no 交 ("4EA4) in font nullfont!
Missing character: There is no 换 ("6362) in font nullfont!
Missing character: There is no ， ("FF0C) in font nullfont!
Missing character: There is no 则 ("5219) in font nullfont!
Missing character: There is no ， ("FF0C) in font nullfont!
Missing character: There is no 展 ("5C55) in font nullfont!
Missing character: There is no 开 ("5F00) in font nullfont!
Missing character: There is no 后 ("540E) in font nullfont!
Missing character: There is no 得 ("5F97) in font nullfont!
Missing character: There is no 到 ("5230) in font nullfont!
Missing character: There is no 第 ("7B2C) in font nullfont!
Missing character: There is no 二 ("4E8C) in font nullfont!
Missing character: There is no 正 ("6B63) in font nullfont!
Missing character: There is no 交 ("4EA4) in font nullfont!
Missing character: There is no 关 ("5173) in font nullfont!
Missing character: There is no 系 ("7CFB) in font nullfont!
Missing character: There is no . ("2E) in font nullfont!

Overfull \hbox (75.87001pt too wide) in paragraph at lines 356--357
[]$[][]\OML/cmm/m/it/10 XA[] \OT1/cmr/m/n/10 =
 []


Overfull \hbox (7.95831pt too wide) in paragraph at lines 356--357
\OML/cmm/m/it/10 E$ 
 []


! LaTeX Error: Environment theorem undefined.

See the LaTeX manual or LaTeX Companion for explanation.
Type  H <return>  for immediate help.
 ...                                              
                                                  
l.358 \begin{theorem}
                     [第二正交关系]
? 
Missing character: There is no [ ("5B) in font nullfont!
Missing character: There is no 第 ("7B2C) in font nullfont!
Missing character: There is no 二 ("4E8C) in font nullfont!
Missing character: There is no 正 ("6B63) in font nullfont!
Missing character: There is no 交 ("4EA4) in font nullfont!
Missing character: There is no 关 ("5173) in font nullfont!
Missing character: There is no 系 ("7CFB) in font nullfont!
Missing character: There is no ] ("5D) in font nullfont!
Missing character: There is no ， ("FF0C) in font nullfont!
! Undefined control sequence.
l.359 ..._k^{-1}) = \delta_{jk}$，$\quad 1\leqslant
                                                   j,k\leqslant s$.
? 
! Undefined control sequence.
l.359 ...elta_{jk}$，$\quad 1\leqslant j,k\leqslant
                                                   s$.
? 
Missing character: There is no . ("2E) in font nullfont!

! LaTeX Error: \begin{document} ended by \end{theorem}.

See the LaTeX manual or LaTeX Companion for explanation.
Type  H <return>  for immediate help.
 ...                                              
                                                  
l.360 \end{theorem}
                   
? 

Overfull \hbox (20.0pt too wide) in paragraph at lines 358--361
[]
 []


Overfull \hbox (132.87842pt too wide) in paragraph at lines 358--361
[] [][] \OMS/cmsy/m/n/10 j\OML/cmm/m/it/10 C[]\OMS/cmsy/m/n/10 j\OML/cmm/m/it/1
0 ^^_[]\OT1/cmr/m/n/10 (\OML/cmm/m/it/10 C[]\OT1/cmr/m/n/10 )\OML/cmm/m/it/10 ^
^_[]\OT1/cmr/m/n/10 (\OML/cmm/m/it/10 C[]\OT1/cmr/m/n/10 ) =
 []


Overfull \hbox (36.86588pt too wide) in paragraph at lines 358--361
\OML/cmm/m/it/10 ^^N[]$$ \OT1/cmr/m/n/10 1\OML/cmm/m/it/10 j; ks$
 []

Missing character: There is no 第 ("7B2C) in font nullfont!
Missing character: There is no 一 ("4E00) in font nullfont!
Missing character: There is no 、 ("3001) in font nullfont!
Missing character: There is no 第 ("7B2C) in font nullfont!
Missing character: There is no 二 ("4E8C) in font nullfont!
Missing character: There is no 正 ("6B63) in font nullfont!
Missing character: There is no 交 ("4EA4) in font nullfont!
Missing character: There is no 关 ("5173) in font nullfont!
Missing character: There is no 系 ("7CFB) in font nullfont!
Missing character: There is no 实 ("5B9E) in font nullfont!
Missing character: There is no 际 ("9645) in font nullfont!
Missing character: There is no 反 ("53CD) in font nullfont!
Missing character: There is no 映 ("6620) in font nullfont!
Missing character: There is no 了 ("4E86) in font nullfont!
Missing character: There is no 特 ("7279) in font nullfont!
Missing character: There is no 征 ("5F81) in font nullfont!
Missing character: There is no 标 ("6807) in font nullfont!
Missing character: There is no 表 ("8868) in font nullfont!
Missing character: There is no 行 ("884C) in font nullfont!
Missing character: There is no 和 ("548C) in font nullfont!
Missing character: There is no 列 ("5217) in font nullfont!
Missing character: There is no 的 ("7684) in font nullfont!
Missing character: There is no 关 ("5173) in font nullfont!
Missing character: There is no 系 ("7CFB) in font nullfont!
Missing character: There is no ， ("FF0C) in font nullfont!
Missing character: There is no 因 ("56E0) in font nullfont!
Missing character: There is no 此 ("6B64) in font nullfont!
Missing character: There is no 又 ("53C8) in font nullfont!
Missing character: There is no 称 ("79F0) in font nullfont!
Missing character: There is no 其 ("5176) in font nullfont!
Missing character: There is no 为 ("4E3A) in font nullfont!
Missing character: There is no 行 ("884C) in font nullfont!
Missing character: There is no 和 ("548C) in font nullfont!
Missing character: There is no 列 ("5217) in font nullfont!
Missing character: There is no 正 ("6B63) in font nullfont!
Missing character: There is no 交 ("4EA4) in font nullfont!
Missing character: There is no 关 ("5173) in font nullfont!
Missing character: There is no 系 ("7CFB) in font nullfont!
Missing character: There is no . ("2E) in font nullfont!

Overfull \hbox (20.0pt too wide) in paragraph at lines 362--363
[] 
 []


! LaTeX Error: Environment instance undefined.

See the LaTeX manual or LaTeX Companion for explanation.
Type  H <return>  for immediate help.
 ...                                              
                                                  
l.364 \begin{instance}
                      
? 
Missing character: There is no 计 ("8BA1) in font nullfont!
Missing character: There is no 算 ("7B97) in font nullfont!
Missing character: There is no 的 ("7684) in font nullfont!
Missing character: There is no 特 ("7279) in font nullfont!
Missing character: There is no 征 ("5F81) in font nullfont!
Missing character: There is no 标 ("6807) in font nullfont!
Missing character: There is no 表 ("8868) in font nullfont!
Missing character: There is no . ("2E) in font nullfont!

Overfull \hbox (30.61807pt too wide) in paragraph at lines 365--365
[]$\OML/cmm/m/it/10 S[]$ 
 []

Missing character: There is no 取 ("53D6) in font nullfont!
Missing character: There is no 为 ("4E3A) in font nullfont!
Missing character: There is no 单 ("5355) in font nullfont!
Missing character: There is no 位 ("4F4D) in font nullfont!
Missing character: There is no 表 ("8868) in font nullfont!
Missing character: There is no 示 ("793A) in font nullfont!
Missing character: There is no ， ("FF0C) in font nullfont!
Missing character: There is no 则 ("5219) in font nullfont!
Missing character: There is no 有 ("6709) in font nullfont!
Missing character: There is no . ("2E) in font nullfont!

Overfull \hbox (64.81941pt too wide) in paragraph at lines 366--366
[]$\OML/cmm/m/it/10 ^^_[]$$^^_[]\OT1/cmr/m/n/10 (1) =
 []


Overfull \hbox (39.07639pt too wide) in paragraph at lines 366--366
\OML/cmm/m/it/10 ^^_[]\OT1/cmr/m/n/10 (12) =
 []


Overfull \hbox (5.00002pt too wide) in paragraph at lines 366--366
\OT1/cmr/m/n/10 1$ 
 []

Missing character: There is no 又 ("53C8) in font nullfont!
Missing character: There is no 有 ("6709) in font nullfont!
! Undefined control sequence.
<recently read> \mathbb 
                        
l.367     又有$\mathbb
                    {F}G \cong \bigoplus n_iV_i$得$|G| = \sum \dim^2 V_i$，从而$...

? 
Missing character: There is no 得 ("5F97) in font nullfont!
Missing character: There is no ， ("FF0C) in font nullfont!
Missing character: There is no 从 ("4ECE) in font nullfont!
Missing character: There is no 而 ("800C) in font nullfont!
Missing character: There is no 是 ("662F) in font nullfont!
Missing character: There is no 维 ("7EF4) in font nullfont!
Missing character: There is no 的 ("7684) in font nullfont!
Missing character: There is no . ("2E) in font nullfont!

Overfull \hbox (46.23746pt too wide) in paragraph at lines 367--367
[]$\OML/cmm/m/it/10 FG []
 []


Overfull \hbox (55.24559pt too wide) in paragraph at lines 367--367
[] \OML/cmm/m/it/10 n[]V[]$$\OMS/cmsy/m/n/10 j\OML/cmm/m/it/10 G\OMS/cmsy/m/n/1
0 j \OT1/cmr/m/n/10 =
 []


Overfull \hbox (59.94736pt too wide) in paragraph at lines 367--367
[] [][] \OML/cmm/m/it/10 V[]$$^^_[]$$\OT1/cmr/m/n/10 1$ 
 []

Missing character: There is no 同 ("540C) in font nullfont!
Missing character: There is no ， ("FF0C) in font nullfont!
Missing character: There is no 又 ("53C8) in font nullfont!
Missing character: There is no ， ("FF0C) in font nullfont!
Missing character: There is no 故 ("6545) in font nullfont!
Missing character: There is no ( ("28) in font nullfont!
Missing character: There is no 不 ("4E0D) in font nullfont!
Missing character: There is no 为 ("4E3A) in font nullfont!
Missing character: There is no 平 ("5E73) in font nullfont!
Missing character: There is no 凡 ("51E1) in font nullfont!
Missing character: There is no 表 ("8868) in font nullfont!
Missing character: There is no 示 ("793A) in font nullfont!
Missing character: There is no ) ("29) in font nullfont!
Missing character: There is no . ("2E) in font nullfont!

Overfull \hbox (54.07637pt too wide) in paragraph at lines 368--368
[]$\OML/cmm/m/it/10 ^^_[]\OT1/cmr/m/n/10 (1) =
 []


Overfull \hbox (50.76744pt too wide) in paragraph at lines 368--368
\OT1/cmr/m/n/10 1$$\OML/cmm/m/it/10 ^^Z\OT1/cmr/m/n/10 ((12)[]) =
 []


Overfull \hbox (47.40974pt too wide) in paragraph at lines 368--368
[]$$\OML/cmm/m/it/10 ^^_[]\OT1/cmr/m/n/10 (12) =
 []


Overfull \hbox (17.77774pt too wide) in paragraph at lines 368--368
\OT1/cmr/m/n/10 1 \OMS/cmsy/m/n/10 )
 []


Overfull \hbox (39.07639pt too wide) in paragraph at lines 368--368
\OML/cmm/m/it/10 ^^_[]\OT1/cmr/m/n/10 (12) =
 []


Overfull \hbox (12.77782pt too wide) in paragraph at lines 368--368
\OMS/cmsy/m/n/10 ^^@\OT1/cmr/m/n/10 1$ 
 []

Missing character: There is no 因 ("56E0) in font nullfont!
Missing character: There is no 此 ("6B64) in font nullfont!
Missing character: There is no 特 ("7279) in font nullfont!
Missing character: There is no 征 ("5F81) in font nullfont!
Missing character: There is no 标 ("6807) in font nullfont!
Missing character: There is no 表 ("8868) in font nullfont!
Missing character: There is no 为 ("4E3A) in font nullfont!
Missing character: There is no ： ("FF1A) in font nullfont!

Overfull \hbox (20.0pt too wide) in paragraph at lines 369--370
[] 
 []


Overfull \hbox (41.29874pt too wide) in paragraph at lines 371--376
 [] 
 []


! LaTeX Error: \begin{document} ended by \end{instance}.

See the LaTeX manual or LaTeX Companion for explanation.
Type  H <return>  for immediate help.
 ...                                              
                                                  
l.377 \end{instance}
                    
? 

! LaTeX Error: Environment instance undefined.

See the LaTeX manual or LaTeX Companion for explanation.
Type  H <return>  for immediate help.
 ...                                              
                                                  
l.379 \begin{instance}
                      
? 
Missing character: There is no 计 ("8BA1) in font nullfont!
Missing character: There is no 算 ("7B97) in font nullfont!
Missing character: There is no 的 ("7684) in font nullfont!
Missing character: There is no 特 ("7279) in font nullfont!
Missing character: There is no 征 ("5F81) in font nullfont!
Missing character: There is no 标 ("6807) in font nullfont!
Missing character: There is no 表 ("8868) in font nullfont!
Missing character: There is no . ("2E) in font nullfont!

Overfull \hbox (30.61807pt too wide) in paragraph at lines 380--380
[]$\OML/cmm/m/it/10 S[]$ 
 []

Missing character: There is no 类 ("7C7B) in font nullfont!
Missing character: There is no 似 ("4F3C) in font nullfont!
Missing character: There is no ， ("FF0C) in font nullfont!
Missing character: There is no 分 ("5206) in font nullfont!
Missing character: There is no 别 ("522B) in font nullfont!
Missing character: There is no 为 ("4E3A) in font nullfont!
Missing character: There is no 单 ("5355) in font nullfont!
Missing character: There is no 位 ("4F4D) in font nullfont!
Missing character: There is no 表 ("8868) in font nullfont!
Missing character: There is no 示 ("793A) in font nullfont!
Missing character: There is no 与 ("4E0E) in font nullfont!
Missing character: There is no 符 ("7B26) in font nullfont!
Missing character: There is no 号 ("53F7) in font nullfont!
Missing character: There is no 表 ("8868) in font nullfont!
Missing character: There is no 示 ("793A) in font nullfont!
Missing character: There is no . ("2E) in font nullfont!

Overfull \hbox (56.54857pt too wide) in paragraph at lines 381--381
[]$\OML/cmm/m/it/10 S[]$$^^_[]; ^^_[]$ 
 []

Missing character: There is no 且 ("4E14) in font nullfont!
Missing character: There is no 可 ("53EF) in font nullfont!
Missing character: There is no 推 ("63A8) in font nullfont!
Missing character: There is no 得 ("5F97) in font nullfont!
Missing character: There is no 是 ("662F) in font nullfont!
Missing character: There is no 二 ("4E8C) in font nullfont!
Missing character: There is no 维 ("7EF4) in font nullfont!
Missing character: There is no 的 ("7684) in font nullfont!
Missing character: There is no ， ("FF0C) in font nullfont!
Missing character: There is no 因 ("56E0) in font nullfont!
Missing character: There is no 此 ("6B64) in font nullfont!
Missing character: There is no . ("2E) in font nullfont!

Overfull \hbox (64.81941pt too wide) in paragraph at lines 382--382
[]$\OML/cmm/m/it/10 ^^_[]$$^^_[]\OT1/cmr/m/n/10 (1) =
 []


Overfull \hbox (5.00002pt too wide) in paragraph at lines 382--382
\OT1/cmr/m/n/10 2$ 
 []

Missing character: There is no 和 ("548C) in font nullfont!
Missing character: There is no 使 ("4F7F) in font nullfont!
Missing character: There is no 用 ("7528) in font nullfont!
Missing character: There is no 第 ("7B2C) in font nullfont!
Missing character: There is no 一 ("4E00) in font nullfont!
Missing character: There is no 正 ("6B63) in font nullfont!
Missing character: There is no 交 ("4EA4) in font nullfont!
Missing character: There is no 关 ("5173) in font nullfont!
Missing character: There is no 系 ("7CFB) in font nullfont!
Missing character: There is no 计 ("8BA1) in font nullfont!
Missing character: There is no 算 ("7B97) in font nullfont!
Missing character: There is no 分 ("5206) in font nullfont!
Missing character: There is no 别 ("522B) in font nullfont!
Missing character: There is no 得 ("5F97) in font nullfont!
Missing character: There is no 到 ("5230) in font nullfont!
Missing character: There is no . ("2E) in font nullfont!

Overfull \hbox (121.11815pt too wide) in paragraph at lines 383--383
[]$\OML/cmm/m/it/10 ^^_[]\OT1/cmr/m/n/10 (12)$$\OML/cmm/m/it/10 ^^_[]\OT1/cmr/m
/n/10 (123)$$\OML/cmm/m/it/10 ^^_[]\OT1/cmr/m/n/10 (12) =
 []


Overfull \hbox (53.52083pt too wide) in paragraph at lines 383--383
\OT1/cmr/m/n/10 0\OML/cmm/m/it/10 ; ^^_[]\OT1/cmr/m/n/10 (123) =
 []


Overfull \hbox (12.77782pt too wide) in paragraph at lines 383--383
\OMS/cmsy/m/n/10 ^^@\OT1/cmr/m/n/10 1$ 
 []

Missing character: There is no 故 ("6545) in font nullfont!
Missing character: There is no 特 ("7279) in font nullfont!
Missing character: There is no 征 ("5F81) in font nullfont!
Missing character: There is no 标 ("6807) in font nullfont!
Missing character: There is no 表 ("8868) in font nullfont!
Missing character: There is no 为 ("4E3A) in font nullfont!
Missing character: There is no ： ("FF1A) in font nullfont!

Overfull \hbox (20.0pt too wide) in paragraph at lines 384--385
[] 
 []


Overfull \hbox (64.0766pt too wide) in paragraph at lines 386--392
 [] 
 []


! LaTeX Error: \begin{document} ended by \end{instance}.

See the LaTeX manual or LaTeX Companion for explanation.
Type  H <return>  for immediate help.
 ...                                              
                                                  
l.393 \end{instance}
                    
? 
)
*
(Please type a command or say `\end')
*
(Please type a command or say `\end')
*
(Please type a command or say `\end')
*
(Please type a command or say `\end')
*
(Please type a command or say `\end')
*
(Please type a command or say `\end')
*
(Please type a command or say `\end')
*
(Please type a command or say `\end')
*
(Please type a command or say `\end')
*
(Please type a command or say `\end')
*
(Please type a command or say `\end')
*
(Please type a command or say `\end')
*
(Please type a command or say `\end')
*
(Please type a command or say `\end')
*
(Please type a command or say `\end')
*
(Please type a command or say `\end')
*
(Please type a command or say `\end')
*
(Please type a command or say `\end')
*
(Please type a command or say `\end')
*\end

*
Runaway